{"type":"FeatureCollection","features":[{"type":"Feature","properties":{"statefp":"01","stusps":"AL","name":"Alabama"},"geometry":{"type":"Polygon","coordinates":[[[-85.12733,31.76256],[-85.14193,31.78196],[-85.13223,31.79516],[-85.13193,31.82706],[-85.14183,31.83926],[-85.12843,31.87756],[-85.13413,31.89216],[-85.11203,31.89476],[-85.11313,31.91186],[-85.07893,31.94016],[-85.08673,31.95916],[-85.06783,31.96736],[-85.06733,31.99556],[-85.04882,32.0217],[-85.05883,32.04696],[-85.05581,32.07444],[-85.04476,32.08584],[-85.06191,32.13286],[-85.01127,32.18049],[-84.96373,32.19585],[-84.96463,32.20355],[-84.98023,32.20775],[-84.97333,32.21765],[-84.92823,32.21985],[-84.91273,32.24335],[-84.92443,32.25015],[-84.90723,32.24905],[-84.90119,32.25837],[-84.88825,32.25967],[-84.93465,32.29892],[-85.0064,32.32676],[-85.00458,32.3452],[-84.98387,32.36239],[-84.98532,32.37251],[-84.97215,32.37691],[-84.98841,32.38522],[-84.96873,32.39146],[-84.98095,32.40606],[-84.96303,32.42424],[-84.97183,32.44284],[-84.99533,32.45324],[-84.99653,32.50164],[-85.0071,32.52387],[-85.06754,32.57955],[-85.09089,32.62514],[-85.08312,32.63616],[-85.10009,32.63458],[-85.10453,32.64101],[-85.08848,32.65776],[-85.11704,32.69203],[-85.12274,32.71603],[-85.11333,32.73575],[-85.13314,32.74463],[-85.14299,32.75993],[-85.13669,32.77117],[-85.12233,32.77438],[-85.16805,32.81184],[-85.16834,32.82852],[-85.15401,32.84074],[-85.15629,32.85052],[-85.1844,32.86132],[-85.42947,34.1251],[-85.60516,34.98468],[-88.20296,35.00803],[-88.15241,34.91974],[-88.09789,34.8922],[-88.24303,33.79568],[-88.47323,31.89386],[-88.38443,30.15854],[-88.34772,30.19009],[-88.30302,30.17796],[-88.16202,30.20009],[-88.1285,30.17208],[-88.10342,30.16638],[-88.07487,30.14715],[-88.0461,30.14469],[-87.98741,30.17789],[-87.80715,30.17738],[-87.64782,30.19921],[-87.51835,30.22951],[-87.51838,30.2839],[-87.45238,30.3002],[-87.45008,30.3111],[-87.49998,30.3062],[-87.50257,30.3274],[-87.46108,30.3353],[-87.42958,30.4065],[-87.40298,30.4104],[-87.36694,30.44048],[-87.42508,30.4656],[-87.43558,30.4805],[-87.43098,30.49829],[-87.45037,30.51446],[-87.44912,30.5153],[-87.44452,30.51425],[-87.44798,30.52661],[-87.41792,30.56225],[-87.40759,30.60086],[-87.39491,30.61427],[-87.39434,30.64561],[-87.40647,30.67515],[-87.44957,30.69896],[-87.46809,30.70021],[-87.48128,30.717],[-87.50194,30.72127],[-87.52998,30.74095],[-87.54543,30.77939],[-87.61525,30.83421],[-87.63474,30.86561],[-87.59093,30.95351],[-87.59883,30.99745],[-85.99861,30.99287],[-85.0025,31.00069],[-85.00882,31.04557],[-85.02857,31.07458],[-85.03562,31.10819],[-85.05468,31.12082],[-85.07663,31.15693],[-85.10021,31.16549],[-85.09851,31.18015],[-85.10752,31.18645],[-85.09676,31.22565],[-85.1146,31.27733],[-85.08977,31.29503],[-85.0837,31.32385],[-85.09233,31.36405],[-85.07763,31.39888],[-85.07589,31.42493],[-85.06601,31.43053],[-85.07162,31.46838],[-85.04499,31.51823],[-85.0413,31.54099],[-85.05796,31.57084],[-85.05817,31.62023],[-85.08623,31.63857],[-85.07913,31.65477],[-85.12553,31.69496],[-85.11893,31.73266],[-85.12733,31.76256]]]}},{"type":"Feature","properties":{"statefp":"02","stusps":"AK","name":"Alaska"},"geometry":{"type":"MultiPolygon","coordinates":[[[[-179.23023,51.28393],[-179.22056,51.22799],[-179.20789,51.20272],[-179.18382,51.18378],[-179.13694,51.17509],[-179.0736,51.17904],[-179.02419,51.20983],[-178.97887,51.25525],[-178.9286,51.27044],[-178.89958,51.29338],[-178.84236,51.31554],[-178.82814,51.33503],[-178.82564,51.36754],[-178.83522,51.39082],[-178.87316,51.4248],[-178.92279,51.44702],[-178.99015,51.45683],[-179.03391,51.43886],[-179.09324,51.39094],[-179.1076,51.35368],[-179.15025,51.35064],[-179.19648,51.32982],[-179.22569,51.29927],[-179.23023,51.28393]]],[[[-178.95728,51.78081],[-178.94174,51.75336],[-178.86849,51.7117],[-178.82802,51.69478],[-178.79619,51.6934],[-178.7009,51.71655],[-178.66349,51.74737],[-178.64665,51.7994],[-178.69033,51.84954],[-178.71911,51.86526],[-178.77274,51.8853],[-178.83936,51.88833],[-178.91532,51.85809],[-178.93955,51.83361],[-178.95728,51.78081]]],[[[-177.55174,51.91553],[-177.54649,51.88938],[-177.53257,51.873],[-177.46896,51.83987],[-177.42981,51.8411],[-177.38086,51.85575],[-177.35236,51.87171],[-177.33258,51.90078],[-177.33927,51.92716],[-177.36469,51.95683],[-177.45955,51.98289],[-177.50914,51.96575],[-177.54292,51.93514],[-177.55174,51.91553]]],[[[-179.14111,51.53804],[-179.10253,51.51346],[-179.07106,51.5093],[-179.00236,51.52164],[-178.97105,51.53782],[-178.95031,51.56481],[-178.90027,51.52229],[-178.8689,51.51311],[-178.83642,51.49205],[-178.80019,51.48587],[-178.7148,51.49382],[-178.63642,51.5248],[-178.59656,51.51084],[-178.55019,51.50849],[-178.44062,51.55087],[-178.42668,51.56181],[-178.42168,51.58729],[-178.43612,51.60972],[-178.4704,51.62868],[-178.50447,51.63354],[-178.55931,51.65801],[-178.59298,51.65623],[-178.6343,51.66649],[-178.72589,51.65267],[-178.7683,51.61662],[-178.84458,51.63763],[-178.89076,51.62854],[-178.9341,51.60481],[-178.94861,51.58731],[-179.00082,51.63171],[-179.03879,51.64351],[-179.07828,51.64364],[-179.124,51.62627],[-179.14987,51.59537],[-179.14111,51.53804]]],[[[-178.43118,51.48913],[-178.4157,51.45542],[-178.38741,51.43682],[-178.30434,51.42135],[-178.21813,51.4315],[-178.19841,51.44366],[-178.18783,51.47264],[-178.20892,51.50923],[-178.23862,51.5299],[-178.27896,51.54199],[-178.39007,51.52917],[-178.42294,51.509],[-178.43118,51.48913]]],[[[-178.30705,51.85845],[-178.27247,51.82313],[-178.23349,51.8019],[-178.1603,51.7789],[-178.13205,51.75786],[-178.16448,51.74689],[-178.19234,51.72086],[-178.19225,51.70386],[-178.20598,51.67935],[-178.18937,51.63368],[-178.13177,51.60992],[-178.09023,51.60375],[-178.05071,51.57992],[-178.01082,51.57583],[-177.97129,51.5524],[-177.89936,51.54023],[-177.86005,51.5511],[-177.83053,51.57005],[-177.81787,51.59812],[-177.82491,51.63106],[-177.7834,51.64787],[-177.75195,51.63736],[-177.75027,51.62772],[-177.72771,51.61097],[-177.65769,51.59867],[-177.58116,51.61327],[-177.56273,51.62293],[-177.55379,51.63978],[-177.51286,51.63193],[-177.45203,51.64021],[-177.40298,51.67039],[-177.37229,51.64158],[-177.2811,51.62762],[-177.22864,51.63204],[-177.16302,51.65277],[-177.12686,51.65338],[-177.07999,51.67424],[-177.03409,51.73275],[-177.02762,51.76706],[-177.04028,51.80771],[-176.98368,51.83381],[-177.00416,51.78779],[-176.9943,51.76224],[-176.97022,51.7437],[-177.04544,51.69071],[-177.06375,51.66466],[-177.07433,51.62092],[-177.06866,51.5928],[-177.04256,51.5661],[-176.99803,51.54548],[-176.94279,51.53708],[-176.89399,51.54683],[-176.86215,51.57041],[-176.82972,51.55879],[-176.8014,51.55942],[-176.74732,51.57774],[-176.69873,51.57844],[-176.65124,51.60392],[-176.60153,51.61172],[-176.53977,51.64845],[-176.51526,51.64781],[-176.45655,51.67643],[-176.40314,51.68392],[-176.33896,51.67874],[-176.25519,51.69538],[-176.21134,51.73315],[-176.16302,51.71999],[-176.13321,51.72164],[-176.04184,51.75586],[-176.00264,51.74846],[-175.96472,51.75543],[-175.9266,51.77604],[-175.91304,51.80036],[-175.84976,51.7955],[-175.82711,51.80545],[-175.79864,51.83909],[-175.80594,51.86647],[-175.75256,51.86384],[-175.71194,51.87322],[-175.63593,51.91118],[-175.58538,51.90491],[-175.52568,51.91536],[-175.51308,51.92681],[-175.46995,51.92181],[-175.44624,51.9306],[-175.40998,51.93019],[-175.34872,51.96259],[-175.30686,51.95235],[-175.2371,51.96153],[-175.05636,51.94817],[-175.00033,51.9545],[-174.86931,51.98911],[-174.86126,51.98006],[-174.74507,51.95565],[-174.68794,51.95753],[-174.59428,51.97842],[-174.55066,51.96138],[-174.48089,51.95251],[-174.4425,51.96388],[-174.37857,51.96853],[-174.3504,51.98034],[-174.32333,52.01017],[-174.31398,52.03623],[-174.27716,52.04541],[-174.25033,52.03933],[-174.18114,52.04739],[-174.15099,52.04322],[-174.04987,52.05525],[-173.97069,52.01424],[-173.85396,51.99127],[-173.81523,51.98982],[-173.77367,52.00289],[-173.73488,51.99889],[-173.71004,52.00685],[-173.63787,52.00367],[-173.61742,52.00096],[-173.58492,51.98247],[-173.5186,51.97166],[-173.42787,51.98488],[-173.35668,51.98083],[-173.30453,52.00543],[-173.24318,52.00941],[-173.22487,51.97461],[-173.17607,51.94889],[-173.15126,51.94715],[-173.10323,51.95948],[-173.08517,51.97494],[-173.08027,52.01859],[-173.07,52.026],[-173.00328,52.02799],[-172.94976,52.01916],[-172.92306,52.02417],[-172.83923,52.07157],[-172.81992,52.10498],[-172.8425,52.13636],[-172.89487,52.15551],[-172.92518,52.15522],[-172.94368,52.14659],[-173.15152,52.1616],[-173.22407,52.15568],[-173.28316,52.16127],[-173.30977,52.15501],[-173.34298,52.16653],[-173.44077,52.16877],[-173.45571,52.19169],[-173.47899,52.20711],[-173.50631,52.21315],[-173.56514,52.20367],[-173.60168,52.21254],[-173.73211,52.18326],[-173.78507,52.18556],[-173.87182,52.2029],[-173.9364,52.18457],[-173.99048,52.18315],[-173.9805,52.21163],[-173.90464,52.29367],[-173.90284,52.31924],[-173.92179,52.34746],[-173.92292,52.37807],[-173.94023,52.39626],[-173.98595,52.41212],[-173.99541,52.42432],[-174.03087,52.43939],[-174.0654,52.44265],[-174.11059,52.46833],[-174.15786,52.47303],[-174.245,52.45485],[-174.31274,52.45672],[-174.39077,52.40992],[-174.4107,52.37644],[-174.49471,52.36696],[-174.52487,52.34817],[-174.53765,52.31704],[-174.51781,52.2845],[-174.4944,52.26534],[-174.52459,52.26763],[-174.55349,52.2595],[-174.589,52.22873],[-174.61776,52.23338],[-174.66851,52.22521],[-174.69613,52.20937],[-174.73156,52.17145],[-174.79471,52.15022],[-174.82712,52.15982],[-174.84985,52.15544],[-174.86609,52.16564],[-174.92524,52.16392],[-174.96454,52.15433],[-174.99322,52.13642],[-175.05943,52.13662],[-175.10237,52.10863],[-175.15513,52.10946],[-175.23163,52.0902],[-175.29662,52.08883],[-175.38433,52.0633],[-175.41243,52.03599],[-175.47036,52.04284],[-175.54914,52.00989],[-175.71321,52.02631],[-175.73933,52.02131],[-175.77824,52.04013],[-175.80646,52.04368],[-175.83029,52.0854],[-175.85366,52.09653],[-175.92777,52.09108],[-175.93533,52.10492],[-175.96686,52.12143],[-175.97709,52.14129],[-175.99192,52.14968],[-176.03989,52.16221],[-176.0806,52.15905],[-176.14838,52.17147],[-176.22444,52.15313],[-176.28538,52.09409],[-176.29142,52.05336],[-176.28108,52.04337],[-176.26554,51.98733],[-176.24713,51.96534],[-176.25198,51.94833],[-176.24287,51.92675],[-176.26931,51.91897],[-176.32599,51.92238],[-176.45277,51.90794],[-176.44895,51.93332],[-176.47291,51.96357],[-176.46956,51.98123],[-176.48848,52.02605],[-176.54119,52.05089],[-176.60128,52.05657],[-176.66192,52.0401],[-176.69149,52.01773],[-176.73863,52.02081],[-176.82701,52.00914],[-176.84782,51.99552],[-176.87553,51.95968],[-176.9102,51.88964],[-176.91887,51.88214],[-176.9387,51.88276],[-176.97099,51.86112],[-176.97005,51.92451],[-177.0169,51.96504],[-177.1489,51.99841],[-177.20621,51.99312],[-177.26746,51.95964],[-177.28436,51.91316],[-177.28289,51.86308],[-177.2983,51.85622],[-177.3089,51.8368],[-177.40622,51.83624],[-177.4457,51.80949],[-177.54205,51.78828],[-177.5643,51.79599],[-177.53827,51.82094],[-177.54201,51.83319],[-177.53226,51.85511],[-177.53837,51.87314],[-177.56776,51.89725],[-177.61491,51.90501],[-177.73543,51.88842],[-177.77343,51.89572],[-177.81193,51.89078],[-177.82681,51.89642],[-177.84671,51.92249],[-177.86553,51.92578],[-177.88993,51.95258],[-177.947,51.97132],[-178.00225,51.96568],[-178.03243,51.97266],[-178.06496,51.96478],[-178.10724,51.97651],[-178.22844,51.95688],[-178.25841,51.94214],[-178.29885,51.90371],[-178.30705,51.85845]]],[[[-175.60976,52.18301],[-175.59865,52.14669],[-175.56126,52.12258],[-175.51236,52.10738],[-175.47248,52.11314],[-175.43701,52.13281],[-175.40427,52.17164],[-175.40374,52.182],[-175.41071,52.19678],[-175.43681,52.21705],[-175.49205,52.23758],[-175.53279,52.23661],[-175.5793,52.22025],[-175.60402,52.19869],[-175.60976,52.18301]]],[[[-171.3933,52.48085],[-171.38663,52.44859],[-171.35835,52.41255],[-171.29431,52.39313],[-171.20626,52.39889],[-171.1365,52.44567],[-171.11486,52.48277],[-171.11184,52.50756],[-171.04952,52.53104],[-171.03356,52.54852],[-171.02011,52.59678],[-171.03115,52.61007],[-171.06974,52.62706],[-171.14023,52.63963],[-171.17916,52.63866],[-171.20594,52.62493],[-171.24856,52.58086],[-171.31242,52.57075],[-171.37443,52.53712],[-171.3933,52.48085]]],[[[-172.72069,52.26437],[-172.70751,52.23423],[-172.67601,52.21058],[-172.61617,52.1991],[-172.5106,52.19995],[-172.4272,52.22542],[-172.37792,52.22836],[-172.335,52.2523],[-172.28771,52.26565],[-172.22844,52.29619],[-172.21071,52.31627],[-172.21053,52.32712],[-172.23129,52.37993],[-172.27453,52.40576],[-172.33237,52.41992],[-172.37949,52.44128],[-172.44831,52.4431],[-172.63324,52.38787],[-172.70129,52.31463],[-172.71435,52.29476],[-172.7126,52.2763],[-172.72069,52.26437]]],[[[-175.22482,52.23297],[-175.20531,52.19124],[-175.15254,52.16299],[-175.07869,52.17718],[-175.03633,52.21764],[-175.03653,52.22902],[-175.05358,52.25131],[-175.11981,52.28055],[-175.20465,52.25912],[-175.22482,52.23297]]],[[[-163.01369,54.38509],[-163.00475,54.35158],[-162.98327,54.33778],[-162.95263,54.32573],[-162.92199,54.32602],[-162.87517,54.33902],[-162.77997,54.29321],[-162.7682,54.27044],[-162.74659,54.25265],[-162.70008,54.23797],[-162.62336,54.25252],[-162.59184,54.244],[-162.54694,54.24802],[-162.52659,54.25798],[-162.49229,54.29383],[-162.42936,54.29851],[-162.35896,54.32852],[-162.2822,54.33096],[-162.25016,54.34674],[-162.23838,54.36992],[-162.24821,54.39926],[-162.35435,54.45669],[-162.39561,54.46426],[-162.41167,54.45913],[-162.44194,54.47534],[-162.50572,54.47802],[-162.58269,54.50577],[-162.61057,54.50042],[-162.69158,54.52639],[-162.73309,54.52659],[-162.86063,54.55431],[-162.90683,54.544],[-162.93884,54.52114],[-162.94482,54.50538],[-162.93558,54.47772],[-162.96459,54.44625],[-162.95988,54.42802],[-162.99505,54.41479],[-163.01369,54.38509]]],[[[-159.91034,54.81417],[-159.89962,54.79431],[-159.83508,54.74546],[-159.7654,54.73977],[-159.68858,54.7656],[-159.65243,54.71778],[-159.54787,54.6993],[-159.46929,54.72097],[-159.44287,54.7384],[-159.41644,54.782],[-159.41677,54.7922],[-159.44065,54.81754],[-159.4976,54.85546],[-159.55612,54.88026],[-159.6019,54.88189],[-159.6363,54.8718],[-159.72929,54.89416],[-159.85464,54.8644],[-159.88583,54.84719],[-159.91034,54.81417]]],[[[-161.19453,55.159],[-161.16606,55.12213],[-161.09566,55.10345],[-161.01997,55.12924],[-161.00542,55.16347],[-161.04386,55.20109],[-161.10906,55.208],[-161.14891,55.20101],[-161.17501,55.18438],[-161.19453,55.159]]],[[[-162.81901,54.81116],[-162.80259,54.77582],[-162.74018,54.7531],[-162.6778,54.76272],[-162.64405,54.7891],[-162.63718,54.80479],[-162.67295,54.84344],[-162.72517,54.85739],[-162.76939,54.85336],[-162.80696,54.82952],[-162.81901,54.81116]]],[[[-163.27089,55.43172],[-163.26237,55.3942],[-163.24705,55.3745],[-163.19627,55.35078],[-163.15394,55.34312],[-163.07096,55.36133],[-163.04921,55.38195],[-163.02794,55.42083],[-163.03316,55.44277],[-163.07601,55.48869],[-163.13653,55.52502],[-163.17388,55.53212],[-163.23229,55.52172],[-163.26,55.50623],[-163.2715,55.47702],[-163.25213,55.45382],[-163.27089,55.43172]]],[[[-165.96109,53.91624],[-165.88688,53.97026],[-165.82807,53.97823],[-165.78897,54.01624],[-165.75011,54.01661],[-165.70267,54.03414],[-165.65717,54.03634],[-165.63229,53.99756],[-165.60671,53.97684],[-165.56324,53.96728],[-165.46862,53.9864],[-165.40307,54.01714],[-165.38097,54.01644],[-165.30288,53.98074],[-165.26963,53.98073],[-165.18446,54.01701],[-165.02726,54.01294],[-164.9228,54.02848],[-164.88105,54.04343],[-164.86556,54.07529],[-164.84119,54.09024],[-164.82194,54.13081],[-164.77619,54.13585],[-164.75396,54.15489],[-164.71448,54.16612],[-164.69206,54.18218],[-164.68238,54.20186],[-164.68064,54.23217],[-164.68776,54.25012],[-164.70891,54.26402],[-164.80537,54.28239],[-164.91124,54.25469],[-164.9662,54.22643],[-164.97497,54.21488],[-165.03151,54.20888],[-165.06687,54.18009],[-165.15026,54.18052],[-165.24382,54.15929],[-165.27117,54.14413],[-165.32097,54.14453],[-165.24282,54.17787],[-165.23204,54.1957],[-165.23207,54.21652],[-165.26302,54.23654],[-165.34518,54.25103],[-165.38848,54.28813],[-165.40677,54.32668],[-165.43133,54.34069],[-165.49896,54.34912],[-165.57869,54.34144],[-165.65555,54.34705],[-165.69617,54.33223],[-165.72516,54.30627],[-165.76731,54.25523],[-165.769,54.23918],[-165.93722,54.27699],[-166.03394,54.26095],[-166.13754,54.21425],[-166.16512,54.19509],[-166.20243,54.11982],[-166.19901,54.10351],[-166.17225,54.07519],[-166.14053,54.05713],[-166.14083,54.04693],[-166.20807,54.04797],[-166.24322,54.03023],[-166.28641,54.03373],[-166.30507,54.05106],[-166.35444,54.06111],[-166.51115,54.05779],[-166.75581,54.06882],[-166.78519,54.06598],[-166.8202,54.04804],[-166.91041,54.04002],[-166.93653,54.02716],[-167.05399,54.00861],[-167.07664,53.99832],[-167.0957,53.97585],[-167.16074,53.9539],[-167.17417,53.93212],[-167.1763,53.91185],[-167.23008,53.88825],[-167.24289,53.85467],[-167.23407,53.81424],[-167.16488,53.77384],[-167.1382,53.70942],[-167.15392,53.69362],[-167.15568,53.67834],[-167.21523,53.6582],[-167.24438,53.62942],[-167.24703,53.61469],[-167.23038,53.56673],[-167.29628,53.53973],[-167.36047,53.54007],[-167.41183,53.51533],[-167.42239,53.49813],[-167.50266,53.49532],[-167.5552,53.46542],[-167.60802,53.45806],[-167.64812,53.44209],[-167.72772,53.43403],[-167.75243,53.42151],[-167.76123,53.43161],[-167.71054,53.47312],[-167.69599,53.51461],[-167.71823,53.54862],[-167.76231,53.56802],[-167.87504,53.56905],[-167.94835,53.61039],[-168.04033,53.61028],[-168.08034,53.62049],[-168.28401,53.57114],[-168.30913,53.55561],[-168.31817,53.5395],[-168.41526,53.50945],[-168.42524,53.48631],[-168.47667,53.4506],[-168.49636,53.42108],[-168.4776,53.37869],[-168.5043,53.36289],[-168.66687,53.31522],[-168.68934,53.30327],[-168.69905,53.28037],[-168.7398,53.27148],[-168.81943,53.22168],[-168.85945,53.18815],[-168.88307,53.15017],[-168.8907,53.10855],[-168.87278,53.08172],[-168.96535,53.05075],[-168.99947,53.01061],[-169.00009,52.9828],[-169.06573,52.98129],[-169.10941,52.95839],[-169.19713,52.96488],[-169.23388,52.9459],[-169.25885,52.91328],[-169.25542,52.8845],[-169.22676,52.86118],[-169.18821,52.85067],[-169.29427,52.81163],[-169.32055,52.78372],[-169.32659,52.75354],[-169.31072,52.73285],[-169.26762,52.71628],[-169.22806,52.71461],[-169.18884,52.7247],[-169.14073,52.74101],[-169.07939,52.77797],[-169.00622,52.78556],[-168.97766,52.80563],[-168.87516,52.83062],[-168.82705,52.85839],[-168.743,52.85473],[-168.68999,52.87574],[-168.67583,52.89476],[-168.60969,52.91573],[-168.60442,52.93541],[-168.55711,52.95822],[-168.52203,52.93373],[-168.47627,52.91948],[-168.40268,52.92925],[-168.33715,52.95692],[-168.31484,52.98215],[-168.31927,53.00924],[-168.34088,53.03005],[-168.32049,53.05007],[-168.32217,53.06864],[-168.33399,53.08319],[-168.30249,53.09615],[-168.25771,53.14189],[-168.21633,53.14137],[-168.1699,53.15859],[-168.15107,53.19051],[-168.15696,53.20431],[-168.13216,53.21928],[-168.06894,53.2297],[-168.04405,53.24419],[-168.01052,53.22027],[-167.87079,53.20593],[-167.76844,53.18201],[-167.66928,53.17205],[-167.59251,53.17405],[-167.52214,53.18601],[-167.44858,53.21392],[-167.40418,53.258],[-167.36438,53.27651],[-167.32817,53.27159],[-167.25514,53.28733],[-167.22573,53.31083],[-167.21988,53.32551],[-167.10676,53.36699],[-167.05503,53.37242],[-167.03626,53.38176],[-166.98956,53.37325],[-166.92736,53.38513],[-166.8829,53.37757],[-166.80353,53.38155],[-166.70179,53.40203],[-166.58922,53.45716],[-166.58118,53.47254],[-166.52229,53.49329],[-166.37866,53.60214],[-166.17494,53.65978],[-166.09862,53.69965],[-166.08152,53.72546],[-166.04623,53.74584],[-165.97636,53.77106],[-165.93034,53.81887],[-165.92267,53.84596],[-165.96109,53.91624]]],[[[-170.92604,52.55864],[-170.91292,52.53029],[-170.88759,52.51383],[-170.84843,52.50517],[-170.82832,52.49193],[-170.76383,52.48981],[-170.67443,52.53988],[-170.57568,52.55487],[-170.53613,52.57385],[-170.47402,52.63839],[-170.47471,52.6738],[-170.50831,52.72116],[-170.52632,52.72921],[-170.6304,52.75159],[-170.68045,52.74959],[-170.77039,52.72109],[-170.81875,52.68848],[-170.86545,52.66906],[-170.88891,52.64927],[-170.92604,52.55864]]],[[[-170.27299,52.74851],[-170.26359,52.69732],[-170.25006,52.68109],[-170.17375,52.66289],[-170.08658,52.66262],[-170.0484,52.67062],[-170.01931,52.68237],[-169.9818,52.71202],[-169.97555,52.73812],[-169.90385,52.74057],[-169.84875,52.76311],[-169.82032,52.75943],[-169.78499,52.73673],[-169.73804,52.72099],[-169.70306,52.7161],[-169.65972,52.72623],[-169.62746,52.75068],[-169.61879,52.78064],[-169.58861,52.80056],[-169.59339,52.88952],[-169.61564,52.90333],[-169.61488,52.91208],[-169.63361,52.92906],[-169.58037,52.98239],[-169.57511,53.00177],[-169.58064,53.03216],[-169.61407,53.06981],[-169.66423,53.08568],[-169.70064,53.11645],[-169.75915,53.13405],[-169.81409,53.12664],[-169.86075,53.10501],[-169.87296,53.08919],[-169.88343,53.05145],[-169.86508,53.02437],[-169.83295,53.00997],[-169.84289,52.96952],[-169.81775,52.93735],[-169.88549,52.93258],[-169.90816,52.92255],[-169.91049,52.93521],[-169.92975,52.95158],[-169.96342,52.96322],[-170.04611,52.97312],[-170.11652,52.96313],[-170.17689,52.93514],[-170.19859,52.91643],[-170.20338,52.89765],[-170.19013,52.86283],[-170.15279,52.83582],[-170.20676,52.82276],[-170.26728,52.76425],[-170.27299,52.74851]]],[[[-168.13502,53.95146],[-168.13249,53.92742],[-168.11637,53.90551],[-168.08304,53.88296],[-168.05533,53.87634],[-168.02294,53.87492],[-167.98406,53.8865],[-167.96319,53.90134],[-167.95345,53.92116],[-167.95904,53.9637],[-167.99359,53.99042],[-168.08296,53.99244],[-168.11097,53.98156],[-168.13502,53.95146]]],[[[-170.52271,57.19337],[-170.5108,57.17426],[-170.51947,57.16218],[-170.49526,57.12831],[-170.47066,57.11365],[-170.4148,57.10473],[-170.44267,57.10226],[-170.49204,57.08018],[-170.50837,57.06237],[-170.50198,57.03318],[-170.4783,57.0072],[-170.44414,56.99613],[-170.39946,56.99577],[-170.35413,57.00232],[-170.3061,57.02952],[-170.30537,57.05674],[-170.25892,57.06213],[-170.22325,57.0766],[-170.11178,57.13671],[-170.07831,57.16946],[-170.0808,57.19227],[-170.02978,57.22086],[-170.01236,57.25409],[-170.01651,57.26658],[-170.06538,57.29793],[-170.15889,57.30437],[-170.19102,57.29735],[-170.22293,57.27516],[-170.2617,57.26413],[-170.33446,57.27237],[-170.43819,57.25488],[-170.49009,57.22554],[-170.52271,57.19337]]],[[[-169.88024,56.60203],[-169.86824,56.58703],[-169.80478,56.54737],[-169.76373,56.54072],[-169.72752,56.51464],[-169.67609,56.49623],[-169.58126,56.48323],[-169.52664,56.49298],[-169.47941,56.52685],[-169.42047,56.54926],[-169.37754,56.58773],[-169.38225,56.61475],[-169.40164,56.63655],[-169.43867,56.6537],[-169.50926,56.66747],[-169.62191,56.66134],[-169.80253,56.67397],[-169.82938,56.66982],[-169.86255,56.652],[-169.88024,56.60203]]],[[[-167.55823,60.22436],[-167.5603,60.20596],[-167.53635,60.17824],[-167.51696,60.17284],[-167.50544,60.15697],[-167.47324,60.1489],[-167.46458,60.12465],[-167.43645,60.10876],[-167.44297,60.09545],[-167.44077,60.05646],[-167.43483,60.04566],[-167.40082,60.02612],[-167.32415,60.01846],[-167.29341,59.99919],[-167.22273,59.99385],[-167.13784,59.94403],[-167.04204,59.93576],[-166.94062,59.91191],[-166.86813,59.88126],[-166.8289,59.85233],[-166.73678,59.8383],[-166.65434,59.80239],[-166.56422,59.79611],[-166.42967,59.80164],[-166.3664,59.77966],[-166.32185,59.77314],[-166.24211,59.7171],[-166.17695,59.69982],[-166.09972,59.69405],[-166.01245,59.70538],[-165.96482,59.72297],[-165.82486,59.80675],[-165.77327,59.82046],[-165.73902,59.84135],[-165.65782,59.83626],[-165.49547,59.87018],[-165.46091,59.895],[-165.43913,59.93604],[-165.40254,59.96786],[-165.45188,59.99042],[-165.47968,60.02161],[-165.53937,60.03498],[-165.55338,60.05416],[-165.56662,60.05873],[-165.57317,60.07506],[-165.55746,60.09919],[-165.56397,60.11266],[-165.55968,60.13333],[-165.57716,60.15078],[-165.57623,60.16571],[-165.5885,60.17888],[-165.57037,60.19785],[-165.5666,60.21565],[-165.5883,60.24141],[-165.57071,60.25896],[-165.57438,60.2733],[-165.56152,60.30173],[-165.58619,60.32978],[-165.61705,60.3449],[-165.64948,60.34882],[-165.64739,60.36231],[-165.67148,60.38346],[-165.73846,60.40561],[-165.78247,60.40487],[-165.82845,60.39005],[-165.89938,60.4032],[-165.9495,60.39378],[-165.98137,60.37409],[-166.00953,60.3877],[-165.99831,60.4004],[-165.99977,60.41128],[-166.05419,60.46949],[-166.15243,60.51075],[-166.20859,60.50519],[-166.24933,60.49113],[-166.27093,60.47862],[-166.27633,60.45161],[-166.31645,60.43897],[-166.34982,60.41774],[-166.40287,60.42619],[-166.44362,60.44448],[-166.50579,60.44764],[-166.62012,60.41295],[-166.66631,60.38578],[-166.73934,60.38786],[-166.7633,60.38128],[-166.8126,60.35058],[-166.87341,60.3312],[-166.88595,60.31755],[-166.91872,60.30453],[-166.94378,60.2781],[-167.01807,60.26624],[-167.10258,60.29004],[-167.15346,60.28243],[-167.30983,60.29072],[-167.4377,60.26285],[-167.50807,60.26311],[-167.54049,60.24935],[-167.55823,60.22436]]],[[[-170.0505,57.18688],[-170.04401,57.16505],[-170.02246,57.14433],[-169.96898,57.12798],[-169.88687,57.14544],[-169.84903,57.17616],[-169.84769,57.1849],[-169.87123,57.22154],[-169.93999,57.23894],[-170.00798,57.2253],[-170.04222,57.20505],[-170.0505,57.18688]]],[[[-172.88569,60.2088],[-172.89036,60.18212],[-172.88102,60.16878],[-172.84832,60.14878],[-172.79954,60.1388],[-172.69419,60.15461],[-172.63432,60.20074],[-172.64922,60.23689],[-172.69857,60.25837],[-172.73155,60.26216],[-172.79694,60.24882],[-172.88569,60.2088]]],[[[-173.23223,60.65434],[-173.23223,60.63683],[-173.14022,60.57553],[-173.15402,60.56459],[-173.16322,60.53832],[-173.15646,60.52214],[-173.17052,60.49648],[-173.15827,60.46749],[-173.14487,60.4571],[-173.06739,60.43991],[-172.93145,60.38968],[-172.92536,60.35258],[-172.87777,60.32631],[-172.80238,60.31865],[-172.71537,60.29622],[-172.65248,60.26975],[-172.59613,60.25862],[-172.40753,60.27876],[-172.3884,60.2755],[-172.37919,60.26071],[-172.36158,60.25201],[-172.29551,60.23883],[-172.18949,60.25082],[-172.14352,60.27145],[-172.10877,60.30343],[-172.10909,60.31401],[-172.14504,60.34015],[-172.2601,60.37957],[-172.34754,60.42775],[-172.39357,60.43651],[-172.53002,60.43574],[-172.68784,60.48012],[-172.76026,60.51418],[-172.81533,60.55785],[-172.81504,60.60254],[-172.82884,60.62225],[-172.86104,60.63757],[-172.94385,60.6507],[-172.96225,60.70981],[-173.01247,60.74037],[-173.10041,60.74517],[-173.15863,60.72877],[-173.19083,60.70688],[-173.19083,60.68937],[-173.21843,60.67623],[-173.23223,60.65434]]],[[[-171.96532,63.47287],[-171.94423,63.45471],[-171.93111,63.42563],[-171.90661,63.39862],[-171.83924,63.34268],[-171.77228,63.31533],[-171.65155,63.29104],[-171.59455,63.26955],[-171.53356,63.26664],[-171.48193,63.25453],[-171.39889,63.25764],[-171.32623,63.2827],[-171.2514,63.29257],[-171.1913,63.32469],[-171.16605,63.34816],[-171.12787,63.3502],[-171.04838,63.37369],[-170.90825,63.36995],[-170.59689,63.31162],[-170.51528,63.28791],[-170.43908,63.2516],[-170.38345,63.21075],[-170.40088,63.19367],[-170.40046,63.18223],[-170.35942,63.14774],[-170.32802,63.13872],[-170.17673,63.12534],[-170.11542,63.12725],[-169.90141,63.03737],[-169.88378,63.02007],[-169.87773,62.99714],[-169.86326,62.98014],[-169.8646,62.9447],[-169.83895,62.92589],[-169.72789,62.89633],[-169.6388,62.88491],[-169.59104,62.88787],[-169.5521,62.90291],[-169.52534,62.92466],[-169.46155,62.93284],[-169.43632,62.94744],[-169.41986,62.97386],[-169.45108,63.03855],[-169.36797,63.06108],[-169.28233,63.1144],[-169.26379,63.11847],[-169.14255,63.1278],[-169.02779,63.12453],[-168.92278,63.09957],[-168.94661,63.07445],[-168.9487,63.06247],[-168.94036,63.04633],[-168.91749,63.03112],[-168.83733,63.01617],[-168.76409,63.02762],[-168.70073,63.05692],[-168.68279,63.08467],[-168.69666,63.10922],[-168.73346,63.13155],[-168.60926,63.22936],[-168.60428,63.25159],[-168.58669,63.27247],[-168.57862,63.30867],[-168.58772,63.32523],[-168.60836,63.33505],[-168.7047,63.35471],[-169.035,63.38745],[-169.23455,63.39073],[-169.45554,63.41502],[-169.4838,63.43563],[-169.60228,63.48063],[-169.79299,63.49074],[-169.9266,63.52674],[-169.98563,63.62296],[-170.16807,63.71989],[-170.29685,63.75557],[-170.50403,63.7534],[-170.61993,63.72346],[-170.6567,63.72355],[-170.95916,63.62589],[-171.25132,63.66744],[-171.5356,63.72187],[-171.52068,63.75024],[-171.52703,63.77652],[-171.54883,63.80046],[-171.6175,63.83364],[-171.67473,63.84368],[-171.71467,63.83606],[-171.77637,63.83772],[-171.84598,63.79987],[-171.85593,63.78567],[-171.84031,63.76939],[-171.83533,63.74336],[-171.86517,63.7055],[-171.8602,63.67474],[-171.89003,63.65581],[-171.90495,63.63924],[-171.90992,63.61795],[-171.92484,63.61085],[-171.94473,63.57062],[-171.96532,63.47287]]],[[[-168.9719,65.68877],[-168.88093,65.68579],[-168.78549,65.71632],[-168.76735,65.73075],[-168.76247,65.75117],[-168.78088,65.76447],[-168.78706,65.78462],[-168.83571,65.81068],[-168.89278,65.82135],[-168.95078,65.81883],[-168.97103,65.81464],[-168.9719,65.68877]]],[[[-168.86923,65.62085],[-168.86592,65.60692],[-168.84606,65.59251],[-168.7661,65.57148],[-168.67347,65.58417],[-168.63368,65.60136],[-168.62681,65.61237],[-168.63791,65.63986],[-168.66603,65.65983],[-168.73493,65.6743],[-168.82007,65.66519],[-168.85674,65.6406],[-168.86923,65.62085]]],[[[-168.21396,64.98432],[-168.21011,64.95137],[-168.18704,64.9349],[-168.09088,64.91111],[-168.03703,64.90928],[-167.97615,64.92287],[-167.95309,64.93299],[-167.91383,64.96994],[-167.9243,65.00273],[-167.95308,65.02348],[-168.00487,65.0389],[-168.07611,65.04329],[-168.16909,65.02407],[-168.20791,65.00329],[-168.21396,64.98432]]],[[[-132.65246,57.60736],[-132.75681,57.70509],[-132.86932,57.84294],[-133.07642,57.99976],[-133.17694,58.15057],[-133.17231,58.15368],[-133.34543,58.27633],[-133.4615,58.38772],[-133.3773,58.43055],[-133.55781,58.52313],[-133.70712,58.61227],[-133.84051,58.72944],[-134.25807,58.86104],[-134.33646,58.92341],[-134.31373,58.96222],[-134.40715,58.97921],[-134.38188,59.03876],[-134.44712,59.08922],[-134.4834,59.1316],[-134.56557,59.13112],[-134.67912,59.19228],[-134.70072,59.24901],[-134.9599,59.28093],[-135.03053,59.34635],[-134.98974,59.38713],[-135.10102,59.42753],[-135.07728,59.45177],[-135.02756,59.47474],[-135.0289,59.56366],[-135.11783,59.62307],[-135.15759,59.62572],[-135.21984,59.66278],[-135.23367,59.69614],[-135.36011,59.73761],[-135.47916,59.79804],[-135.95264,59.66217],[-136.1929,59.64003],[-136.35394,59.59983],[-136.23983,59.55941],[-136.2385,59.52433],[-136.30502,59.46452],[-136.36251,59.45037],[-136.47716,59.46582],[-136.46925,59.28408],[-136.49576,59.27513],[-136.4884,59.25929],[-136.58152,59.16491],[-136.82663,59.15839],[-136.8639,59.13847],[-137.26475,59.00235],[-137.44738,58.90951],[-137.52642,58.90683],[-137.5,58.98539],[-137.54213,59.10643],[-137.60736,59.2438],[-138.6262,59.76858],[-138.66865,59.80966],[-138.70738,59.90633],[-139.05367,59.99484],[-139.19885,60.0883],[-139.07213,60.31943],[-139.07482,60.35251],[-139.69298,60.33522],[-139.98109,60.18197],[-140.45821,60.30808],[-140.52042,60.21982],[-141.00198,60.30637],[-141.00278,69.70365],[-141.13359,69.72535],[-141.3779,69.74415],[-141.59145,69.81458],[-142.05781,69.90335],[-142.30759,69.97572],[-142.34951,69.99447],[-142.42516,70.01146],[-142.48027,70.03391],[-142.7063,70.0882],[-143.02793,70.15119],[-143.10439,70.16918],[-143.14145,70.1876],[-143.22643,70.202],[-143.36079,70.19632],[-143.41145,70.18357],[-143.57566,70.19943],[-143.83062,70.17034],[-143.94058,70.16969],[-144.01159,70.15671],[-144.05686,70.13866],[-144.14308,70.13187],[-144.36696,70.09228],[-144.43397,70.09273],[-144.5291,70.07906],[-144.68147,70.01577],[-144.84334,70.03958],[-144.92655,70.04002],[-144.98609,70.07031],[-145.06498,70.08761],[-145.27936,70.08896],[-145.33551,70.09871],[-145.45012,70.13316],[-145.56455,70.14455],[-145.74185,70.19924],[-145.98178,70.24231],[-146.20606,70.25469],[-146.24918,70.26734],[-146.37792,70.28375],[-146.70896,70.28243],[-146.74647,70.29187],[-146.77788,70.31574],[-146.92652,70.35078],[-147.09641,70.35861],[-147.17191,70.35016],[-147.18262,70.36975],[-147.22594,70.38899],[-147.32835,70.40743],[-147.37252,70.43054],[-147.45516,70.44571],[-147.56243,70.44659],[-147.61127,70.43648],[-147.65248,70.4597],[-147.77944,70.47187],[-147.77847,70.49166],[-147.81853,70.52002],[-147.89963,70.5421],[-148.0035,70.54558],[-148.05196,70.53883],[-148.09962,70.524],[-148.12693,70.50135],[-148.16907,70.51774],[-148.21042,70.51825],[-148.23389,70.52891],[-148.29251,70.53746],[-148.4213,70.53286],[-148.50275,70.50432],[-148.51494,70.48972],[-148.51548,70.47747],[-148.48701,70.45332],[-148.54887,70.47297],[-148.65177,70.47817],[-148.71181,70.50767],[-148.78726,70.52538],[-148.97494,70.53371],[-149.09048,70.56542],[-149.40735,70.60383],[-149.71913,70.62194],[-149.79595,70.61187],[-149.92951,70.61476],[-149.9934,70.6042],[-150.03353,70.5877],[-150.11787,70.60618],[-150.24271,70.60434],[-150.32321,70.57856],[-150.34524,70.55323],[-150.43534,70.55785],[-150.5008,70.54885],[-150.60152,70.55129],[-150.65233,70.54485],[-150.79515,70.54836],[-150.87115,70.53553],[-150.92972,70.51429],[-151.04464,70.49762],[-151.18984,70.49292],[-151.31498,70.46343],[-151.54889,70.49108],[-151.54772,70.50412],[-151.50333,70.53602],[-151.51678,70.57135],[-151.61274,70.5936],[-152.04636,70.81316],[-152.05815,70.84117],[-152.15185,70.87513],[-152.50976,70.93473],[-152.67991,70.93458],[-152.81685,70.96052],[-152.93899,70.96112],[-153.00011,70.96988],[-153.27431,70.97096],[-153.5124,70.93594],[-153.74238,70.94505],[-153.89918,70.93622],[-154.43768,71.02355],[-154.49879,71.05537],[-154.62627,71.10072],[-154.82132,71.15896],[-155.00332,71.20008],[-155.14647,71.22348],[-155.30018,71.23526],[-155.45887,71.26859],[-155.65794,71.28704],[-155.75621,71.28338],[-155.82736,71.32869],[-155.92643,71.35769],[-156.29468,71.40851],[-156.40063,71.43541],[-156.48772,71.43979],[-156.58225,71.42767],[-156.64226,71.39614],[-156.76087,71.37288],[-156.94083,71.3112],[-157.23958,71.1571],[-157.34829,71.08798],[-157.53242,71.00755],[-157.81524,70.92727],[-157.93147,70.90215],[-158.17146,70.87105],[-158.33354,70.87203],[-158.55272,70.90283],[-158.62077,70.94557],[-158.734,70.96312],[-158.90501,70.95537],[-159.23844,70.92028],[-159.59754,70.86472],[-159.75547,70.83053],[-159.87941,70.77718],[-160.04237,70.71986],[-160.41422,70.5613],[-160.66515,70.47644],[-160.90786,70.41574],[-161.31513,70.34726],[-161.50495,70.35073],[-161.87022,70.38278],[-161.94866,70.37474],[-162.46522,70.21724],[-162.6059,70.14685],[-162.81882,69.99903],[-163.13356,69.8387],[-163.20628,69.75703],[-163.28777,69.63238],[-163.28959,69.43036],[-163.33319,69.35932],[-163.38059,69.32022],[-163.57189,69.22315],[-163.6508,69.16869],[-163.79234,69.10802],[-163.93307,69.06982],[-164.02036,69.03315],[-164.27938,68.97962],[-164.63867,68.96644],[-165.35705,68.90894],[-165.62086,68.90371],[-166.20015,68.93382],[-166.27833,68.92707],[-166.34743,68.90039],[-166.36612,68.86888],[-166.32731,68.78176],[-166.34128,68.71305],[-166.3333,68.69613],[-166.37124,68.6513],[-166.36147,68.63459],[-166.36766,68.57499],[-166.43491,68.53064],[-166.44393,68.47849],[-166.45784,68.46613],[-166.50287,68.45611],[-166.84998,68.40164],[-166.91291,68.38533],[-166.97157,68.35606],[-166.97211,68.32245],[-166.94204,68.30259],[-166.86059,68.28748],[-166.75963,68.29456],[-166.65198,68.28832],[-166.36478,68.24426],[-166.2853,68.22437],[-166.17754,68.18503],[-166.12925,68.15463],[-166.09592,68.11827],[-165.96604,68.07249],[-165.86945,68.05509],[-165.68438,68.03472],[-165.57811,68.033],[-165.49945,68.01878],[-164.65522,67.69245],[-164.28127,67.59167],[-164.17543,67.5476],[-164.00451,67.39781],[-163.88253,67.21498],[-163.96246,67.1967],[-164.00272,67.17255],[-163.99123,67.14788],[-163.91138,67.1047],[-163.78152,67.06976],[-163.34053,67.02591],[-163.04947,66.98661],[-162.87685,66.94783],[-162.83203,66.92681],[-163.62622,66.62417],[-163.75611,66.63897],[-163.90079,66.64267],[-164.22099,66.6385],[-164.46354,66.6263],[-164.7519,66.59255],[-165.13882,66.52846],[-165.43444,66.47523],[-165.77774,66.39736],[-166.71947,66.14805],[-167.1784,65.99957],[-167.30834,65.94433],[-167.52082,65.87815],[-168.07713,65.75609],[-168.15513,65.72835],[-168.20014,65.69937],[-168.22131,65.67545],[-168.22924,65.65027],[-168.23189,65.62257],[-168.21865,65.59612],[-168.15297,65.53889],[-168.00443,65.50419],[-167.93803,65.4999],[-167.89687,65.47669],[-167.75671,65.44723],[-167.60639,65.38563],[-167.40089,65.34727],[-167.07033,65.32749],[-166.94893,65.30791],[-167.00853,65.27665],[-167.07244,65.19978],[-167.08434,65.15569],[-167.07298,65.13838],[-166.97896,65.06941],[-166.87816,65.02995],[-166.82447,65.01746],[-166.829,64.99931],[-166.7619,64.96349],[-166.58918,64.90829],[-166.52269,64.8711],[-166.51721,64.85738],[-166.58219,64.82209],[-166.58675,64.80147],[-166.57757,64.778],[-166.59016,64.73895],[-166.49126,64.61896],[-166.28139,64.54496],[-166.33091,64.52585],[-166.35387,64.50644],[-166.35113,64.47788],[-166.27196,64.43778],[-166.21234,64.42986],[-166.13353,64.43821],[-166.0957,64.4598],[-166.07087,64.49016],[-166.07779,64.52046],[-165.33592,64.44442],[-165.03221,64.38799],[-164.7548,64.40782],[-164.35536,64.50845],[-164.1809,64.51957],[-163.97622,64.50832],[-163.85077,64.5194],[-163.81406,64.53119],[-163.75039,64.51964],[-163.61233,64.51792],[-163.53617,64.50358],[-163.36375,64.44564],[-163.32334,64.40787],[-163.24193,64.36074],[-162.7958,64.27567],[-162.72806,64.28747],[-162.63275,64.33193],[-162.59477,64.33844],[-162.55792,64.35579],[-162.51255,64.39257],[-162.48669,64.4709],[-162.47198,64.48684],[-162.44188,64.50412],[-162.31349,64.54279],[-162.00213,64.45879],[-161.59084,64.33554],[-161.49343,64.32838],[-161.44317,64.34009],[-161.4139,64.35859],[-161.3268,64.33401],[-161.0754,64.20665],[-161.07648,64.12747],[-161.06234,64.11339],[-161.0706,64.08498],[-161.04566,64.02247],[-160.94464,63.92153],[-160.92012,63.85974],[-160.88773,63.82456],[-160.87698,63.79688],[-160.8862,63.7714],[-161.00849,63.67768],[-161.09807,63.65614],[-161.13997,63.62523],[-161.14254,63.60418],[-161.20207,63.58737],[-161.28519,63.52337],[-161.36685,63.51689],[-161.51195,63.51975],[-161.60311,63.50415],[-161.68777,63.51462],[-161.84041,63.49329],[-161.89621,63.50822],[-161.95696,63.55721],[-162.22274,63.59691],[-162.22538,63.60956],[-162.24993,63.62835],[-162.25462,63.64647],[-162.30435,63.67202],[-162.39436,63.6883],[-162.58432,63.69139],[-162.68008,63.67126],[-162.73063,63.6512],[-162.81603,63.60337],[-162.82644,63.57636],[-162.7729,63.52975],[-162.67983,63.49163],[-162.55255,63.4826],[-162.43777,63.49199],[-162.70029,63.29118],[-162.73952,63.26893],[-162.87086,63.25356],[-162.9377,63.2151],[-162.95813,63.17679],[-163.02618,63.15347],[-163.1187,63.10156],[-163.25248,63.09245],[-163.34982,63.12369],[-163.45517,63.17495],[-163.58471,63.2058],[-163.6581,63.24972],[-163.77185,63.27623],[-163.87062,63.28423],[-164.05126,63.31735],[-164.25005,63.30345],[-164.39546,63.27989],[-164.49567,63.25116],[-164.60928,63.19952],[-164.72774,63.12465],[-164.74682,63.1104],[-164.7438,63.09323],[-164.83032,63.08225],[-164.88022,63.06544],[-164.90674,63.04489],[-164.89297,63.01914],[-164.91252,63.00001],[-164.90705,62.9842],[-164.89663,62.9795],[-164.90294,62.957],[-164.89553,62.94864],[-164.918,62.92825],[-164.92213,62.9125],[-164.91588,62.90261],[-164.93927,62.87752],[-164.99653,62.86658],[-165.03377,62.83661],[-165.03814,62.82065],[-165.01502,62.8004],[-165.01689,62.78444],[-164.9867,62.76074],[-165.02189,62.75621],[-165.06302,62.73398],[-165.126,62.74052],[-165.16525,62.73594],[-165.24732,62.70989],[-165.25902,62.6922],[-165.24572,62.66229],[-165.2481,62.64803],[-165.21309,62.61443],[-165.27697,62.60921],[-165.33869,62.57604],[-165.35077,62.54779],[-165.34621,62.5267],[-165.38841,62.48526],[-165.37958,62.46961],[-165.41873,62.44043],[-165.44887,62.39102],[-165.52588,62.35344],[-165.73957,62.20485],[-165.79247,62.19032],[-165.8206,62.16623],[-165.87458,62.15023],[-165.89259,62.13815],[-165.90181,62.11928],[-166.00577,62.12344],[-166.04921,62.10802],[-166.09622,62.07345],[-166.12982,62.0253],[-166.11831,62.0097],[-166.07595,61.98305],[-166.09485,61.94666],[-166.11251,61.87314],[-166.17176,61.85217],[-166.22973,61.79833],[-166.23755,61.78057],[-166.23795,61.74086],[-166.26213,61.69326],[-166.26024,61.65872],[-166.28643,61.6031],[-166.28861,61.58081],[-166.28075,61.56288],[-166.25409,61.52225],[-166.19449,61.45987],[-166.0313,61.3953],[-166.02376,61.36107],[-165.99039,61.31643],[-165.92306,61.26484],[-165.83756,61.23872],[-165.82286,61.21708],[-165.78688,61.19812],[-165.74339,61.12519],[-165.66365,61.05781],[-165.53878,61.02678],[-165.41667,61.01248],[-165.3466,61.01544],[-165.25838,61.05064],[-165.23656,61.05009],[-165.30114,60.99024],[-165.30215,60.96644],[-165.27435,60.94636],[-165.27605,60.93776],[-165.26303,60.92313],[-165.22348,60.89645],[-165.17052,60.87693],[-165.17749,60.84797],[-165.15751,60.8293],[-165.17618,60.79633],[-165.14097,60.76618],[-165.13918,60.75012],[-165.12337,60.73663],[-165.16424,60.70768],[-165.22205,60.69537],[-165.2459,60.675],[-165.29137,60.66554],[-165.34019,60.63827],[-165.4107,60.63217],[-165.46411,60.61374],[-165.51826,60.56602],[-165.52039,60.55197],[-165.50145,60.52618],[-165.42653,60.47438],[-165.38752,60.45951],[-165.33357,60.45927],[-165.28823,60.44264],[-165.23956,60.44323],[-165.23541,60.42515],[-165.14145,60.35798],[-164.97192,60.27702],[-164.85113,60.24899],[-164.74881,60.24031],[-164.6586,60.17553],[-164.59739,60.15824],[-164.48823,60.05496],[-164.44574,60.03051],[-164.34283,60.00293],[-164.42027,59.9781],[-164.44966,59.95334],[-164.4208,59.90697],[-164.4157,59.88487],[-164.34654,59.84835],[-164.31315,59.80629],[-164.27463,59.77831],[-164.19323,59.7373],[-164.1248,59.71628],[-164.11107,59.69408],[-164.08078,59.67051],[-164.0133,59.63776],[-163.91972,59.64046],[-163.84707,59.61793],[-163.81195,59.62083],[-163.76096,59.63972],[-163.73995,59.66865],[-163.7489,59.68642],[-163.7878,59.70919],[-163.81367,59.71694],[-163.89689,59.71464],[-163.966,59.74712],[-163.99974,59.75496],[-163.99371,59.76376],[-163.78437,59.74057],[-163.7077,59.74113],[-163.33003,59.76966],[-163.14586,59.79564],[-163.10567,59.77824],[-163.02559,59.76754],[-162.94722,59.76829],[-162.86866,59.78038],[-162.82609,59.80066],[-162.81589,59.81283],[-162.81805,59.84028],[-162.70756,59.88018],[-162.69837,59.89182],[-162.60641,59.8883],[-162.56264,59.89683],[-162.44985,59.88462],[-162.44166,59.84408],[-162.41138,59.82326],[-162.36434,59.81087],[-162.22784,59.8065],[-162.18666,59.81891],[-162.17833,59.81484],[-162.13851,59.77239],[-162.10686,59.75421],[-162.09824,59.73371],[-162.06832,59.71643],[-162.06488,59.70003],[-162.04261,59.67073],[-162.00306,59.64465],[-161.87127,59.52479],[-161.89478,59.50756],[-161.91445,59.46929],[-161.95854,59.44781],[-162.00195,59.43745],[-162.05361,59.40899],[-162.06132,59.39796],[-162.06475,59.36003],[-162.11156,59.33293],[-162.1666,59.27508],[-162.17101,59.24757],[-162.16381,59.22446],[-162.1022,59.12875],[-162.01682,59.06024],[-162.00768,59.05529],[-162.00113,59.07023],[-161.95335,59.0327],[-161.90247,58.9776],[-161.88177,58.94415],[-161.8872,58.87128],[-161.85753,58.83043],[-161.8512,58.80798],[-161.88916,58.7843],[-161.89784,58.76204],[-161.93316,58.74827],[-161.94917,58.72433],[-162.07314,58.72441],[-162.16852,58.71028],[-162.25976,58.67267],[-162.28073,58.6463],[-162.27765,58.63288],[-162.23029,58.59855],[-162.08176,58.5649],[-162.04308,58.56833],[-161.99861,58.56108],[-161.90905,58.57274],[-161.87072,58.57041],[-161.86364,58.56873],[-161.86092,58.53909],[-161.81757,58.50573],[-161.70423,58.49691],[-161.61702,58.50677],[-161.58698,58.51842],[-161.5715,58.54375],[-161.48987,58.56189],[-161.45783,58.58597],[-161.32204,58.6116],[-161.23398,58.64345],[-161.17704,58.60707],[-161.18677,58.5733],[-161.17734,58.54257],[-161.15892,58.51238],[-161.14096,58.50334],[-161.09579,58.49003],[-161.0156,58.50306],[-160.93344,58.49611],[-160.87415,58.51007],[-160.7933,58.5601],[-160.78727,58.58157],[-160.70003,58.67207],[-160.60163,58.79332],[-160.5935,58.82173],[-160.60871,58.84362],[-160.34309,58.88054],[-160.32693,58.85842],[-160.33368,58.84831],[-160.31053,58.81263],[-160.27345,58.78873],[-160.234,58.77396],[-160.17224,58.76933],[-160.12715,58.78007],[-160.08915,58.8063],[-160.01443,58.75979],[-160.00437,58.74461],[-159.93908,58.71791],[-159.89386,58.71504],[-159.81172,58.73545],[-159.7481,58.76031],[-159.71886,58.77667],[-159.70169,58.7964],[-159.54468,58.77842],[-159.40473,58.66596],[-159.15139,58.41577],[-159.16238,58.39523],[-159.14839,58.3703],[-159.07885,58.33926],[-159.01872,58.33414],[-158.96551,58.3528],[-158.87667,58.34193],[-158.77268,58.35493],[-158.72011,58.37606],[-158.68954,58.40168],[-158.63821,58.41325],[-158.61435,58.43371],[-158.60523,58.45559],[-158.21303,58.5426],[-158.14787,58.54378],[-158.06982,58.49032],[-158.89348,56.99984],[-158.89359,56.94506],[-158.98157,56.91113],[-159.08157,56.85289],[-159.17391,56.81445],[-159.42574,56.74019],[-159.58098,56.67292],[-159.87017,56.59086],[-159.90514,56.57818],[-159.99406,56.51641],[-160.06914,56.48028],[-160.22542,56.4336],[-160.30558,56.36921],[-160.41316,56.32173],[-160.43943,56.29881],[-160.47874,56.23584],[-160.51367,56.20302],[-160.54566,56.11528],[-160.58404,56.07939],[-160.61604,56.06742],[-160.92957,56.07938],[-161.21111,56.06741],[-161.42866,56.01157],[-161.82575,55.94266],[-161.90619,55.9122],[-162.00225,55.84875],[-162.03287,55.84426],[-162.06082,55.82514],[-162.13419,55.80906],[-162.17227,55.77353],[-162.28979,55.72487],[-162.57088,55.51582],[-162.64504,55.4885],[-162.68156,55.46318],[-162.72697,55.45887],[-162.83018,55.42943],[-162.93516,55.38205],[-162.94987,55.36042],[-162.9828,55.33562],[-163.14133,55.23196],[-163.20752,55.21967],[-163.45894,55.12814],[-163.56795,55.10016],[-163.66609,55.09455],[-163.7703,55.10883],[-163.85866,55.08898],[-163.9127,55.09058],[-163.95018,55.07881],[-164.04745,55.02066],[-164.15787,55.01565],[-164.20409,55.00062],[-164.29788,54.95264],[-164.41815,54.97956],[-164.52118,54.96912],[-164.62774,54.91153],[-164.64404,54.88542],[-164.65118,54.8442],[-164.69851,54.80154],[-164.70608,54.77348],[-164.78278,54.6917],[-164.87686,54.67543],[-164.99948,54.62625],[-165.03616,54.5766],[-165.02697,54.52077],[-164.99563,54.45731],[-164.9013,54.37465],[-164.80538,54.34554],[-164.74062,54.33726],[-164.70597,54.3442],[-164.61711,54.33887],[-164.48706,54.3696],[-164.45722,54.364],[-164.41499,54.36882],[-164.31629,54.41143],[-164.27668,54.43721],[-164.25001,54.46793],[-164.23662,54.49991],[-164.23957,54.5137],[-164.22786,54.52366],[-164.12267,54.55612],[-163.75787,54.57203],[-163.7128,54.57019],[-163.56405,54.53959],[-163.52618,54.55166],[-163.50108,54.58201],[-163.46621,54.58687],[-163.43588,54.60281],[-163.2251,54.61729],[-163.12618,54.61582],[-163.05914,54.6062],[-163.02563,54.61115],[-162.95478,54.65982],[-162.96861,54.7087],[-163.07085,54.78874],[-163.10494,54.80938],[-163.14174,54.82025],[-163.1373,54.82982],[-163.07939,54.85384],[-163.06288,54.8696],[-163.0632,54.87952],[-162.9678,54.88252],[-162.8939,54.84424],[-162.84681,54.84843],[-162.80424,54.86637],[-162.7908,54.88882],[-162.73259,54.89576],[-162.65111,54.92216],[-162.643,54.93332],[-162.61332,54.91344],[-162.57889,54.90852],[-162.6146,54.8779],[-162.61893,54.84523],[-162.59998,54.82681],[-162.56937,54.81513],[-162.51261,54.81149],[-162.48308,54.79272],[-162.53314,54.77661],[-162.55493,54.74934],[-162.54965,54.72537],[-162.52624,54.69469],[-162.45988,54.66652],[-162.49035,54.62238],[-162.47753,54.59522],[-162.46417,54.58752],[-162.47835,54.57562],[-162.47982,54.54093],[-162.46514,54.52485],[-162.42851,54.50767],[-162.36504,54.50769],[-162.32179,54.53193],[-162.31511,54.54572],[-162.32187,54.57583],[-162.2794,54.58235],[-162.25273,54.60337],[-162.2423,54.61667],[-162.24047,54.64053],[-162.18728,54.63958],[-162.16109,54.62651],[-162.10485,54.61829],[-162.04802,54.63191],[-162.02852,54.65912],[-162.03325,54.68106],[-162.05657,54.70453],[-162.01186,54.71842],[-161.98329,54.71209],[-161.96467,54.71693],[-161.93584,54.69524],[-161.84102,54.68452],[-161.78273,54.70676],[-161.76577,54.72774],[-161.69837,54.74744],[-161.63984,54.73616],[-161.59031,54.74985],[-161.57655,54.76071],[-161.56633,54.78475],[-161.56474,54.7972],[-161.57674,54.81421],[-161.61571,54.83892],[-161.63007,54.84035],[-161.6524,54.87504],[-161.71728,54.89574],[-161.68807,54.90757],[-161.66668,54.92812],[-161.67228,54.95925],[-161.62777,54.95749],[-161.58458,54.96795],[-161.55346,54.95446],[-161.47009,54.94973],[-161.44078,54.96375],[-161.38488,54.97396],[-161.35952,54.99145],[-161.35315,55.0196],[-161.37372,55.04596],[-161.41773,55.06682],[-161.37539,55.08916],[-161.31357,55.08662],[-161.27226,55.10009],[-161.2465,55.12698],[-161.24851,55.19326],[-161.18136,55.20423],[-161.15551,55.22246],[-161.10659,55.21229],[-161.05863,55.22013],[-161.02653,55.23911],[-161.01292,55.26299],[-161.0311,55.29474],[-161.08999,55.31665],[-161.12859,55.31339],[-161.18561,55.28576],[-161.23952,55.29846],[-161.19299,55.30814],[-161.1388,55.33747],[-160.9959,55.38124],[-160.9079,55.42037],[-160.85901,55.41987],[-160.88766,55.39664],[-160.8924,55.38067],[-160.93109,55.35652],[-160.95342,55.32537],[-160.93864,55.29176],[-160.94395,55.26382],[-160.92236,55.23806],[-160.9427,55.20233],[-160.94148,55.18849],[-160.90506,55.15945],[-160.90773,55.11304],[-160.89968,55.09535],[-160.8677,55.07556],[-160.83677,55.06815],[-160.78636,55.07082],[-160.70969,55.11205],[-160.64897,55.09629],[-160.60768,55.09836],[-160.59869,55.09406],[-160.59842,55.06402],[-160.57326,55.03698],[-160.51947,55.02512],[-160.46084,55.03585],[-160.43093,55.06486],[-160.43177,55.09467],[-160.44692,55.10817],[-160.41152,55.14628],[-160.37691,55.16542],[-160.36683,55.19647],[-160.32117,55.19346],[-160.27837,55.20507],[-160.24254,55.24106],[-160.23411,55.25685],[-160.23823,55.27252],[-160.22135,55.28923],[-160.21579,55.30828],[-160.2193,55.32246],[-160.23897,55.34027],[-160.2257,55.34672],[-160.20358,55.33577],[-160.18199,55.2886],[-160.16765,55.27985],[-160.15599,55.25381],[-160.13009,55.23868],[-160.14957,55.21017],[-160.14968,55.19638],[-160.19025,55.18535],[-160.21459,55.16012],[-160.24563,55.15238],[-160.28532,55.12456],[-160.28852,55.11162],[-160.26271,55.07285],[-160.26192,55.0352],[-160.24436,55.02258],[-160.29286,55.00067],[-160.3014,54.98633],[-160.29766,54.97647],[-160.32685,54.95969],[-160.34339,54.93088],[-160.34318,54.89436],[-160.31578,54.84329],[-160.25811,54.80689],[-160.20773,54.80734],[-160.15542,54.82902],[-160.11304,54.85492],[-160.09398,54.89038],[-160.03449,54.8796],[-159.98682,54.89122],[-159.9588,54.91322],[-159.95298,54.92938],[-159.87503,54.90424],[-159.81604,54.90953],[-159.77573,54.93784],[-159.76756,54.95661],[-159.77399,54.96849],[-159.73474,54.99025],[-159.7245,55.01779],[-159.70704,54.99749],[-159.67656,54.98724],[-159.56482,54.99139],[-159.54325,54.97637],[-159.54144,54.92395],[-159.50326,54.90075],[-159.43178,54.8942],[-159.4169,54.87225],[-159.3623,54.82832],[-159.27736,54.81121],[-159.2266,54.82068],[-159.1327,54.88553],[-159.11179,54.91569],[-159.11326,54.93033],[-159.14161,54.96054],[-159.25014,54.9981],[-159.25506,55.0062],[-159.2123,55.02584],[-159.2032,55.04334],[-159.20919,55.07725],[-159.23342,55.09864],[-159.30363,55.11649],[-159.34848,55.1129],[-159.37614,55.12321],[-159.41089,55.1235],[-159.40467,55.15974],[-159.42708,55.20115],[-159.41979,55.2499],[-159.39949,55.25979],[-159.39739,55.28041],[-159.40179,55.30221],[-159.41531,55.31538],[-159.4826,55.33629],[-159.54433,55.32841],[-159.57302,55.31214],[-159.60906,55.26779],[-159.66021,55.24291],[-159.70427,55.23987],[-159.73789,55.22229],[-159.7668,55.29308],[-159.80421,55.32397],[-159.8433,55.34005],[-159.88356,55.3452],[-159.93258,55.33698],[-159.96192,55.36866],[-159.99637,55.39019],[-160.05054,55.39578],[-160.0593,55.41621],[-160.04116,55.44888],[-160.00205,55.45908],[-159.95114,55.50758],[-159.53815,55.53201],[-159.50505,55.55811],[-159.52152,55.60089],[-159.48881,55.60894],[-159.44687,55.63853],[-158,55.63944],[-156.32861,56.75],[-156.32802,57.05329],[-156.31167,57.06792],[-156.31648,57.1055],[-156.26276,57.1336],[-156.22781,57.16246],[-156.21451,57.19518],[-156.24704,57.24378],[-156.1672,57.34585],[-156.09835,57.37985],[-155.97892,57.3959],[-155.93976,57.41287],[-155.84448,57.49751],[-155.71926,57.49742],[-155.66796,57.50835],[-155.6455,57.52236],[-155.63257,57.58681],[-155.63949,57.60227],[-155.45986,57.63765],[-155.36091,57.62503],[-155.3004,57.64289],[-155.28095,57.65683],[-155.277,57.67611],[-155.24579,57.6816],[-155.20996,57.71626],[-155.15006,57.75002],[-155.15071,57.77196],[-155.16086,57.79059],[-155.09942,57.79124],[-155.04352,57.81239],[-154.99402,57.86319],[-154.96969,57.92785],[-154.94074,57.97507],[-154.8938,57.98354],[-154.8653,57.96764],[-154.80093,57.95915],[-154.70899,57.9823],[-154.39074,57.9993],[-154.33513,58.02671],[-154.26552,58.03823],[-154.22047,58.06617],[-154.2118,58.08029],[-154.13365,58.10014],[-154.11956,58.11323],[-154.10892,58.14601],[-154.08282,58.15401],[-154.05897,58.17521],[-154.03904,58.23036],[-153.97004,58.31272],[-153.92599,58.31979],[-153.85856,58.37427],[-153.85852,58.3976],[-153.8839,58.43855],[-153.88179,58.4565],[-153.82107,58.4878],[-153.81066,58.51539],[-153.77841,58.50404],[-153.69236,58.49351],[-153.628,58.5083],[-153.59267,58.54225],[-153.51515,58.5484],[-153.46148,58.57261],[-153.44702,58.59841],[-153.4579,58.62346],[-153.47878,58.64169],[-153.37158,58.67327],[-153.31802,58.71296],[-153.2448,58.70747],[-153.18696,58.72935],[-153.16592,58.76498],[-153.17664,58.78466],[-153.2025,58.80133],[-153.16703,58.82302],[-153.15165,58.85756],[-153.16514,58.89271],[-153.18409,58.90573],[-153.02118,59.00245],[-151.44417,59.09969],[-150.99219,59.18084],[-150.80106,59.23183],[-150.45646,59.30869],[-149.6213,59.52752],[-149.4675,59.73377],[-149.26962,59.84542],[-148.9802,59.89372],[-148.60548,59.8843],[-148.43722,59.89281],[-148.21851,59.87564],[-148.10075,59.8157],[-148.03966,59.76905],[-147.95644,59.74413],[-147.81938,59.73667],[-147.68724,59.74168],[-147.52085,59.77408],[-147.33483,59.83387],[-147.28096,59.87873],[-147.28094,59.92357],[-147.27113,59.96344],[-147.24174,59.99832],[-147.16157,60.05299],[-147.10194,60.08134],[-146.93928,60.10385],[-146.17931,60.28006],[-145.97657,60.31465],[-145.82432,60.31512],[-145.31769,60.17969],[-145.09797,60.14611],[-144.77602,60.12959],[-144.60728,60.07835],[-144.53968,60.01015],[-144.64173,59.92439],[-144.7778,59.82993],[-144.7781,59.77856],[-144.67677,59.7274],[-144.54218,59.71932],[-144.41051,59.74627],[-144.14408,59.91945],[-144.03359,59.91967],[-143.85115,59.9437],[-143.6427,59.98882],[-143.4909,60.00349],[-143.11704,60.0195],[-142.82604,60.0511],[-142.57799,60.04352],[-142.44813,60.01963],[-142.29727,60.01183],[-141.9139,59.95827],[-140.91287,59.69846],[-140.67611,59.66894],[-140.4251,59.65703],[-139.90284,59.49798],[-139.71637,59.43431],[-139.58189,59.37838],[-139.39027,59.31738],[-138.96701,59.21155],[-138.8739,59.18017],[-138.6377,59.07964],[-138.34993,59.02236],[-138.27895,59.00045],[-138.11538,58.91976],[-138.02147,58.86145],[-138.01152,58.83868],[-138.02929,58.8055],[-138.01713,58.77127],[-137.99604,58.7495],[-137.77594,58.64075],[-137.76222,58.5965],[-137.72061,58.57086],[-137.60256,58.54175],[-137.45046,58.46432],[-137.37417,58.44091],[-137.31583,58.41011],[-137.24753,58.39285],[-137.1203,58.32966],[-137.07235,58.32362],[-137.0145,58.34431],[-136.97484,58.29604],[-136.93783,58.2686],[-136.88074,58.25078],[-136.85521,58.23085],[-136.84398,58.20676],[-136.81441,58.18879],[-136.65839,58.14565],[-136.59059,58.15197],[-136.51543,58.18058],[-136.51027,58.15346],[-136.61516,58.12071],[-136.65024,58.10263],[-136.66149,58.06382],[-136.67889,58.03629],[-136.67915,58.01427],[-136.66938,57.99855],[-136.65113,57.99378],[-136.65622,57.97847],[-136.64846,57.95832],[-136.66212,57.92031],[-136.64462,57.88377],[-136.61666,57.86922],[-136.45443,57.83068],[-136.4075,57.7499],[-136.2379,57.5345],[-136.0468,57.2718],[-135.8599,56.9924],[-135.1998,56.5064],[-134.84601,56.23396],[-134.6664,56.14759],[-134.49417,55.99964],[-134.49304,55.97747],[-134.51251,55.95594],[-134.60156,55.92292],[-134.63848,55.88915],[-134.64568,55.87147],[-134.64127,55.85795],[-134.60231,55.82251],[-134.42103,55.74863],[-134.19203,55.69305],[-134.04661,55.85048],[-134.02698,55.892],[-134.01923,55.86494],[-134.00218,55.84726],[-134.01277,55.8197],[-133.99588,55.7952],[-133.93656,55.776],[-133.83798,55.7933],[-133.84896,55.77806],[-133.84852,55.7634],[-133.83178,55.74151],[-133.87956,55.71545],[-133.88768,55.68364],[-133.8675,55.65733],[-133.81268,55.64514],[-133.79825,55.63323],[-133.81393,55.60305],[-133.81035,55.58641],[-133.82934,55.57092],[-133.83484,55.53326],[-133.8612,55.50162],[-133.86138,55.48064],[-133.89786,55.45907],[-133.90715,55.434],[-133.89715,55.41494],[-133.87392,55.39884],[-133.83304,55.38857],[-133.7716,55.39432],[-133.76138,55.34626],[-133.77845,55.31962],[-133.77562,55.28225],[-133.70761,55.22937],[-133.69122,55.19847],[-133.61148,55.17646],[-133.66022,55.11719],[-133.79053,55.00058],[-133.78452,54.95349],[-133.74157,54.82292],[-133.6489,54.63204],[-132.00481,54.68245],[-131.20307,54.69132],[-130.7266,54.66992],[-130.64791,54.64891],[-130.64311,54.69468],[-130.62572,54.73807],[-130.65904,54.76306],[-130.62887,54.78272],[-130.5682,54.79215],[-130.34454,54.91881],[-130.27333,54.97396],[-130.18756,55.06284],[-130.18089,55.09125],[-130.10284,55.1926],[-129.97417,55.28192],[-129.97665,55.30037],[-130.02111,55.33792],[-130.04122,55.45173],[-130.08985,55.49798],[-130.1279,55.58103],[-130.11166,55.6829],[-130.14776,55.7149],[-130.15241,55.76629],[-130.12476,55.80564],[-130.08349,55.82171],[-130.00378,55.90744],[-130.01768,55.91195],[-130.00349,56.00807],[-130.1038,56.1228],[-130.24623,56.09642],[-130.35009,56.12854],[-130.42601,56.14156],[-130.46787,56.24305],[-130.54053,56.24745],[-130.62331,56.26688],[-130.78198,56.36684],[-131.08735,56.40601],[-131.17347,56.44952],[-131.47203,56.55267],[-131.58107,56.61223],[-131.83533,56.5992],[-131.86067,56.70298],[-131.90107,56.75368],[-131.87288,56.806],[-132.12357,56.87365],[-132.04519,57.04506],[-132.36898,57.09151],[-132.24792,57.21125],[-132.36298,57.34201],[-132.55369,57.49651],[-132.65246,57.60736]]],[[[-161.43692,64.13355],[-161.43242,64.10534],[-161.41444,64.08677],[-161.37318,64.06974],[-161.30603,64.06197],[-161.25227,64.06596],[-161.20992,64.08205],[-161.18448,64.10616],[-161.17666,64.14686],[-161.22355,64.17643],[-161.31036,64.18937],[-161.39329,64.17201],[-161.4202,64.15842],[-161.43692,64.13355]]],[[[-161.85703,63.58798],[-161.83922,63.57035],[-161.75197,63.55206],[-161.67522,63.56634],[-161.64154,63.5885],[-161.63397,63.60432],[-161.64948,63.62764],[-161.67714,63.64265],[-161.7585,63.65452],[-161.82623,63.64249],[-161.85585,63.62163],[-161.85703,63.58798]]],[[[-160.54406,58.68784],[-160.54432,58.67433],[-160.52874,58.65416],[-160.47534,58.62719],[-160.4331,58.62225],[-160.38763,58.62765],[-160.41429,58.58693],[-160.39686,58.55392],[-160.36762,58.54199],[-160.30103,58.53576],[-160.25876,58.54457],[-160.2256,58.56554],[-160.21216,58.59505],[-160.1684,58.61856],[-160.15409,58.63711],[-160.15273,58.6582],[-160.11031,58.6816],[-160.09626,58.70534],[-160.10191,58.72481],[-160.13762,58.7489],[-160.21408,58.75548],[-160.26391,58.77175],[-160.32324,58.77506],[-160.36764,58.7941],[-160.41604,58.79845],[-160.45223,58.79185],[-160.49037,58.77363],[-160.52046,58.741],[-160.52543,58.70857],[-160.54406,58.68784]]],[[[-160.09759,58.59991],[-160.08937,58.57896],[-160.05905,58.54783],[-160.00853,58.53468],[-159.92132,58.54396],[-159.88046,58.56297],[-159.86258,58.58568],[-159.86768,58.61052],[-159.90528,58.64671],[-160.00465,58.6656],[-160.07488,58.63989],[-160.09759,58.59991]]],[[[-146.50828,59.39073],[-146.49834,59.368],[-146.46929,59.35005],[-146.41079,59.3357],[-146.36191,59.33548],[-146.25354,59.35767],[-146.21853,59.38352],[-146.16299,59.40316],[-146.14859,59.41885],[-146.14545,59.43523],[-146.18548,59.49699],[-146.24292,59.51995],[-146.23743,59.54457],[-146.25518,59.56696],[-146.30107,59.58453],[-146.35849,59.58606],[-146.40048,59.57471],[-146.42643,59.55551],[-146.43265,59.53415],[-146.42064,59.51356],[-146.43574,59.48722],[-146.42783,59.46667],[-146.45562,59.45392],[-146.49139,59.42305],[-146.50828,59.39073]]],[[[-152.46653,58.91499],[-152.45258,58.88487],[-152.42595,58.87337],[-152.40145,58.83667],[-152.36088,58.82305],[-152.31462,58.82],[-152.24964,58.84067],[-152.19536,58.84063],[-152.13407,58.85812],[-152.06678,58.83301],[-152.01717,58.82852],[-151.96488,58.84478],[-151.93639,58.86738],[-151.8832,58.88068],[-151.85164,58.91735],[-151.86778,58.94641],[-151.93718,58.9883],[-152.01955,59.01092],[-152.08337,59.00502],[-152.1454,59.01789],[-152.18822,59.01614],[-152.24565,58.99346],[-152.32345,59.00746],[-152.41402,58.99224],[-152.43737,58.97353],[-152.43749,58.94842],[-152.45733,58.93445],[-152.46653,58.91499]]],[[[-154.93369,57.29468],[-154.93122,57.28237],[-154.91403,57.26673],[-154.8311,57.23064],[-154.76709,57.21451],[-154.68577,57.21422],[-154.67976,57.19808],[-154.61978,57.16236],[-154.60113,57.03638],[-154.62854,57.00201],[-154.60861,56.97028],[-154.57748,56.95277],[-154.44006,56.9236],[-154.38772,56.89562],[-154.3932,56.84903],[-154.38552,56.83027],[-154.21783,56.72047],[-154.2393,56.69286],[-154.23667,56.66757],[-154.30538,56.65201],[-154.35211,56.63254],[-154.42998,56.65463],[-154.5405,56.65584],[-154.75811,56.55982],[-154.81237,56.52383],[-154.89385,56.44472],[-154.88902,56.41261],[-154.86294,56.38385],[-154.79493,56.35929],[-154.72573,56.35522],[-154.6571,56.37323],[-154.62888,56.38609],[-154.58199,56.42681],[-154.49821,56.45578],[-154.42988,56.44114],[-154.37834,56.44609],[-154.34056,56.4644],[-154.23361,56.44347],[-154.15334,56.46005],[-154.05788,56.44843],[-153.91908,56.45699],[-153.8066,56.50936],[-153.76243,56.55674],[-153.75823,56.56849],[-153.76494,56.58808],[-153.7909,56.6101],[-153.84211,56.62056],[-153.98212,56.60901],[-153.98632,56.62587],[-153.99976,56.63495],[-153.95705,56.63332],[-153.91992,56.64254],[-153.89007,56.67171],[-153.78354,56.69756],[-153.74755,56.74504],[-153.76042,56.77647],[-153.69455,56.78564],[-153.64865,56.80418],[-153.61518,56.83438],[-153.54454,56.84237],[-153.4887,56.86367],[-153.45095,56.90034],[-153.45462,56.92643],[-153.47686,56.94132],[-153.46284,56.94774],[-153.44909,56.97081],[-153.40453,56.95077],[-153.32,56.94094],[-153.20555,56.95322],[-153.16913,56.96703],[-153.12152,57.00153],[-153.09829,57.04031],[-153.00122,57.0644],[-152.90434,57.07238],[-152.83416,57.09443],[-152.79295,57.12288],[-152.77738,57.14145],[-152.77437,57.16056],[-152.78521,57.19246],[-152.83563,57.21737],[-152.64272,57.23537],[-152.53767,57.30075],[-152.52601,57.32937],[-152.41558,57.38447],[-152.40209,57.38034],[-152.40209,57.3563],[-152.38315,57.33541],[-152.33768,57.32158],[-152.25848,57.32343],[-152.18634,57.35318],[-152.1597,57.38041],[-152.15652,57.40586],[-152.21649,57.43823],[-152.22244,57.4753],[-152.0635,57.5712],[-152.05348,57.60365],[-152.03101,57.62863],[-152.03486,57.65332],[-152.07979,57.6863],[-152.12101,57.80457],[-152.13795,57.82981],[-152.18238,57.84995],[-152.25523,57.86627],[-152.22021,57.93022],[-152.23558,57.94994],[-152.26563,57.97114],[-152.31171,57.97657],[-152.33342,58.00187],[-152.41445,58.03658],[-152.47452,58.04543],[-152.45335,58.05929],[-152.31231,58.04964],[-152.26074,58.07336],[-152.05527,58.10453],[-151.96639,58.15374],[-151.93399,58.12572],[-151.88418,58.11296],[-151.84167,58.11314],[-151.78217,58.12876],[-151.73463,58.15678],[-151.7066,58.18782],[-151.70143,58.22251],[-151.69051,58.23513],[-151.69658,58.25977],[-151.72524,58.28754],[-151.75518,58.3034],[-151.70729,58.33134],[-151.70403,58.35734],[-151.7128,58.37398],[-151.75049,58.39466],[-151.82397,58.39888],[-151.89522,58.3717],[-151.93229,58.39067],[-152.02426,58.41262],[-152.07191,58.44003],[-152.18205,58.45195],[-152.18193,58.45786],[-152.11625,58.46271],[-152.07982,58.47859],[-152.06088,58.50083],[-152.06549,58.52676],[-152.11348,58.56166],[-152.18283,58.57397],[-152.17903,58.59344],[-152.18932,58.62026],[-152.24771,58.68073],[-152.31259,58.70045],[-152.34263,58.70138],[-152.3848,58.69042],[-152.38077,58.71127],[-152.39299,58.73046],[-152.43454,58.75078],[-152.47357,58.75726],[-152.54557,58.74245],[-152.61001,58.69228],[-152.71908,58.63538],[-152.73463,58.61109],[-152.76755,58.5866],[-152.77512,58.54941],[-152.8469,58.5315],[-152.88086,58.48979],[-152.92228,58.47219],[-153.12307,58.33022],[-153.20004,58.26625],[-153.27135,58.23849],[-153.31467,58.19301],[-153.36747,58.17929],[-153.43101,58.12819],[-153.4702,58.1087],[-153.50658,58.06623],[-153.50476,58.04033],[-153.48019,58.01884],[-153.55446,58.00282],[-153.74488,57.94001],[-153.78662,57.91771],[-153.87057,57.92878],[-153.91713,57.91656],[-153.9415,57.90043],[-153.94345,57.88567],[-153.96859,57.8749],[-153.97825,57.86147],[-154.12842,57.77067],[-154.24006,57.71547],[-154.26624,57.71595],[-154.32974,57.69318],[-154.40701,57.69053],[-154.48094,57.63186],[-154.51051,57.63203],[-154.58902,57.61288],[-154.61634,57.59377],[-154.62518,57.5729],[-154.67157,57.55715],[-154.72297,57.52795],[-154.74567,57.50711],[-154.75278,57.48718],[-154.79016,57.46142],[-154.81693,57.42425],[-154.8154,57.41279],[-154.88863,57.38192],[-154.91556,57.34987],[-154.91033,57.33506],[-154.93369,57.29468]]],[[[-156.89739,56.1377],[-156.8836,56.12284],[-156.81717,56.1041],[-156.82008,56.07056],[-156.83535,56.06024],[-156.84653,56.03023],[-156.83812,56.01268],[-156.82641,56.00758],[-156.83339,55.98421],[-156.82221,55.96756],[-156.79307,55.95579],[-156.73216,55.9535],[-156.64778,55.9623],[-156.55332,56.02708],[-156.54804,56.03862],[-156.55605,56.09016],[-156.58933,56.10927],[-156.60985,56.13215],[-156.67587,56.1525],[-156.65377,56.16759],[-156.65111,56.20096],[-156.69063,56.25725],[-156.70739,56.26743],[-156.77023,56.27979],[-156.84199,56.27008],[-156.88071,56.23229],[-156.87804,56.2233],[-156.898,56.20166],[-156.89739,56.1377]]],[[[-155.8368,55.80082],[-155.82624,55.75927],[-155.79435,55.72959],[-155.71982,55.71179],[-155.58137,55.69991],[-155.52809,55.70585],[-155.47475,55.74146],[-155.48522,55.81862],[-155.45312,55.88392],[-155.47435,55.91359],[-155.58114,55.93068],[-155.6341,55.92547],[-155.67676,55.90766],[-155.75146,55.85424],[-155.80476,55.83644],[-155.8368,55.80082]]],[[[173.77379,52.7816],[173.78871,52.74973],[173.83797,52.71603],[174.01799,52.67185],[174.16252,52.65674],[174.21176,52.6742],[174.23783,52.70327],[174.23664,52.74818],[174.22144,52.7677],[174.12863,52.80122],[174.05015,52.78909],[173.98874,52.81236],[173.96479,52.81154],[173.90613,52.83134],[173.87064,52.8348],[173.80201,52.81967],[173.7816,52.80216],[173.77379,52.7816]]],[[[172.34934,52.92219],[172.34785,52.90669],[172.36259,52.88702],[172.41938,52.85975],[172.47908,52.85524],[172.58732,52.80915],[172.71607,52.73242],[172.81439,52.73085],[172.85734,52.69575],[172.90147,52.68161],[172.94309,52.68885],[173.03602,52.72847],[173.04578,52.74886],[173.10331,52.7298],[173.20963,52.73966],[173.30634,52.69887],[173.36198,52.69576],[173.39854,52.71048],[173.41434,52.72816],[173.42169,52.75562],[173.40338,52.77757],[173.52606,52.77449],[173.55136,52.78489],[173.58065,52.81549],[173.56762,52.84187],[173.53753,52.8668],[173.51617,52.87398],[173.48955,52.90012],[173.43166,52.9175],[173.3926,52.90746],[173.37141,52.96035],[173.32194,52.99213],[173.27891,53.00173],[173.23836,52.99977],[173.21589,53.02036],[173.13221,53.04397],[172.99431,53.04755],[172.95416,53.03896],[172.91301,53.05076],[172.83659,53.05104],[172.76363,53.06526],[172.62316,53.05316],[172.52773,53.02333],[172.42778,52.97154],[172.37641,52.95962],[172.34934,52.92219]]],[[[173.27341,52.41047],[173.28058,52.37759],[173.32154,52.34998],[173.46228,52.3277],[173.5337,52.33178],[173.63864,52.29426],[173.74771,52.29998],[173.79427,52.32502],[173.81408,52.35335],[173.79817,52.39246],[173.7946,52.43328],[173.78059,52.45079],[173.81245,52.46279],[173.84461,52.48888],[173.85559,52.52834],[173.80417,52.56098],[173.77814,52.56611],[173.60826,52.55988],[173.55903,52.54711],[173.4805,52.50257],[173.42159,52.50729],[173.39367,52.49976],[173.37002,52.48296],[173.33669,52.47616],[173.30401,52.4547],[173.27341,52.41047]]],[[[175.76529,52.38733],[175.7745,52.36557],[175.83139,52.30558],[175.89661,52.28127],[176.00993,52.29956],[176.05402,52.33676],[176.06452,52.36338],[176.0434,52.39028],[176.00491,52.40951],[175.87478,52.43972],[175.84191,52.4403],[175.79479,52.4248],[175.77478,52.40768],[175.76529,52.38733]]],[[[177.28016,52.12759],[177.2906,52.10216],[177.34511,52.0721],[177.41498,52.08479],[177.43558,52.09702],[177.44656,52.11446],[177.43793,52.14688],[177.40884,52.16764],[177.38048,52.17454],[177.31541,52.16098],[177.28883,52.1442],[177.28016,52.12759]]],[[[178.12383,51.84399],[178.12506,51.81402],[178.14053,51.79654],[178.19729,51.76734],[178.20712,51.74675],[178.24988,51.72448],[178.2979,51.72364],[178.37043,51.70405],[178.40046,51.70362],[178.46922,51.71872],[178.49635,51.74453],[178.49277,51.7769],[178.44135,51.80933],[178.43115,51.82698],[178.36843,51.86055],[178.33218,51.87086],[178.19795,51.88887],[178.15551,51.87533],[178.12383,51.84399]]],[[[177.11198,51.89055],[177.11961,51.85874],[177.14247,51.8422],[177.20032,51.82442],[177.24234,51.79055],[177.29862,51.7629],[177.34532,51.75775],[177.38258,51.76625],[177.41521,51.79105],[177.4203,51.81902],[177.41004,51.83372],[177.41624,51.87123],[177.45549,51.86136],[177.51925,51.86693],[177.54641,51.86162],[177.5986,51.87321],[177.63547,51.87071],[177.68726,51.89543],[177.73597,51.90214],[177.7906,51.8924],[177.81919,51.89536],[177.86082,51.92229],[177.874,51.95611],[177.84571,51.98379],[177.81156,51.99532],[177.77054,52.00146],[177.74176,51.99554],[177.70316,52.00704],[177.72638,52.03603],[177.76043,52.06118],[177.76956,52.09785],[177.76461,52.12098],[177.74566,52.14161],[177.70378,52.16303],[177.64399,52.18443],[177.58671,52.18951],[177.49808,52.15164],[177.46918,52.12403],[177.46064,52.09464],[177.426,52.07779],[177.41425,52.05319],[177.41643,52.03814],[177.32085,52.02124],[177.28743,52.00546],[177.26002,51.97873],[177.16596,51.94904],[177.12134,51.91788],[177.11198,51.89055]]],[[[177.9339,51.87229],[177.94814,51.84664],[177.99719,51.82204],[178.0664,51.82721],[178.08404,51.83535],[178.10128,51.86297],[178.09371,51.89451],[178.06899,51.91449],[178.03435,51.92261],[177.97441,51.91464],[177.94554,51.89563],[177.9339,51.87229]]],[[[178.0004,52.03333],[178.01507,52.01505],[178.01631,51.97871],[178.05968,51.94812],[178.14281,51.93933],[178.19587,51.94885],[178.26054,51.91016],[178.33092,51.89856],[178.37109,51.90685],[178.38381,51.89103],[178.41299,51.87537],[178.5021,51.84695],[178.58073,51.85956],[178.6446,51.90613],[178.67021,51.9441],[178.66395,51.98285],[178.64332,51.99761],[178.51241,52.04344],[178.4688,52.04119],[178.40266,52.02171],[178.26716,52.03746],[178.24737,52.06754],[178.16272,52.10666],[178.0769,52.10001],[178.02057,52.07187],[178.0004,52.03333]]],[[[179.38874,51.94193],[179.38969,51.9238],[179.4568,51.8599],[179.62321,51.819],[179.67167,51.82567],[179.71748,51.84096],[179.73526,51.85498],[179.78507,51.86265],[179.82502,51.89203],[179.85968,51.96037],[179.84708,51.99248],[179.79028,52.01838],[179.77102,52.04084],[179.65838,52.07828],[179.54087,52.06417],[179.50831,52.03972],[179.4296,52.02359],[179.40873,52.00536],[179.40456,51.96837],[179.38874,51.94193]]],[[[178.53062,51.62474],[178.55177,51.59986],[178.56321,51.59984],[178.66723,51.54275],[178.708,51.5374],[178.74074,51.52355],[178.79024,51.49247],[178.89601,51.49254],[178.94542,51.46064],[178.95022,51.44506],[178.96936,51.42878],[178.9957,51.42205],[179.10194,51.3661],[179.12203,51.35321],[179.12999,51.33341],[179.15066,51.31635],[179.18105,51.30546],[179.25552,51.29368],[179.29808,51.31103],[179.40308,51.30686],[179.45939,51.31603],[179.51087,51.30827],[179.54368,51.31916],[179.57841,51.35435],[179.57691,51.37682],[179.55319,51.40002],[179.52252,51.41916],[179.47766,51.43109],[179.42522,51.46283],[179.37108,51.4652],[179.35557,51.45814],[179.28707,51.46983],[179.26457,51.49231],[179.22682,51.51294],[179.17033,51.52304],[179.11648,51.56918],[179.08744,51.58354],[179.08886,51.60621],[179.07793,51.62112],[179.04017,51.64004],[178.97243,51.64645],[178.92207,51.66864],[178.76993,51.69782],[178.73702,51.69495],[178.69878,51.70957],[178.60729,51.71653],[178.55949,51.70166],[178.54331,51.68234],[178.53062,51.62474]]]]}},{"type":"Feature","properties":{"statefp":"60","stusps":"AS","name":"American Samoa"},"geometry":{"type":"MultiPolygon","coordinates":[[[[-170.53809,-14.33613],[-170.50944,-14.32876],[-170.49149,-14.30169],[-170.49472,-14.26596],[-170.50646,-14.2543],[-170.5106,-14.23213],[-170.53678,-14.20434],[-170.58166,-14.1964],[-170.60223,-14.20037],[-170.63663,-14.17874],[-170.65532,-14.17554],[-170.68709,-14.18224],[-170.75,-14.24123],[-170.81678,-14.24765],[-170.84027,-14.25802],[-170.875,-14.2876],[-170.89029,-14.31719],[-170.8837,-14.34269],[-170.86594,-14.35858],[-170.8231,-14.37179],[-170.81227,-14.38878],[-170.77434,-14.41314],[-170.73902,-14.41995],[-170.66039,-14.37138],[-170.63746,-14.33691],[-170.5865,-14.33103],[-170.53809,-14.33613]]],[[[-171.13387,-11.09053],[-171.09834,-11.10787],[-171.03217,-11.10509],[-171.01138,-11.07814],[-171.01407,-11.0237],[-171.03634,-11.00291],[-171.07463,-10.9972],[-171.1114,-11.00379],[-171.13745,-11.03009],[-171.13387,-11.09053]]],[[[-169.44603,-14.30487],[-169.4195,-14.31142],[-169.3974,-14.30718],[-169.37067,-14.27952],[-169.3669,-14.20208],[-169.38564,-14.17461],[-169.5,-14.16605],[-169.54701,-14.18433],[-169.56237,-14.125],[-169.59924,-14.10539],[-169.63049,-14.11371],[-169.67802,-14.11152],[-169.70232,-14.12035],[-169.72045,-14.13772],[-169.7228,-14.18937],[-169.68035,-14.2306],[-169.63135,-14.22797],[-169.60865,-14.23791],[-169.56685,-14.22148],[-169.55887,-14.25892],[-169.5329,-14.27401],[-169.5134,-14.30779],[-169.48269,-14.31725],[-169.44603,-14.30487]]],[[[-168.22348,-14.56134],[-168.20676,-14.59009],[-168.17354,-14.60134],[-168.1291,-14.59726],[-168.1104,-14.57917],[-168.10223,-14.55403],[-168.11594,-14.50023],[-168.15223,-14.47785],[-168.19953,-14.49013],[-168.21848,-14.51184],[-168.22348,-14.56134]]]]}},{"type":"Feature","properties":{"statefp":"04","stusps":"AZ","name":"Arizona"},"geometry":{"type":"Polygon","coordinates":[[[-114.05062,37.00017],[-114.04394,36.19335],[-114.0668,36.17909],[-114.09699,36.12082],[-114.12086,36.11085],[-114.112,36.09491],[-114.13339,36.06166],[-114.13711,36.03849],[-114.15139,36.02313],[-114.17468,36.02667],[-114.21193,36.01483],[-114.24386,36.01527],[-114.26438,36.02791],[-114.27086,36.04552],[-114.31359,36.05905],[-114.30694,36.08249],[-114.37018,36.14262],[-114.40562,36.14698],[-114.44504,36.12535],[-114.4626,36.13964],[-114.50472,36.12719],[-114.50921,36.13325],[-114.50024,36.14323],[-114.51122,36.15058],[-114.57109,36.1511],[-114.61545,36.12965],[-114.63047,36.14222],[-114.66434,36.1163],[-114.73486,36.10443],[-114.75451,36.08617],[-114.73529,36.05665],[-114.74126,36.03804],[-114.7221,36.02895],[-114.743,36.00845],[-114.74054,35.97554],[-114.7076,35.92795],[-114.70811,35.90993],[-114.66164,35.87123],[-114.70586,35.85051],[-114.69528,35.83109],[-114.71203,35.80553],[-114.69932,35.79048],[-114.69427,35.75663],[-114.7056,35.70827],[-114.68063,35.68405],[-114.68951,35.65143],[-114.65353,35.60967],[-114.65924,35.58748],[-114.67567,35.58003],[-114.66443,35.56843],[-114.65677,35.53496],[-114.67569,35.51563],[-114.67864,35.49763],[-114.6629,35.44645],[-114.62677,35.40964],[-114.60461,35.35524],[-114.56926,35.18342],[-114.57826,35.12881],[-114.62843,35.11894],[-114.64676,35.10187],[-114.61313,35.0831],[-114.60291,35.06859],[-114.63752,35.02705],[-114.62913,34.98613],[-114.63518,34.875],[-114.58684,34.83567],[-114.55268,34.76687],[-114.48751,34.71663],[-114.47048,34.71137],[-114.45051,34.66684],[-114.45798,34.65711],[-114.44146,34.64253],[-114.43874,34.62145],[-114.4242,34.61045],[-114.42534,34.60084],[-114.43681,34.59607],[-114.40523,34.56964],[-114.38084,34.52972],[-114.3867,34.45791],[-114.37372,34.44694],[-114.33537,34.45004],[-114.32613,34.43725],[-114.29484,34.42139],[-114.28866,34.40662],[-114.26432,34.40133],[-114.22611,34.36592],[-114.17691,34.34931],[-114.15721,34.31786],[-114.13828,34.30323],[-114.13121,34.26273],[-114.16465,34.2597],[-114.16612,34.25001],[-114.22519,34.20364],[-114.22971,34.18693],[-114.25703,34.17284],[-114.28729,34.17053],[-114.32078,34.13864],[-114.35303,34.13312],[-114.36652,34.11858],[-114.41591,34.10764],[-114.43418,34.08738],[-114.43827,34.02261],[-114.46587,34.01099],[-114.45926,33.99471],[-114.49988,33.96179],[-114.522,33.95562],[-114.53548,33.93465],[-114.53495,33.9257],[-114.50792,33.90381],[-114.52587,33.90101],[-114.50302,33.868],[-114.52988,33.85756],[-114.51997,33.82538],[-114.52805,33.81496],[-114.50486,33.76047],[-114.51235,33.73421],[-114.4942,33.70792],[-114.49649,33.6969],[-114.52396,33.68588],[-114.53152,33.67511],[-114.53027,33.66682],[-114.51406,33.66018],[-114.53319,33.65166],[-114.5238,33.6347],[-114.53122,33.62391],[-114.52184,33.61254],[-114.54062,33.59141],[-114.52421,33.55307],[-114.5589,33.53182],[-114.56953,33.50922],[-114.59237,33.49867],[-114.62292,33.45656],[-114.62964,33.42814],[-114.6433,33.41675],[-114.68795,33.41793],[-114.72528,33.40505],[-114.70731,33.38254],[-114.69804,33.35244],[-114.70787,33.32332],[-114.73122,33.30243],[-114.72167,33.28698],[-114.68051,33.27358],[-114.67209,33.2585],[-114.68954,33.24643],[-114.67363,33.22312],[-114.67536,33.18549],[-114.67995,33.15906],[-114.70368,33.11377],[-114.70649,33.08816],[-114.68902,33.08404],[-114.67366,33.0419],[-114.66232,33.03267],[-114.64598,33.0489],[-114.61879,33.0272],[-114.58978,33.02623],[-114.57165,33.03662],[-114.51134,33.02345],[-114.49294,32.97178],[-114.46838,32.97075],[-114.46854,32.95392],[-114.48092,32.93628],[-114.46293,32.90794],[-114.46897,32.84515],[-114.52963,32.79548],[-114.52686,32.75709],[-114.53909,32.75695],[-114.53922,32.74981],[-114.56445,32.74955],[-114.56451,32.74227],[-114.58174,32.74232],[-114.58178,32.73495],[-114.61511,32.73452],[-114.6174,32.72826],[-114.70294,32.74479],[-114.76378,32.6434],[-114.78272,32.62434],[-114.80844,32.61943],[-114.7994,32.59262],[-114.80155,32.57641],[-114.81393,32.56221],[-114.80649,32.55924],[-114.79281,32.56952],[-114.79141,32.55646],[-114.80568,32.54633],[-114.80198,32.53632],[-114.81317,32.5245],[-114.802,32.51362],[-114.81616,32.50829],[-114.81369,32.49407],[-112.23805,31.70138],[-111.07498,31.33234],[-109.05003,31.33235],[-109.04517,36.99898],[-114.05062,37.00017]]]}},{"type":"Feature","properties":{"statefp":"05","stusps":"AR","name":"Arkansas"},"geometry":{"type":"Polygon","coordinates":[[[-90.95577,34.11871],[-90.95864,34.13548],[-90.90996,34.16551],[-90.84528,34.13689],[-90.82259,34.14405],[-90.80756,34.16182],[-90.81749,34.1832],[-90.88675,34.1825],[-90.91442,34.19573],[-90.93454,34.21785],[-90.93715,34.23261],[-90.92867,34.24471],[-90.90633,34.24438],[-90.89228,34.22289],[-90.84715,34.20613],[-90.83813,34.22],[-90.83177,34.27694],[-90.81674,34.28065],[-90.76562,34.26951],[-90.73802,34.28928],[-90.7364,34.31207],[-90.76869,34.34778],[-90.76439,34.36368],[-90.74964,34.36815],[-90.7158,34.36033],[-90.6763,34.37126],[-90.69313,34.32257],[-90.66934,34.31309],[-90.65749,34.32223],[-90.66685,34.35577],[-90.65714,34.3774],[-90.64091,34.38886],[-90.60604,34.39326],[-90.58431,34.41219],[-90.57769,34.43245],[-90.59266,34.49058],[-90.57932,34.51803],[-90.54408,34.53774],[-90.53962,34.55392],[-90.59159,34.62101],[-90.58317,34.65196],[-90.56841,34.66888],[-90.5701,34.69343],[-90.54193,34.68386],[-90.55488,34.64517],[-90.54654,34.63102],[-90.53421,34.62746],[-90.50604,34.63824],[-90.47086,34.66768],[-90.46288,34.6838],[-90.47417,34.70528],[-90.52956,34.69583],[-90.57194,34.71278],[-90.56667,34.735],[-90.54556,34.73889],[-90.53979,34.7543],[-90.54417,34.79167],[-90.53333,34.8],[-90.51389,34.8],[-90.49278,34.7725],[-90.49415,34.75757],[-90.52417,34.73139],[-90.51667,34.72722],[-90.48333,34.72222],[-90.44817,34.7401],[-90.47658,34.794],[-90.47037,34.81155],[-90.45538,34.82079],[-90.4835,34.86046],[-90.48032,34.88236],[-90.46227,34.89174],[-90.43656,34.88273],[-90.42941,34.86641],[-90.44969,34.83992],[-90.43873,34.82525],[-90.38939,34.83067],[-90.33845,34.85852],[-90.30849,34.84549],[-90.30288,34.85753],[-90.31774,34.87106],[-90.25786,34.89339],[-90.24133,34.91903],[-90.24518,34.9479],[-90.29516,34.97563],[-90.30782,34.9929],[-90.31018,35.00696],[-90.29661,35.03867],[-90.26554,35.04058],[-90.2518,35.03161],[-90.207,35.02585],[-90.18116,35.05394],[-90.17499,35.07636],[-90.18137,35.09401],[-90.16736,35.12358],[-90.14244,35.13313],[-90.08967,35.11805],[-90.06616,35.13747],[-90.06824,35.15567],[-90.10068,35.17058],[-90.11719,35.1883],[-90.1159,35.19874],[-90.0968,35.19478],[-90.0888,35.2122],[-90.07584,35.21309],[-90.09109,35.245],[-90.10841,35.25528],[-90.14886,35.25427],[-90.16892,35.27971],[-90.15733,35.30149],[-90.10997,35.30499],[-90.07975,35.38391],[-90.11311,35.4106],[-90.12934,35.41383],[-90.14614,35.39979],[-90.13568,35.3767],[-90.16528,35.37398],[-90.17934,35.38531],[-90.16888,35.42188],[-90.12944,35.44212],[-90.12002,35.4666],[-90.10755,35.47696],[-90.07901,35.47687],[-90.06827,35.46707],[-90.0741,35.43414],[-90.06202,35.41518],[-90.06953,35.40813],[-90.05432,35.38928],[-90.04156,35.39662],[-90.05678,35.40386],[-90.04809,35.41174],[-90.00267,35.42999],[-90.01253,35.46367],[-90.04833,35.50425],[-90.0491,35.52181],[-90.03128,35.5543],[-89.98967,35.56022],[-89.95809,35.54123],[-89.95875,35.52384],[-89.92437,35.5113],[-89.90464,35.51935],[-89.90414,35.53558],[-89.9134,35.5361],[-89.91068,35.54745],[-89.9421,35.557],[-89.95757,35.58853],[-89.93249,35.60801],[-89.91128,35.61759],[-89.8915,35.61593],[-89.85775,35.63368],[-89.85128,35.65761],[-89.86311,35.67052],[-89.89424,35.65161],[-89.92545,35.65821],[-89.95584,35.6904],[-89.95781,35.72737],[-89.90746,35.75929],[-89.89284,35.75059],[-89.86306,35.75713],[-89.85236,35.75543],[-89.84419,35.74309],[-89.82545,35.74519],[-89.79942,35.75811],[-89.79957,35.78833],[-89.78166,35.80523],[-89.76539,35.81121],[-89.72868,35.8026],[-89.69864,35.81871],[-89.69553,35.83567],[-89.7729,35.86563],[-89.76868,35.88882],[-89.74455,35.9107],[-89.71635,35.90706],[-89.66908,35.87451],[-89.64359,35.88974],[-89.6465,35.92374],[-89.7185,35.96312],[-89.72292,35.98906],[-89.73306,36.00081],[-90.3779,35.99574],[-90.35178,36.02506],[-90.34821,36.04157],[-90.33687,36.04724],[-90.33334,36.06748],[-90.32062,36.07132],[-90.31961,36.08957],[-90.30018,36.09772],[-90.29306,36.11443],[-90.27298,36.11681],[-90.23544,36.1394],[-90.23535,36.15954],[-90.22035,36.18454],[-90.20441,36.18686],[-90.18813,36.20546],[-90.15572,36.21382],[-90.14185,36.22765],[-90.12626,36.22921],[-90.13088,36.24137],[-90.11707,36.26349],[-90.08353,36.27212],[-90.07572,36.28105],[-90.07901,36.28987],[-90.06419,36.3025],[-90.08238,36.322],[-90.0635,36.38408],[-90.08152,36.4011],[-90.1156,36.40582],[-90.1274,36.41674],[-90.1385,36.41373],[-90.1344,36.42288],[-90.14431,36.42602],[-90.13426,36.43645],[-90.13395,36.45378],[-90.14301,36.46796],[-90.15541,36.46379],[-90.14239,36.4714],[-90.15954,36.48024],[-90.16007,36.49438],[-90.15231,36.49798],[-94.61786,36.49953],[-94.43101,35.39317],[-94.48591,33.6378],[-94.44834,33.64245],[-94.4485,33.63444],[-94.46275,33.63079],[-94.45304,33.61718],[-94.47171,33.60262],[-94.45111,33.59124],[-94.43065,33.59157],[-94.41245,33.56902],[-94.38065,33.58186],[-94.38015,33.56882],[-94.40146,33.56053],[-94.38166,33.54404],[-94.35271,33.54424],[-94.34734,33.55161],[-94.35263,33.56187],[-94.34371,33.56795],[-94.3315,33.55309],[-94.30954,33.55163],[-94.29983,33.57469],[-94.28787,33.58251],[-94.28074,33.5751],[-94.29083,33.55903],[-94.27732,33.55733],[-94.25998,33.58045],[-94.24252,33.58974],[-94.23693,33.58004],[-94.25069,33.55711],[-94.22826,33.55231],[-94.20582,33.5671],[-94.19545,33.55516],[-94.18981,33.56183],[-94.19448,33.57367],[-94.2173,33.58024],[-94.19669,33.58122],[-94.18377,33.59467],[-94.16182,33.58869],[-94.15698,33.5758],[-94.14203,33.58113],[-94.15145,33.56847],[-94.13514,33.57103],[-94.12874,33.55092],[-94.12067,33.56699],[-94.0725,33.57232],[-94.07382,33.58475],[-94.05562,33.56158],[-94.07342,33.55492],[-94.04331,33.55158],[-94.04301,33.01926],[-91.16589,33.0043],[-91.16076,33.02081],[-91.12763,33.03496],[-91.12067,33.0577],[-91.15022,33.08213],[-91.19992,33.10675],[-91.20181,33.12404],[-91.18322,33.1418],[-91.16311,33.14219],[-91.15047,33.13088],[-91.13394,33.12913],[-91.08602,33.13628],[-91.0804,33.18009],[-91.10026,33.21943],[-91.0708,33.2274],[-91.05051,33.25124],[-91.04386,33.27578],[-91.05518,33.28631],[-91.07805,33.28363],[-91.09852,33.23869],[-91.10579,33.24153],[-91.14138,33.29882],[-91.14222,33.34899],[-91.0647,33.41816],[-91.05811,33.44691],[-91.06913,33.45567],[-91.0869,33.45139],[-91.09646,33.43794],[-91.10003,33.40658],[-91.12013,33.389],[-91.14811,33.37879],[-91.17995,33.38401],[-91.20932,33.4065],[-91.1996,33.41819],[-91.1753,33.41713],[-91.13188,33.43026],[-91.11692,33.45374],[-91.1344,33.48316],[-91.17031,33.49785],[-91.17753,33.48299],[-91.16947,33.45257],[-91.17717,33.44394],[-91.20647,33.43392],[-91.2357,33.43943],[-91.23169,33.45686],[-91.20748,33.46951],[-91.18249,33.49983],[-91.21884,33.52938],[-91.23339,33.56275],[-91.16406,33.5705],[-91.13619,33.59087],[-91.12867,33.60678],[-91.14124,33.63006],[-91.1762,33.65152],[-91.21763,33.65933],[-91.23041,33.68224],[-91.21488,33.69927],[-91.16037,33.7066],[-91.1309,33.67493],[-91.09305,33.65818],[-91.03371,33.67384],[-91.03024,33.68758],[-91.06112,33.71537],[-91.10245,33.70482],[-91.12977,33.71204],[-91.14881,33.73136],[-91.14496,33.76808],[-91.13186,33.78366],[-91.10866,33.77167],[-91.05339,33.77828],[-91.02012,33.76412],[-90.99091,33.7774],[-90.98956,33.78865],[-91.00008,33.79925],[-91.04908,33.81603],[-91.073,33.85884],[-91.07066,33.8717],[-91.0305,33.90244],[-91.01113,33.93528],[-91.08509,33.95671],[-91.09048,33.99142],[-91.08242,34.00913],[-91.0479,33.99252],[-91.01895,34.00323],[-91.00045,33.96683],[-90.97601,33.96078],[-90.96526,33.96557],[-90.96132,33.979],[-90.98818,34.01921],[-90.96556,34.02671],[-90.91855,34.02135],[-90.8906,34.02851],[-90.888,34.05494],[-90.87266,34.07535],[-90.87282,34.0879],[-90.88819,34.09782],[-90.92129,34.09351],[-90.95577,34.11871]]]}},{"type":"Feature","properties":{"statefp":"06","stusps":"CA","name":"California"},"geometry":{"type":"MultiPolygon","coordinates":[[[[-119.99923,41.99494],[-120.99008,41.99306],[-122.37805,42.0095],[-123.044,42.00308],[-123.14574,42.00876],[-123.65721,41.99509],[-124.32883,41.99833],[-124.307,41.99291],[-124.28858,41.96956],[-124.29194,41.9285],[-124.27612,41.90305],[-124.28503,41.85949],[-124.31194,41.85879],[-124.34765,41.88315],[-124.40124,41.88559],[-124.43502,41.85651],[-124.43891,41.8245],[-124.39205,41.77238],[-124.33061,41.73379],[-124.21171,41.68119],[-124.20978,41.6352],[-124.19011,41.60819],[-124.18499,41.56577],[-124.16049,41.54341],[-124.13323,41.43231],[-124.13997,41.38182],[-124.17656,41.39035],[-124.20651,41.38472],[-124.23109,41.36886],[-124.24242,41.3433],[-124.23821,41.32145],[-124.22003,41.30299],[-124.1607,41.28929],[-124.19553,41.18458],[-124.23762,41.16596],[-124.25247,41.13408],[-124.24959,41.09902],[-124.22708,41.04662],[-124.20498,41.01364],[-124.18269,41.00131],[-124.19762,40.95053],[-124.23262,40.86929],[-124.40337,40.61317],[-124.44768,40.52971],[-124.45256,40.49308],[-124.47916,40.45264],[-124.48054,40.42849],[-124.42806,40.36178],[-124.41828,40.31429],[-124.4279,40.2888],[-124.42822,40.25812],[-124.41103,40.22528],[-124.33369,40.16718],[-124.2721,40.13365],[-124.2312,40.09338],[-124.15376,40.06354],[-124.1441,40.0524],[-124.1441,40.01817],[-124.13326,39.99986],[-124.10858,39.97884],[-124.0786,39.97226],[-124.03535,39.93107],[-124.00545,39.88929],[-123.98295,39.87678],[-123.9536,39.82699],[-123.91053,39.79957],[-123.90097,39.78047],[-123.89574,39.71141],[-123.88031,39.68909],[-123.85718,39.67469],[-123.85252,39.59237],[-123.83465,39.54919],[-123.85265,39.51485],[-123.86783,39.50831],[-123.87513,39.49418],[-123.8889,39.44394],[-123.89494,39.34835],[-123.85009,39.2314],[-123.84077,39.18733],[-123.80921,39.14104],[-123.76197,39.04109],[-123.76315,39.00869],[-123.79722,38.98986],[-123.80986,38.96122],[-123.78468,38.89373],[-123.64125,38.76439],[-123.59196,38.74023],[-123.56609,38.70902],[-123.51058,38.68089],[-123.36093,38.5102],[-123.32381,38.49861],[-123.30674,38.47868],[-123.26919,38.45757],[-123.22022,38.44195],[-123.19616,38.41011],[-123.16476,38.38834],[-123.13431,38.34579],[-123.14133,38.31134],[-123.13452,38.29626],[-123.04962,38.21429],[-123.01482,38.14913],[-123.0638,38.03649],[-123.08513,38.00843],[-123.08388,37.98337],[-123.06797,37.95867],[-123.02251,37.94206],[-122.95322,37.94109],[-122.91917,37.95484],[-122.90228,37.97739],[-122.88929,37.97411],[-122.85046,37.94559],[-122.8298,37.91033],[-122.78903,37.89376],[-122.76677,37.8658],[-122.71585,37.84562],[-122.67565,37.84852],[-122.61228,37.81522],[-122.58817,37.78936],[-122.5675,37.63918],[-122.58818,37.57941],[-122.57496,37.49994],[-122.56809,37.47921],[-122.547,37.45786],[-122.50989,37.44155],[-122.50354,37.4119],[-122.46701,37.34989],[-122.48405,37.24994],[-122.46412,37.17785],[-122.44563,37.15004],[-122.39692,37.10989],[-122.39313,37.08716],[-122.37609,37.06565],[-122.34821,37.05567],[-122.3139,37.05476],[-122.27638,37.02483],[-122.25108,36.98583],[-122.17202,36.94268],[-122.0764,36.9102],[-122.00112,36.6477],[-122.04073,36.60012],[-122.04405,36.57825],[-122.01745,36.5374],[-122.022,36.50891],[-121.99947,36.46645],[-121.99712,36.441],[-121.98104,36.41963],[-121.95767,36.28512],[-121.90116,36.23965],[-121.88019,36.21031],[-121.77069,36.16201],[-121.72781,36.12901],[-121.67436,36.06466],[-121.64818,35.99862],[-121.63182,35.97895],[-121.56146,35.94382],[-121.53201,35.8848],[-121.50105,35.84275],[-121.4561,35.81771],[-121.4285,35.7859],[-121.39346,35.7634],[-121.36636,35.68042],[-121.34772,35.66498],[-121.32351,35.62497],[-121.20155,35.58369],[-121.17776,35.56126],[-121.15106,35.51641],[-121.04163,35.41999],[-120.93329,35.39275],[-120.92343,35.34841],[-120.95333,35.28485],[-120.96125,35.24997],[-120.94903,35.22102],[-120.91779,35.18738],[-120.85693,35.14281],[-120.80041,35.11658],[-120.75243,35.10946],[-120.7255,35.11358],[-120.68961,35.09883],[-120.69472,35.02884],[-120.72675,34.9438],[-120.73438,34.9015],[-120.72032,34.86924],[-120.67328,34.83862],[-120.70209,34.74833],[-120.66469,34.69634],[-120.68648,34.64502],[-120.70531,34.62141],[-120.71333,34.57496],[-120.70645,34.55191],[-120.68221,34.52533],[-120.64236,34.50377],[-120.59433,34.50407],[-120.55944,34.48847],[-120.52365,34.41951],[-120.501,34.40314],[-120.45601,34.39149],[-120.28713,34.41761],[-120.14728,34.42292],[-120.09067,34.40929],[-120.02436,34.40934],[-119.91653,34.37261],[-119.89152,34.35746],[-119.83792,34.35432],[-119.79707,34.36533],[-119.71613,34.33611],[-119.65136,34.36671],[-119.58479,34.36166],[-119.50095,34.32692],[-119.46699,34.29366],[-119.40199,34.27226],[-119.37593,34.24988],[-119.33489,34.23687],[-119.28574,34.14081],[-119.21799,34.06249],[-119.15896,34.04025],[-118.95243,33.99296],[-118.8873,33.98722],[-118.84112,33.95537],[-118.81475,33.94721],[-118.78653,33.95143],[-118.72746,33.98031],[-118.55736,33.98767],[-118.52345,33.95305],[-118.44725,33.84876],[-118.44397,33.83906],[-118.48448,33.80315],[-118.48558,33.75366],[-118.46696,33.72552],[-118.34542,33.66343],[-118.31914,33.65955],[-118.27424,33.66343],[-118.23701,33.6906],[-118.1259,33.69715],[-118.09647,33.65365],[-118.04985,33.62002],[-117.93405,33.54925],[-117.81636,33.49087],[-117.74141,33.41012],[-117.71357,33.40878],[-117.62588,33.34211],[-117.57153,33.3123],[-117.46787,33.21249],[-117.43556,33.17751],[-117.37587,33.07522],[-117.32328,32.90306],[-117.342,32.84035],[-117.3303,32.80482],[-117.32094,32.68985],[-117.30924,32.6564],[-117.26879,32.61941],[-117.24679,32.61485],[-117.2233,32.62124],[-117.20492,32.52883],[-115.88614,32.63554],[-114.7195,32.71874],[-114.70158,32.74563],[-114.68823,32.73753],[-114.6174,32.72826],[-114.61511,32.73452],[-114.58178,32.73495],[-114.58174,32.74232],[-114.56451,32.74227],[-114.56445,32.74955],[-114.52686,32.75709],[-114.52963,32.79548],[-114.46897,32.84515],[-114.46293,32.90794],[-114.48092,32.93628],[-114.46806,32.95526],[-114.4686,32.97165],[-114.49294,32.97178],[-114.50287,33.01115],[-114.52013,33.02998],[-114.57516,33.03654],[-114.58978,33.02623],[-114.61879,33.0272],[-114.64598,33.0489],[-114.66506,33.03391],[-114.68902,33.08404],[-114.70649,33.08816],[-114.70368,33.11377],[-114.67995,33.15906],[-114.67536,33.18549],[-114.67363,33.22312],[-114.68954,33.24643],[-114.67209,33.2585],[-114.68051,33.27358],[-114.72167,33.28698],[-114.73122,33.30243],[-114.70787,33.32332],[-114.69804,33.35244],[-114.70731,33.38254],[-114.72528,33.40505],[-114.68795,33.41793],[-114.6433,33.41675],[-114.62964,33.42814],[-114.62292,33.45656],[-114.59237,33.49867],[-114.56953,33.50922],[-114.5589,33.53182],[-114.52421,33.55307],[-114.54062,33.59141],[-114.52184,33.61254],[-114.53122,33.62391],[-114.5238,33.6347],[-114.53319,33.65166],[-114.51406,33.66018],[-114.53027,33.66682],[-114.53152,33.67511],[-114.52396,33.68588],[-114.49649,33.6969],[-114.4942,33.70792],[-114.51235,33.73421],[-114.50486,33.76047],[-114.52805,33.81496],[-114.51997,33.82538],[-114.52988,33.85756],[-114.50302,33.868],[-114.52587,33.90101],[-114.50792,33.90381],[-114.53568,33.93355],[-114.52273,33.95504],[-114.49988,33.96179],[-114.45926,33.99471],[-114.46587,34.01099],[-114.43827,34.02261],[-114.43418,34.08738],[-114.41168,34.11003],[-114.36652,34.11858],[-114.35303,34.13312],[-114.32078,34.13864],[-114.28729,34.17053],[-114.25703,34.17284],[-114.22971,34.18693],[-114.22519,34.20364],[-114.16612,34.25001],[-114.16465,34.2597],[-114.13121,34.26273],[-114.13828,34.30323],[-114.15721,34.31786],[-114.17691,34.34931],[-114.22611,34.36592],[-114.26432,34.40133],[-114.28866,34.40662],[-114.29484,34.42139],[-114.32613,34.43725],[-114.33537,34.45004],[-114.37372,34.44694],[-114.3867,34.45791],[-114.38084,34.52972],[-114.40523,34.56964],[-114.43681,34.59607],[-114.42534,34.60084],[-114.4242,34.61045],[-114.43874,34.62145],[-114.44146,34.64253],[-114.45798,34.65711],[-114.45051,34.66684],[-114.47048,34.71137],[-114.48751,34.71663],[-114.55268,34.76687],[-114.58684,34.83567],[-114.63438,34.87289],[-114.63349,35.00186],[-115.25972,35.50354],[-116.09417,36.15626],[-117.50012,37.22038],[-118.7142,38.10211],[-120.00101,38.99957],[-120.00647,39.27288],[-119.99571,40.37583],[-119.99923,41.99494]]],[[[-123.17382,37.77573],[-123.15676,37.73784],[-123.12611,37.71673],[-123.09285,37.71369],[-123.06859,37.67304],[-123.0407,37.65033],[-122.98675,37.64178],[-122.96301,37.65198],[-122.94136,37.67658],[-122.93587,37.70246],[-122.94998,37.73219],[-122.99754,37.77078],[-123.03384,37.77837],[-123.07049,37.81383],[-123.09526,37.82188],[-123.13227,37.81968],[-123.16601,37.79689],[-123.17382,37.77573]]],[[[-119.49229,33.98322],[-119.43296,33.95591],[-119.38046,33.95361],[-119.31162,33.98002],[-119.29624,33.99724],[-119.2944,34.0275],[-119.31209,34.05439],[-119.34246,34.06896],[-119.46784,34.06293],[-119.51211,34.09346],[-119.55743,34.1086],[-119.61427,34.09943],[-119.65493,34.07122],[-119.69301,34.09485],[-119.75098,34.11258],[-119.7926,34.10637],[-119.82922,34.1187],[-119.92879,34.1299],[-119.96547,34.11256],[-119.99164,34.06487],[-120.01021,34.08404],[-120.04515,34.09061],[-120.08029,34.0864],[-120.10292,34.07449],[-120.17113,34.07332],[-120.19758,34.05815],[-120.25285,34.05803],[-120.28465,34.09475],[-120.33856,34.12169],[-120.35516,34.14502],[-120.41879,34.16057],[-120.47165,34.1341],[-120.49738,34.14989],[-120.53812,34.15034],[-120.56785,34.13562],[-120.58226,34.10752],[-120.58155,34.09149],[-120.567,34.06864],[-120.52339,34.05113],[-120.51878,34.01408],[-120.48815,33.98428],[-120.46678,33.97612],[-120.41177,33.97704],[-120.36707,33.96104],[-120.29897,33.96846],[-120.28003,33.95394],[-120.26449,33.91892],[-120.22113,33.88419],[-120.12596,33.84235],[-120.09046,33.84632],[-120.02781,33.86651],[-119.98084,33.89232],[-119.93919,33.89864],[-119.91893,33.91435],[-119.90476,33.93967],[-119.83442,33.90079],[-119.77283,33.91241],[-119.70749,33.91039],[-119.63673,33.93828],[-119.53895,33.94766],[-119.49229,33.98322]]],[[[-119.11895,33.50002],[-119.10721,33.50002],[-119.10615,33.44501],[-119.09413,33.42687],[-119.07189,33.4138],[-119.02704,33.41287],[-118.98873,33.42344],[-118.97848,33.43111],[-118.96375,33.46683],[-118.97101,33.51065],[-119.00093,33.53589],[-119.0765,33.53515],[-119.10421,33.52289],[-119.11895,33.50002]]],[[[-119.63607,33.28071],[-119.63128,33.24497],[-119.60528,33.20692],[-119.57419,33.18648],[-119.512,33.16775],[-119.44497,33.16527],[-119.39454,33.18084],[-119.37594,33.19219],[-119.3607,33.22145],[-119.36213,33.24522],[-119.37973,33.26763],[-119.43,33.30103],[-119.51914,33.3337],[-119.59922,33.32328],[-119.62594,33.30504],[-119.63607,33.28071]]],[[[-118.6782,33.03973],[-118.67017,33.00003],[-118.64473,33.00003],[-118.63552,32.9656],[-118.6088,32.92769],[-118.59693,32.89047],[-118.55319,32.8288],[-118.46471,32.76018],[-118.43654,32.75004],[-118.40832,32.75191],[-118.37838,32.77023],[-118.35349,32.76581],[-118.32382,32.77351],[-118.29584,32.79826],[-118.28878,32.82083],[-118.29725,32.84509],[-118.44886,32.96175],[-118.51497,33.04989],[-118.5421,33.07379],[-118.57834,33.08624],[-118.63264,33.08454],[-118.66385,33.06685],[-118.6782,33.03973]]],[[[-118.6682,33.48594],[-118.65506,33.44531],[-118.61857,33.40619],[-118.54793,33.3768],[-118.54748,33.34048],[-118.53489,33.31518],[-118.48669,33.2769],[-118.38559,33.26536],[-118.32799,33.24808],[-118.2807,33.25909],[-118.24908,33.28414],[-118.24129,33.32302],[-118.25771,33.36413],[-118.3041,33.40363],[-118.31635,33.43414],[-118.35939,33.46492],[-118.42084,33.48178],[-118.46285,33.51043],[-118.52938,33.53118],[-118.62592,33.52898],[-118.65574,33.51082],[-118.6682,33.48594]]]]}},{"type":"Feature","properties":{"statefp":"08","stusps":"CO","name":"Colorado"},"geometry":{"type":"Polygon","coordinates":[[[-103.00233,37.00015],[-102.04209,36.99302],[-102.05172,41.00236],[-109.05003,41.00069],[-109.05117,39.1426],[-109.0602,38.27824],[-109.04257,38.15702],[-109.04517,36.99898],[-103.00233,37.00015]]]}},{"type":"Feature","properties":{"statefp":"69","stusps":"MP","name":"Commonwealth of the Northern Mariana Islands"},"geometry":{"type":"MultiPolygon","coordinates":[[[[145.05897,14.125],[145.06447,14.08171],[145.07775,14.06041],[145.09691,14.04705],[145.17799,14.03656],[145.21956,14.05598],[145.23302,14.05253],[145.27392,14.064],[145.29914,14.09194],[145.33964,14.10828],[145.37141,14.17013],[145.37448,14.20083],[145.3517,14.24441],[145.23562,14.2666],[145.20139,14.25375],[145.17833,14.23502],[145.14309,14.23132],[145.11431,14.21691],[145.09194,14.19363],[145.09146,14.16874],[145.07524,14.15911],[145.05897,14.125]]],[[[145.56314,18.77882],[145.57689,18.72965],[145.60861,18.68228],[145.6612,18.65917],[145.68462,18.65784],[145.73662,18.68791],[145.7698,18.75],[145.76492,18.79557],[145.75,18.82709],[145.70997,18.8724],[145.67609,18.88055],[145.63966,18.87837],[145.60784,18.86586],[145.5754,18.82043],[145.56314,18.77882]]],[[[145.5726,15.12502],[145.53502,15.08921],[145.51832,15.05628],[145.5136,15.02683],[145.51322,15],[145.52477,14.97146],[145.56289,14.93428],[145.48935,14.8987],[145.46822,14.85334],[145.48268,14.79921],[145.50773,14.77937],[145.53262,14.77269],[145.59172,14.78143],[145.63269,14.81907],[145.65313,14.85737],[145.68374,14.86423],[145.73076,14.9173],[145.74775,14.97122],[145.74269,15.01422],[145.75007,15.0666],[145.80268,15.07562],[145.83389,15.10194],[145.83741,15.12007],[145.87598,15.13544],[145.87985,15.19326],[145.90937,15.27408],[145.89635,15.30873],[145.85281,15.35189],[145.80285,15.35783],[145.78181,15.34835],[145.73543,15.31265],[145.70851,15.27527],[145.6917,15.24701],[145.68697,15.19736],[145.6693,15.16196],[145.64831,15.13867],[145.5726,15.12502]]],[[[144.81544,20.56282],[144.81604,20.5233],[144.82676,20.49177],[144.86247,20.4671],[144.88711,20.46291],[144.92643,20.47009],[144.96385,20.5],[144.97915,20.52586],[144.97109,20.58119],[144.94141,20.60832],[144.92304,20.61437],[144.875,20.61447],[144.8461,20.60516],[144.81544,20.56282]]],[[[145.13189,20.03956],[145.1426,19.98625],[145.18312,19.95191],[145.21214,19.94734],[145.25,19.94855],[145.28224,19.96878],[145.30216,19.99281],[145.31497,20.03296],[145.28557,20.08194],[145.23361,20.10267],[145.17865,20.09651],[145.16093,20.08616],[145.14617,20.07639],[145.13189,20.03956]]],[[[145.30633,19.69841],[145.31296,19.65369],[145.33033,19.615],[145.40002,19.58843],[145.4275,19.59096],[145.45498,19.60488],[145.49562,19.67992],[145.48984,19.70358],[145.47271,19.72673],[145.43528,19.75561],[145.39692,19.76471],[145.35969,19.75641],[145.30633,19.69841]]],[[[145.64375,18.05795],[145.66402,18.00925],[145.69539,17.98984],[145.7441,17.98604],[145.77786,18.00343],[145.80925,18.02952],[145.84424,18.04554],[145.875,18.08659],[145.89065,18.15507],[145.88029,18.18637],[145.85599,18.2232],[145.84002,18.23383],[145.79405,18.24307],[145.75952,18.24109],[145.69131,18.18905],[145.68549,18.15362],[145.66032,18.1192],[145.64375,18.05795]]],[[[145.74666,17.59937],[145.75,17.56426],[145.77673,17.53597],[145.81779,17.51446],[145.86766,17.51772],[145.89666,17.53354],[145.91833,17.56724],[145.92445,17.59912],[145.9177,17.65463],[145.89393,17.6803],[145.85687,17.69055],[145.80011,17.68409],[145.74666,17.59937]]],[[[145.76437,17.34439],[145.76338,17.30586],[145.77421,17.27308],[145.80548,17.2411],[145.84682,17.22527],[145.89072,17.24331],[145.91214,17.27076],[145.92582,17.29713],[145.92601,17.33329],[145.93655,17.34037],[145.92155,17.36675],[145.89641,17.38839],[145.85054,17.40119],[145.80157,17.38699],[145.76437,17.34439]]],[[[145.70117,16.72411],[145.71175,16.66568],[145.73831,16.64095],[145.76296,16.63224],[145.80268,16.63237],[145.84208,16.64792],[145.86763,16.69052],[145.8679,16.74176],[145.82319,16.78212],[145.79239,16.79197],[145.72219,16.764],[145.7083,16.75],[145.70117,16.72411]]],[[[145.55884,16.37415],[145.56008,16.34125],[145.57507,16.30581],[145.64991,16.27377],[145.6932,16.27399],[145.73291,16.29331],[145.76764,16.32397],[145.78282,16.35992],[145.77088,16.41228],[145.75,16.43765],[145.67571,16.45235],[145.625,16.4425],[145.57133,16.40199],[145.55884,16.37415]]],[[[146.00199,16.02878],[146.01071,15.97067],[146.04444,15.94789],[146.08816,15.95295],[146.13316,15.98102],[146.15442,16.02277],[146.15192,16.05187],[146.13818,16.07465],[146.09403,16.09728],[146.05077,16.09337],[146.01425,16.05744],[146.00199,16.02878]]]]}},{"type":"Feature","properties":{"statefp":"09","stusps":"CT","name":"Connecticut"},"geometry":{"type":"Polygon","coordinates":[[[-72.08177,41.26224],[-71.99949,41.29579],[-71.92945,41.31039],[-71.90726,41.30448],[-71.89207,41.33008],[-71.85746,41.32079],[-71.82936,41.34243],[-71.83787,41.36015],[-71.83064,41.37877],[-71.84359,41.40533],[-71.82033,41.41938],[-71.79775,41.41673],[-71.78821,41.62102],[-71.80067,42.02351],[-72.53155,42.03458],[-72.58216,42.02474],[-72.75589,42.03635],[-72.75206,42.02902],[-72.76525,42.02237],[-72.75895,42.01547],[-72.76673,42.00327],[-72.81705,41.99768],[-72.81378,42.03674],[-73.48732,42.04953],[-73.55096,41.29542],[-73.4827,41.21277],[-73.72777,41.1007],[-73.65525,41.01225],[-73.65677,40.98451],[-73.61289,40.95094],[-73.24956,41.02587],[-72.99955,41.08711],[-72.08177,41.26224]]]}},{"type":"Feature","properties":{"statefp":"10","stusps":"DE","name":"Delaware"},"geometry":{"type":"Polygon","coordinates":[[[-75.48846,39.71466],[-75.47644,39.7162],[-75.4622,39.7632],[-75.4383,39.7844],[-75.40541,39.7964],[-75.45288,39.82023],[-75.5059,39.83481],[-75.56187,39.83951],[-75.61813,39.83396],[-75.70781,39.79863],[-75.74749,39.76424],[-75.77379,39.7222],[-75.7886,39.7222],[-75.78863,39.64957],[-75.69367,38.46008],[-74.98628,38.45163],[-74.98517,38.52817],[-75.01611,38.79053],[-75.16846,39.05618],[-75.32102,39.25138],[-75.56054,39.45564],[-75.55909,39.49581],[-75.52697,39.49917],[-75.52679,39.53144],[-75.53401,39.5407],[-75.51196,39.56729],[-75.51475,39.58088],[-75.55351,39.60182],[-75.55877,39.62999],[-75.51575,39.66605],[-75.48846,39.71466]]]}},{"type":"Feature","properties":{"statefp":"11","stusps":"DC","name":"District of Columbia"},"geometry":{"type":"Polygon","coordinates":[[[-77.11975,38.93435],[-77.10203,38.91192],[-77.06864,38.90029],[-77.05914,38.88091],[-77.03946,38.86973],[-77.03307,38.84455],[-77.04802,38.84126],[-77.03776,38.83014],[-77.03901,38.79165],[-76.90939,38.89285],[-77.04088,38.99585],[-77.11975,38.93435]]]}},{"type":"Feature","properties":{"statefp":"12","stusps":"FL","name":"Florida"},"geometry":{"type":"MultiPolygon","coordinates":[[[[-83.10874,24.62949],[-83.10353,24.57996],[-83.08256,24.53687],[-83.04355,24.49857],[-82.99988,24.47698],[-82.99974,24.58392],[-82.94329,24.56893],[-82.91412,24.57597],[-82.87207,24.56222],[-82.84849,24.5676],[-82.82818,24.58376],[-82.65668,24.58371],[-82.63991,24.65491],[-82.65508,24.71332],[-82.67998,24.74851],[-82.70978,24.77312],[-82.77567,24.79817],[-82.86889,24.79809],[-82.97906,24.77605],[-83.04111,24.74091],[-83.08845,24.69205],[-83.10874,24.62949]]],[[[-80.15291,25.39466],[-80.1391,25.4331],[-80.10892,25.44834],[-80.09456,25.47567],[-80.09787,25.50192],[-80.11557,25.52666],[-80.104,25.56187],[-80.10777,25.60663],[-80.09178,25.72111],[-80.06943,25.75736],[-80.05453,26.07312],[-79.98248,26.56925],[-79.97543,26.80025],[-80.0391,27.02985],[-80.08096,27.12533],[-80.09541,27.18064],[-80.2224,27.44696],[-80.2293,27.48563],[-80.24977,27.51899],[-80.28135,27.62117],[-80.29493,27.63928],[-80.33253,27.76116],[-80.49977,28.07723],[-80.544,28.27109],[-80.51943,28.39108],[-80.48121,28.42551],[-80.4686,28.46308],[-80.50359,28.54036],[-80.52297,28.60824],[-80.63557,28.75027],[-80.90684,29.14471],[-81.04571,29.43246],[-81.1864,29.76008],[-81.20518,29.82243],[-81.20927,29.87525],[-81.25513,30.00024],[-81.33063,30.29948],[-81.33538,30.36129],[-81.32156,30.37857],[-81.3169,30.40772],[-81.33229,30.43304],[-81.35357,30.44666],[-81.35488,30.49275],[-81.37767,30.54446],[-81.38087,30.62734],[-81.3734,30.66278],[-81.35155,30.68567],[-81.34701,30.71244],[-81.45124,30.70948],[-81.47411,30.71391],[-81.48846,30.72631],[-81.5323,30.72409],[-81.53839,30.70866],[-81.54838,30.71828],[-81.56142,30.71167],[-81.57422,30.7225],[-81.59618,30.71867],[-81.60188,30.72959],[-81.60987,30.71593],[-81.62298,30.72347],[-81.62437,30.73634],[-81.63043,30.72809],[-81.63662,30.73394],[-81.65215,30.72887],[-81.65183,30.74221],[-81.66301,30.74349],[-81.66232,30.75418],[-81.6831,30.74849],[-81.67084,30.7474],[-81.67249,30.73879],[-81.69389,30.74847],[-81.72013,30.74472],[-81.76172,30.7757],[-81.77071,30.77682],[-81.77157,30.76414],[-81.78263,30.76145],[-81.79308,30.78725],[-81.79717,30.78147],[-81.80745,30.79012],[-81.86852,30.79291],[-81.88267,30.80028],[-81.89198,30.82488],[-81.90125,30.82988],[-81.90911,30.81568],[-81.92874,30.81751],[-81.93883,30.82985],[-81.94964,30.82784],[-81.96448,30.8173],[-81.96217,30.79698],[-81.97364,30.77872],[-82.00767,30.79304],[-82.02288,30.78771],[-82.0116,30.76188],[-82.02768,30.75093],[-82.03677,30.75443],[-82.04561,30.72755],[-82.03593,30.70621],[-82.05026,30.67611],[-82.04902,30.65529],[-82.02826,30.62201],[-82.02723,30.60666],[-82.01509,30.6006],[-82.0054,30.5637],[-82.01905,30.53301],[-82.01691,30.47511],[-82.04,30.43666],[-82.03406,30.42003],[-82.04376,30.41487],[-82.03722,30.37185],[-82.06618,30.35576],[-82.10524,30.3689],[-82.16178,30.35711],[-82.18479,30.37894],[-82.1903,30.37627],[-82.20673,30.40677],[-82.21086,30.42538],[-82.20124,30.48511],[-82.22507,30.50769],[-82.2404,30.53777],[-82.23419,30.55765],[-82.21468,30.56856],[-83.49993,30.64567],[-84.86469,30.71154],[-84.89612,30.75059],[-84.91432,30.75359],[-84.93742,30.82089],[-84.92566,30.84268],[-84.93982,30.87259],[-84.93442,30.88359],[-84.98313,30.93479],[-84.98113,30.96339],[-85.00573,30.97591],[-85.0019,31.00068],[-85.99861,30.99287],[-87.59883,30.99745],[-87.59093,30.95351],[-87.63474,30.86561],[-87.61525,30.83421],[-87.54543,30.77939],[-87.52998,30.74095],[-87.50194,30.72127],[-87.48128,30.717],[-87.46809,30.70021],[-87.44957,30.69896],[-87.40647,30.67515],[-87.39434,30.64561],[-87.39491,30.61427],[-87.40759,30.60086],[-87.41792,30.56225],[-87.44798,30.52661],[-87.44452,30.51425],[-87.45037,30.51446],[-87.43098,30.49829],[-87.43558,30.4805],[-87.42508,30.4656],[-87.36694,30.44048],[-87.40298,30.4104],[-87.42958,30.4065],[-87.46108,30.3353],[-87.5047,30.32404],[-87.49998,30.3062],[-87.45008,30.3111],[-87.45238,30.3002],[-87.51838,30.2839],[-87.51837,30.12553],[-87.30281,30.1683],[-87.17692,30.17281],[-86.8556,30.22792],[-86.71348,30.24363],[-86.63841,30.24629],[-86.52389,30.23158],[-86.4456,30.23231],[-86.30638,30.2094],[-86.1498,30.16291],[-86.0055,30.10606],[-85.8935,30.04529],[-85.80356,29.97816],[-85.70979,29.93584],[-85.64587,29.87591],[-85.58962,29.83756],[-85.57717,29.74594],[-85.54274,29.64934],[-85.49361,29.57431],[-85.44822,29.53443],[-85.40346,29.51399],[-85.35451,29.50537],[-85.30839,29.50889],[-85.25967,29.52481],[-85.17712,29.48516],[-85.12957,29.45328],[-85.06032,29.43622],[-85.00078,29.44168],[-84.89636,29.47121],[-84.79732,29.52205],[-84.71055,29.55206],[-84.65943,29.58064],[-84.58868,29.64074],[-84.47452,29.68773],[-84.41995,29.74696],[-84.32327,29.74809],[-84.25923,29.76815],[-84.21794,29.7966],[-84.18998,29.83038],[-84.17024,29.87133],[-84.1608,29.92127],[-84.06492,29.94008],[-84.03015,29.91312],[-83.97264,29.88642],[-83.919,29.84194],[-83.87878,29.82624],[-83.83029,29.81972],[-83.7809,29.79004],[-83.75747,29.75321],[-83.74168,29.69817],[-83.70578,29.64405],[-83.67142,29.61442],[-83.6144,29.58842],[-83.58207,29.56332],[-83.56633,29.46484],[-83.53876,29.41449],[-83.50493,29.38423],[-83.43566,29.3497],[-83.40251,29.31692],[-83.35723,29.2917],[-83.34747,29.2454],[-83.33042,29.21186],[-83.29873,29.17803],[-83.26208,29.15572],[-83.26431,29.11915],[-83.25588,29.08179],[-83.22465,29.02539],[-83.19827,28.99505],[-83.15075,28.964],[-83.0939,28.94744],[-83.00568,28.9468],[-82.94557,28.96375],[-82.94177,28.90683],[-82.9158,28.8565],[-82.92743,28.8107],[-82.9235,28.76713],[-82.89042,28.7],[-82.87086,28.6216],[-82.83914,28.57458],[-82.85645,28.52774],[-82.85543,28.47721],[-82.89736,28.35701],[-82.94072,28.33956],[-82.97418,28.31574],[-83.00099,28.28334],[-83.01698,28.24645],[-83.02205,28.19891],[-82.99746,28.01275],[-83.02054,27.87831],[-83.01181,27.82055],[-82.99389,27.77767],[-82.9655,27.73391],[-82.91522,27.68413],[-82.93493,27.5837],[-82.92878,27.54335],[-82.90265,27.48104],[-82.86162,27.42373],[-82.8323,27.35572],[-82.73465,27.24682],[-82.71397,27.19913],[-82.67054,27.15444],[-82.59439,26.99023],[-82.49716,26.83327],[-82.44505,26.76463],[-82.43157,26.73615],[-82.43304,26.67521],[-82.42578,26.63809],[-82.3903,26.57525],[-82.37959,26.53686],[-82.35922,26.50157],[-82.34464,26.44282],[-82.32065,26.39675],[-82.27636,26.35102],[-82.2185,26.31085],[-82.16932,26.28846],[-82.08688,26.27195],[-82.00546,26.28443],[-81.98529,26.21318],[-81.96444,26.05361],[-81.91843,25.95273],[-81.90773,25.9004],[-81.87372,25.83412],[-81.80747,25.7363],[-81.76672,25.70025],[-81.72672,25.68151],[-81.68273,25.67277],[-81.62016,25.67364],[-81.57623,25.68604],[-81.51902,25.65694],[-81.50869,25.62361],[-81.4876,25.59205],[-81.42541,25.5516],[-81.38477,25.49701],[-81.358,25.42755],[-81.3252,25.39062],[-81.31491,25.35155],[-81.34024,25.26405],[-81.3423,25.22483],[-81.29506,25.09793],[-81.26785,25.05657],[-81.21427,25.01918],[-81.17055,24.96577],[-81.25758,24.9866],[-81.35038,24.97048],[-81.40548,24.9785],[-81.48849,24.96635],[-81.66013,24.88329],[-81.77824,24.81538],[-81.81421,24.80639],[-81.89429,24.76365],[-81.96754,24.75278],[-82.02695,24.72572],[-82.10976,24.74711],[-82.20073,24.73817],[-82.24395,24.71564],[-82.28243,24.67624],[-82.31146,24.63007],[-82.3265,24.58373],[-82.21545,24.58376],[-82.22229,24.557],[-82.21417,24.52742],[-82.19491,24.507],[-82.16949,24.4977],[-82.10033,24.5],[-82.06717,24.52371],[-82.03427,24.4825],[-81.97441,24.47121],[-81.98205,24.44545],[-81.97447,24.42082],[-81.94644,24.39935],[-81.92056,24.39631],[-81.89426,24.40574],[-81.84105,24.40761],[-81.8007,24.42714],[-81.78181,24.46093],[-81.79236,24.49561],[-81.77081,24.49687],[-81.77369,24.47274],[-81.74981,24.43845],[-81.73011,24.4307],[-81.6972,24.43231],[-81.61026,24.45431],[-81.58583,24.47109],[-81.53992,24.48603],[-81.51988,24.51255],[-81.52785,24.55328],[-81.51462,24.56476],[-81.46509,24.55285],[-81.42064,24.57057],[-81.3748,24.57149],[-81.26463,24.59923],[-81.23991,24.61706],[-81.20426,24.63119],[-81.16939,24.63462],[-81.14769,24.64906],[-81.12062,24.63568],[-81.05974,24.63586],[-81.02258,24.66528],[-80.99979,24.66891],[-80.91891,24.71307],[-80.88696,24.71968],[-80.85223,24.74893],[-80.77109,24.76595],[-80.74511,24.78888],[-80.64043,24.83843],[-80.58545,24.88933],[-80.53816,24.91273],[-80.51434,24.94063],[-80.46289,24.95594],[-80.44552,24.97342],[-80.4391,24.99799],[-80.39966,25.02358],[-80.39043,25.05719],[-80.35778,25.0729],[-80.33332,25.0992],[-80.25966,25.23055],[-80.19104,25.32529],[-80.15291,25.39466]]]]}},{"type":"Feature","properties":{"statefp":"13","stusps":"GA","name":"Georgia"},"geometry":{"type":"Polygon","coordinates":[[[-81.08707,31.52916],[-81.06583,31.62523],[-81.06664,31.65733],[-81.04979,31.68863],[-81.05662,31.71487],[-81.01381,31.72864],[-80.97073,31.79835],[-80.92859,31.81698],[-80.85534,31.91081],[-80.79627,31.95346],[-80.78296,31.99595],[-80.82276,32.03424],[-80.85024,32.04142],[-80.89213,32.03542],[-80.92508,32.04194],[-80.95403,32.07029],[-80.98351,32.07955],[-81.00431,32.10237],[-81.03812,32.08373],[-81.08827,32.09993],[-81.09162,32.11116],[-81.11537,32.11471],[-81.11994,32.1353],[-81.11224,32.1508],[-81.12976,32.16584],[-81.12115,32.1749],[-81.11113,32.1727],[-81.12044,32.1787],[-81.1218,32.19179],[-81.11403,32.1957],[-81.12189,32.19554],[-81.13893,32.21977],[-81.15206,32.22204],[-81.14363,32.22927],[-81.15661,32.24328],[-81.1459,32.25072],[-81.14632,32.26332],[-81.13693,32.26611],[-81.14211,32.27158],[-81.1235,32.27514],[-81.12714,32.28225],[-81.11963,32.28678],[-81.12263,32.30699],[-81.13302,32.30855],[-81.13074,32.32576],[-81.13801,32.32824],[-81.12853,32.33838],[-81.14386,32.35154],[-81.15999,32.34048],[-81.15461,32.35007],[-81.17387,32.36277],[-81.16791,32.36848],[-81.18184,32.37935],[-81.17828,32.39299],[-81.2054,32.42334],[-81.20839,32.43725],[-81.19929,32.44291],[-81.20577,32.45047],[-81.19787,32.44855],[-81.18714,32.46415],[-81.23311,32.49807],[-81.23882,32.50805],[-81.23379,32.51831],[-81.25206,32.51814],[-81.27966,32.53634],[-81.2748,32.54442],[-81.28058,32.55603],[-81.28863,32.55111],[-81.29096,32.56266],[-81.29617,32.55335],[-81.29765,32.56293],[-81.3286,32.56109],[-81.35593,32.57161],[-81.35803,32.58221],[-81.36678,32.57691],[-81.36927,32.5907],[-81.38921,32.59542],[-81.41866,32.62939],[-81.41476,32.63744],[-81.40727,32.63174],[-81.40274,32.63703],[-81.41255,32.64152],[-81.39303,32.65154],[-81.40719,32.66052],[-81.39715,32.66138],[-81.40901,32.69655],[-81.4124,32.6921],[-81.42752,32.7019],[-81.41512,32.71367],[-81.42034,32.72105],[-81.40999,32.72186],[-81.41854,32.73259],[-81.40493,32.74556],[-81.4197,32.74917],[-81.40816,32.7558],[-81.41404,32.75542],[-81.41209,32.76387],[-81.43194,32.76891],[-81.41446,32.77815],[-81.43124,32.78414],[-81.42224,32.78399],[-81.42767,32.78761],[-81.41988,32.79486],[-81.42829,32.80083],[-81.41798,32.8182],[-81.42824,32.81858],[-81.42195,32.82147],[-81.42994,32.82825],[-81.42062,32.83122],[-81.42647,32.84077],[-81.43865,32.84008],[-81.44487,32.85097],[-81.46072,32.84604],[-81.45288,32.87296],[-81.47944,32.88108],[-81.46443,32.8986],[-81.48081,32.89861],[-81.4832,32.9218],[-81.50243,32.93535],[-81.49945,32.94499],[-81.51135,32.96672],[-81.49983,32.96382],[-81.4912,32.99782],[-81.50063,33.00245],[-81.49195,33.00909],[-81.50405,33.01625],[-81.51069,33.01031],[-81.51028,33.02123],[-81.51908,33.0232],[-81.51125,33.02779],[-81.52912,33.04081],[-81.53879,33.03919],[-81.54544,33.04899],[-81.56195,33.04584],[-81.56337,33.06016],[-81.57288,33.05418],[-81.57719,33.06594],[-81.60221,33.07347],[-81.5965,33.07989],[-81.60132,33.08705],[-81.61207,33.08002],[-81.61166,33.09426],[-81.64233,33.09315],[-81.70463,33.11645],[-81.75213,33.14855],[-81.77244,33.18045],[-81.76543,33.17835],[-81.75683,33.19795],[-81.76893,33.21745],[-81.78014,33.22115],[-81.77754,33.21135],[-81.78454,33.20815],[-81.80524,33.21144],[-81.80964,33.22265],[-81.85208,33.24729],[-81.85314,33.25075],[-81.85114,33.25254],[-81.83964,33.25525],[-81.84734,33.26635],[-81.83454,33.25834],[-81.82834,33.26304],[-81.83584,33.26284],[-81.83264,33.27584],[-81.86324,33.28884],[-81.86004,33.29914],[-81.84874,33.29674],[-81.84734,33.30684],[-81.85519,33.31039],[-81.86393,33.30204],[-81.86794,33.31404],[-81.88074,33.30224],[-81.88164,33.31584],[-81.89254,33.31534],[-81.88914,33.32104],[-81.89904,33.32334],[-81.90138,33.33577],[-81.90613,33.32162],[-81.91374,33.32004],[-81.90814,33.32714],[-81.91914,33.33444],[-81.90914,33.34664],[-81.9188,33.34021],[-81.93974,33.34494],[-81.93483,33.35604],[-81.94634,33.37064],[-81.92484,33.37414],[-81.94518,33.40753],[-81.90969,33.41198],[-81.93243,33.42571],[-81.91313,33.43833],[-81.92634,33.46294],[-81.98594,33.48654],[-82.00134,33.52014],[-82.04633,33.56383],[-82.09413,33.58274],[-82.10784,33.59628],[-82.13803,33.59224],[-82.18615,33.62088],[-82.19689,33.63144],[-82.1999,33.6617],[-82.23457,33.70022],[-82.24747,33.75259],[-82.29829,33.78352],[-82.30021,33.80063],[-82.32448,33.82003],[-82.40388,33.86548],[-82.42489,33.86413],[-82.45511,33.88165],[-82.52451,33.94336],[-82.55676,33.94532],[-82.57998,33.98052],[-82.57555,33.99221],[-82.58896,34.00051],[-82.59446,34.0293],[-82.64366,34.07211],[-82.64242,34.09326],[-82.65873,34.10377],[-82.67699,34.13143],[-82.71746,34.15055],[-82.74187,34.21021],[-82.74681,34.26659],[-82.78213,34.29828],[-82.79447,34.34038],[-82.83446,34.36522],[-82.85884,34.45522],[-82.90155,34.48676],[-82.94286,34.48591],[-82.95565,34.47889],[-82.97975,34.48294],[-82.9959,34.4722],[-83.03457,34.48357],[-83.05432,34.50279],[-83.07259,34.50411],[-83.08724,34.51618],[-83.0784,34.52537],[-83.10269,34.5324],[-83.1229,34.56012],[-83.13988,34.5618],[-83.14318,34.5734],[-83.15868,34.579],[-83.15458,34.5882],[-83.17098,34.5981],[-83.15968,34.6033],[-83.23258,34.6116],[-83.25388,34.6367],[-83.29318,34.6543],[-83.30464,34.66956],[-83.342,34.68177],[-83.34013,34.69148],[-83.35379,34.69817],[-83.34665,34.70422],[-83.35342,34.72842],[-83.31875,34.75763],[-83.32414,34.78925],[-83.30084,34.80434],[-83.30637,34.81567],[-83.29514,34.81323],[-83.28903,34.82465],[-83.27088,34.81859],[-83.2672,34.84847],[-83.24893,34.84514],[-83.25391,34.84877],[-83.24809,34.86558],[-83.2347,34.87074],[-83.243,34.87754],[-83.22013,34.87804],[-83.21403,34.88857],[-83.20526,34.88016],[-83.20354,34.89345],[-83.19718,34.89059],[-83.16861,34.91936],[-83.15699,34.91512],[-83.15689,34.93077],[-83.14152,34.92451],[-83.12731,34.93863],[-83.11176,34.93496],[-83.12705,34.95424],[-83.11406,34.95028],[-83.12211,34.96433],[-83.09831,34.99066],[-83.10336,34.99764],[-83.62005,34.99203],[-83.62488,34.98663],[-85.60516,34.98468],[-85.42947,34.1251],[-85.1844,32.86132],[-85.15629,32.85052],[-85.15401,32.84074],[-85.16834,32.82852],[-85.16805,32.81184],[-85.12233,32.77438],[-85.13669,32.77117],[-85.14299,32.75993],[-85.13314,32.74463],[-85.11333,32.73575],[-85.12274,32.71603],[-85.11704,32.69203],[-85.08848,32.65776],[-85.10453,32.64101],[-85.10009,32.63458],[-85.08312,32.63616],[-85.09089,32.62514],[-85.06754,32.57955],[-85.0071,32.52387],[-84.99653,32.50164],[-84.99533,32.45324],[-84.97183,32.44284],[-84.96303,32.42424],[-84.98095,32.40606],[-84.96873,32.39146],[-84.98841,32.38522],[-84.97215,32.37691],[-84.98532,32.37251],[-84.98387,32.36239],[-85.00458,32.3452],[-85.0064,32.32676],[-84.93465,32.29892],[-84.88825,32.25967],[-84.90119,32.25837],[-84.90723,32.24905],[-84.92443,32.25015],[-84.91273,32.24335],[-84.92823,32.21985],[-84.97333,32.21765],[-84.98023,32.20775],[-84.96463,32.20355],[-84.96373,32.19585],[-85.01127,32.18049],[-85.06191,32.13286],[-85.04476,32.08584],[-85.05581,32.07444],[-85.05883,32.04696],[-85.04882,32.0217],[-85.06733,31.99556],[-85.06783,31.96736],[-85.08673,31.95916],[-85.07893,31.94016],[-85.11313,31.91186],[-85.11203,31.89476],[-85.13413,31.89216],[-85.12843,31.87756],[-85.14183,31.83926],[-85.13193,31.82706],[-85.13223,31.79516],[-85.14193,31.78196],[-85.12523,31.76706],[-85.12923,31.75866],[-85.11893,31.73266],[-85.12553,31.69496],[-85.07913,31.65477],[-85.08623,31.63857],[-85.05817,31.62023],[-85.05796,31.57084],[-85.04136,31.54249],[-85.04499,31.51823],[-85.07162,31.46838],[-85.06601,31.43053],[-85.07589,31.42493],[-85.07763,31.39888],[-85.09233,31.36405],[-85.0837,31.32385],[-85.08977,31.29503],[-85.1146,31.27733],[-85.09676,31.22565],[-85.10752,31.18645],[-85.09851,31.18015],[-85.10021,31.16549],[-85.07663,31.15693],[-85.05468,31.12082],[-85.03562,31.10819],[-85.02857,31.07458],[-85.01139,31.05355],[-84.99943,31.01384],[-85.00573,30.97591],[-84.98253,30.96559],[-84.98313,30.93479],[-84.93442,30.88359],[-84.93982,30.87259],[-84.92566,30.84268],[-84.93742,30.82089],[-84.91802,30.77809],[-84.92012,30.76599],[-84.91352,30.75229],[-84.89612,30.75059],[-84.86469,30.71154],[-83.49993,30.64567],[-82.21468,30.56856],[-82.23419,30.55765],[-82.2404,30.53777],[-82.22507,30.50769],[-82.20124,30.48511],[-82.21086,30.42538],[-82.19279,30.37907],[-82.16178,30.35711],[-82.10524,30.3689],[-82.06618,30.35576],[-82.03716,30.37203],[-82.04376,30.41487],[-82.03406,30.42003],[-82.04,30.43666],[-82.01691,30.47511],[-82.01905,30.53301],[-82.0054,30.56357],[-82.01509,30.6006],[-82.02723,30.60666],[-82.02826,30.62201],[-82.04902,30.65529],[-82.05026,30.67611],[-82.03593,30.70621],[-82.04553,30.72788],[-82.03677,30.75443],[-82.02768,30.75093],[-82.0116,30.76188],[-82.02288,30.78771],[-82.00767,30.79304],[-81.97364,30.77872],[-81.96217,30.79698],[-81.96448,30.8173],[-81.94981,30.82776],[-81.93883,30.82985],[-81.92874,30.81751],[-81.90911,30.81568],[-81.90125,30.82988],[-81.89198,30.82488],[-81.88267,30.80028],[-81.86852,30.79291],[-81.80745,30.79012],[-81.79717,30.78147],[-81.79308,30.78725],[-81.78263,30.76145],[-81.77157,30.76414],[-81.77071,30.77682],[-81.76172,30.7757],[-81.72013,30.74472],[-81.69389,30.74847],[-81.67249,30.73879],[-81.67084,30.7474],[-81.6831,30.74849],[-81.66232,30.75418],[-81.66301,30.74349],[-81.65183,30.74221],[-81.65215,30.72887],[-81.63662,30.73394],[-81.63043,30.72809],[-81.62437,30.73634],[-81.62298,30.72347],[-81.60987,30.71593],[-81.60188,30.72959],[-81.59618,30.71867],[-81.57422,30.7225],[-81.56142,30.71167],[-81.54838,30.71828],[-81.53839,30.70866],[-81.5323,30.72409],[-81.48846,30.72631],[-81.47411,30.71391],[-81.45124,30.70948],[-81.34701,30.71244],[-81.35915,30.74431],[-81.40048,30.76643],[-81.36268,30.84593],[-81.34521,30.9315],[-81.31754,30.9485],[-81.30483,30.97077],[-81.31071,30.99733],[-81.3445,31.01811],[-81.35342,31.03712],[-81.34531,31.05936],[-81.31364,31.06785],[-81.2902,31.09349],[-81.28653,31.11669],[-81.29642,31.15188],[-81.24791,31.16081],[-81.23434,31.17026],[-81.18767,31.24626],[-81.18612,31.3268],[-81.17109,31.37032],[-81.19076,31.39988],[-81.16694,31.42345],[-81.14384,31.47152],[-81.115,31.48701],[-81.08707,31.52916]]]}},{"type":"Feature","properties":{"statefp":"66","stusps":"GU","name":"Guam"},"geometry":{"type":"Polygon","coordinates":[[[144.56343,13.44806],[144.57221,13.41389],[144.59304,13.39242],[144.57759,13.34404],[144.58093,13.31995],[144.60299,13.29515],[144.60837,13.27061],[144.59087,13.23933],[144.59621,13.2077],[144.61522,13.18897],[144.6358,13.18245],[144.74056,13.19519],[144.77074,13.21573],[144.81799,13.28045],[144.82659,13.38145],[144.97204,13.5],[145.00821,13.58624],[145.00311,13.61814],[144.98158,13.64121],[144.94051,13.65057],[144.88915,13.69822],[144.86044,13.70588],[144.83847,13.70269],[144.81192,13.68442],[144.7896,13.65331],[144.77742,13.59862],[144.75,13.55189],[144.72547,13.53174],[144.61115,13.51024],[144.57668,13.48106],[144.56343,13.44806]]]}},{"type":"Feature","properties":{"statefp":"15","stusps":"HI","name":"Hawaii"},"geometry":{"type":"MultiPolygon","coordinates":[[[[-164.76261,23.55851],[-164.75,23.53615],[-164.7013,23.517],[-164.67332,23.52108],[-164.65402,23.53522],[-164.64002,23.57611],[-164.65408,23.60707],[-164.68889,23.62343],[-164.74006,23.61439],[-164.75809,23.59895],[-164.76261,23.55851]]],[[[-161.98545,23.04113],[-161.97607,23.02556],[-161.95518,23.00917],[-161.9319,23.00531],[-161.87501,23.01924],[-161.85807,23.0608],[-161.87501,23.10163],[-161.88758,23.11038],[-161.91945,23.11398],[-161.96546,23.10498],[-161.98253,23.09127],[-161.98545,23.04113]]],[[[-166.38653,23.84636],[-166.37884,23.82363],[-166.35634,23.80595],[-166.33682,23.79964],[-166.31357,23.80374],[-166.32374,23.77097],[-166.31582,23.74012],[-166.30261,23.72867],[-166.26559,23.71314],[-166.22678,23.72744],[-166.22283,23.70488],[-166.20541,23.6916],[-166.22396,23.67253],[-166.23228,23.64158],[-166.21106,23.59981],[-166.17222,23.58709],[-166.15115,23.59046],[-166.11678,23.61125],[-166.11068,23.625],[-166.11714,23.625],[-166.11384,23.65234],[-166.13295,23.6847],[-166.11349,23.69715],[-166.10588,23.71354],[-166.10678,23.74252],[-166.1185,23.76667],[-166.14817,23.78548],[-166.15348,23.81894],[-166.16974,23.83742],[-166.16594,23.875],[-166.18235,23.90233],[-166.25,23.93243],[-166.30707,23.92488],[-166.38046,23.88398],[-166.38653,23.84636]]],[[[-168.05839,24.98788],[-168.03775,24.95971],[-168,24.94811],[-167.95369,24.96439],[-167.9442,24.98981],[-167.95245,25.02354],[-168,25.05224],[-168.04205,25.03543],[-168.05839,24.98788]]],[[[-176.04335,27.7959],[-176.03963,27.75824],[-176.02929,27.74268],[-176,27.70931],[-175.9696,27.6934],[-175.93949,27.68823],[-175.89519,27.69921],[-175.84505,27.72846],[-175.80294,27.72349],[-175.74612,27.73272],[-175.72616,27.75],[-175.66559,27.875],[-175.67013,27.9416],[-175.70435,27.98274],[-175.73493,28],[-175.81005,28.00594],[-175.96633,27.92991],[-175.98144,27.91322],[-175.99214,27.8895],[-175.98887,27.8619],[-175.95576,27.83306],[-175.92103,27.82144],[-175.9243,27.81371],[-176,27.83534],[-176.02502,27.82158],[-176.04335,27.7959]]],[[[-178.44359,28.41899],[-178.44049,28.40517],[-178.41588,28.38009],[-178.41148,28.36066],[-178.39561,28.3419],[-178.375,28.33536],[-178.28889,28.32881],[-178.25,28.34715],[-178.23302,28.375],[-178.23847,28.45615],[-178.28883,28.5],[-178.28107,28.5],[-178.31512,28.51633],[-178.36063,28.51382],[-178.39577,28.5],[-178.42758,28.4661],[-178.44359,28.41899]]],[[[-174.06737,26.05961],[-174.05918,26.02072],[-174.04609,26.00231],[-174,25.99021],[-173.92597,26.01963],[-173.90336,26.06006],[-173.91342,26.0994],[-173.92909,26.12014],[-173.95792,26.13569],[-174.00711,26.13705],[-174.05247,26.11299],[-174.06737,26.05961]]],[[[-171.80963,25.78135],[-171.79703,25.74054],[-171.77015,25.7182],[-171.73749,25.70653],[-171.69985,25.71686],[-171.68686,25.72788],[-171.66792,25.78122],[-171.68828,25.82377],[-171.75,25.83794],[-171.78698,25.8223],[-171.80963,25.78135]]],[[[-170.68463,25.50631],[-170.66823,25.47065],[-170.62973,25.45573],[-170.59164,25.46861],[-170.57315,25.50512],[-170.58852,25.54122],[-170.63083,25.55713],[-170.66937,25.54144],[-170.68463,25.50631]]],[[[-160.60088,21.65816],[-160.59075,21.625],[-160.57073,21.60666],[-160.54622,21.60038],[-160.49625,21.61885],[-160.48291,21.64031],[-160.4832,21.66518],[-160.49415,21.69053],[-160.53175,21.71199],[-160.57827,21.70025],[-160.59187,21.68585],[-160.60088,21.65816]]],[[[-160.30437,21.85379],[-160.29853,21.7905],[-160.26578,21.74618],[-160.21831,21.72879],[-160.17733,21.73555],[-160.15528,21.75715],[-160.14194,21.79902],[-160.12202,21.82496],[-160.05941,21.84559],[-160.03104,21.86936],[-160.02291,21.89645],[-160.02751,21.93121],[-160,21.9681],[-159.99721,21.99251],[-160.01829,22.03001],[-160.05673,22.06834],[-160.10031,22.08249],[-160.12501,22.08113],[-160.15144,22.06051],[-160.17402,21.99147],[-160.19951,21.98127],[-160.27995,21.92063],[-160.30437,21.85379]]],[[[-159.24262,22.11186],[-159.25001,22.17577],[-159.26552,22.20391],[-159.3088,22.25],[-159.33426,22.26647],[-159.40293,22.29047],[-159.43276,22.27803],[-159.48405,22.28591],[-159.52466,22.27549],[-159.54745,22.28307],[-159.59639,22.278],[-159.67726,22.2271],[-159.75001,22.19945],[-159.78883,22.1601],[-159.80112,22.125],[-159.83773,22.09422],[-159.84813,22.07607],[-159.85096,22.02714],[-159.84361,22],[-159.79361,21.93978],[-159.71172,21.90755],[-159.63126,21.84668],[-159.50001,21.83356],[-159.44953,21.81743],[-159.40391,21.83495],[-159.30798,21.90867],[-159.28436,21.94063],[-159.28372,22.0185],[-159.24262,22.11186]]],[[[-158.34466,21.58317],[-158.33506,21.55399],[-158.29866,21.52471],[-158.30136,21.49681],[-158.29017,21.49682],[-158.28594,21.46516],[-158.24006,21.41153],[-158.22886,21.37563],[-158.18326,21.34593],[-158.16436,21.27233],[-158.13477,21.24239],[-158.09159,21.23786],[-157.96356,21.25773],[-157.93146,21.24833],[-157.89866,21.24993],[-157.85907,21.21313],[-157.81023,21.19923],[-157.74532,21.22167],[-157.71971,21.20948],[-157.67578,21.2138],[-157.61614,21.26042],[-157.60093,21.28291],[-157.6023,21.34152],[-157.62846,21.37661],[-157.63856,21.4178],[-157.65216,21.4391],[-157.64075,21.46269],[-157.65055,21.48509],[-157.70262,21.5187],[-157.74726,21.5153],[-157.76194,21.52638],[-157.78096,21.5446],[-157.80205,21.59009],[-157.84415,21.6218],[-157.88145,21.70518],[-157.94179,21.75457],[-157.99175,21.76296],[-158.05015,21.73988],[-158.09555,21.70299],[-158.12023,21.6573],[-158.12225,21.66569],[-158.14885,21.64199],[-158.17501,21.632],[-158.31195,21.62178],[-158.33505,21.60457],[-158.34466,21.58317]]],[[[-156.8712,21.23188],[-156.91028,21.22957],[-156.92741,21.25657],[-156.97129,21.27436],[-157.00909,21.26594],[-157.03017,21.24395],[-157.159,21.25789],[-157.21425,21.27861],[-157.27219,21.27656],[-157.31053,21.24452],[-157.31168,21.20412],[-157.3499,21.15708],[-157.36567,21.125],[-157.36655,21.10095],[-157.34913,21.07224],[-157.32125,21.05067],[-157.23144,21.04309],[-157.07756,21.05835],[-156.96314,21.01287],[-156.87793,20.99336],[-156.87501,21],[-156.82999,21.00225],[-156.75001,21.04383],[-156.694,21.08779],[-156.67259,21.09571],[-156.65771,21.1149],[-156.65053,21.13427],[-156.65957,21.1819],[-156.68651,21.21051],[-156.72208,21.22606],[-156.77107,21.23286],[-156.85352,21.2227],[-156.8712,21.23188]]],[[[-157.11619,20.90281],[-157.11268,20.875],[-157.09519,20.84715],[-157.07521,20.82729],[-157.04807,20.82054],[-157.04519,20.77046],[-157.02728,20.72873],[-157.00001,20.69689],[-156.97381,20.68678],[-156.87501,20.69096],[-156.84542,20.71167],[-156.817,20.71979],[-156.78231,20.75],[-156.75001,20.8076],[-156.75746,20.85077],[-156.82333,20.9308],[-156.86848,20.96437],[-156.90511,20.97592],[-156.98983,20.98505],[-157.0495,20.97903],[-157.09994,20.9486],[-157.11619,20.90281]]],[[[-156.47539,21.0192],[-156.49073,21.03543],[-156.55952,21.08233],[-156.59104,21.09241],[-156.67043,21.07669],[-156.73217,21.01093],[-156.75001,20.96077],[-156.75236,20.92413],[-156.72862,20.85169],[-156.65986,20.77841],[-156.62501,20.76308],[-156.62501,20.75],[-156.58694,20.75],[-156.54682,20.73248],[-156.51187,20.73538],[-156.49573,20.69158],[-156.53166,20.67922],[-156.54963,20.65803],[-156.59774,20.65787],[-156.70445,20.60459],[-156.73365,20.58184],[-156.75575,20.53527],[-156.74427,20.49999],[-156.75,20.49998],[-156.75001,20.45433],[-156.53346,20.46298],[-156.5122,20.47478],[-156.48336,20.51316],[-156.48451,20.57908],[-156.43739,20.54392],[-156.375,20.52898],[-156.29048,20.53689],[-156.19561,20.57715],[-156.13527,20.56984],[-156.07328,20.5984],[-156.02592,20.60626],[-155.94965,20.67683],[-155.92811,20.72479],[-155.92679,20.78173],[-155.93913,20.83659],[-155.959,20.875],[-156,20.875],[-156,20.85212],[-156.03229,20.85985],[-156.0817,20.88072],[-156.09593,20.89848],[-156.13636,20.91743],[-156.1953,20.9715],[-156.26858,21.00375],[-156.33922,21.00419],[-156.40491,20.97418],[-156.45109,20.96875],[-156.47539,21.0192]]],[[[-155.03,19.7921],[-155.03162,19.875],[-155.04682,19.8977],[-155.14033,19.98948],[-155.2524,20.06344],[-155.44139,20.15009],[-155.54075,20.18024],[-155.58209,20.18131],[-155.68885,20.24477],[-155.7404,20.28892],[-155.79289,20.30927],[-155.85164,20.3214],[-155.91765,20.2997],[-155.94239,20.27162],[-155.95767,20.23497],[-155.95772,20.16761],[-155.93228,20.08344],[-155.88432,20.01832],[-155.93889,19.96151],[-155.96243,19.90915],[-156.0124,19.88975],[-156.05355,19.84353],[-156.09568,19.81501],[-156.12001,19.72717],[-156.0786,19.625],[-156.03894,19.60094],[-156.03028,19.58747],[-156.01287,19.5],[-155.99914,19.46618],[-155.97811,19.4458],[-155.96362,19.38651],[-155.94322,19.34422],[-155.97448,19.11274],[-155.95407,19.05362],[-155.92594,19.00815],[-155.875,18.97643],[-155.82824,18.96654],[-155.78173,18.93341],[-155.73998,18.91689],[-155.7229,18.88252],[-155.70598,18.8703],[-155.64905,18.8705],[-155.61606,18.89024],[-155.55747,18.94344],[-155.53737,18.98905],[-155.51656,19.01148],[-155.49488,19.07158],[-155.4661,19.09535],[-155.41883,19.11419],[-155.39144,19.14436],[-155.32538,19.17128],[-155.26841,19.21949],[-155.17562,19.21138],[-155,19.28203],[-154.93967,19.31283],[-154.88903,19.36039],[-154.81032,19.41605],[-154.77576,19.45711],[-154.75788,19.5],[-154.75934,19.53646],[-154.82223,19.59331],[-154.88679,19.625],[-154.91146,19.66203],[-154.92894,19.6736],[-154.93186,19.71546],[-154.96385,19.76918],[-154.99472,19.78892],[-155.03,19.7921]]]]}},{"type":"Feature","properties":{"statefp":"16","stusps":"ID","name":"Idaho"},"geometry":{"type":"Polygon","coordinates":[[[-117.03235,48.9992],[-117.04231,47.96229],[-117.03977,46.42589],[-117.03463,46.41784],[-117.06279,46.35361],[-117.0243,46.33628],[-117.02058,46.31479],[-116.98622,46.29595],[-116.9912,46.27696],[-116.9678,46.25847],[-116.95548,46.23098],[-116.96538,46.20312],[-116.92234,46.16877],[-116.93499,46.15353],[-116.93473,46.13729],[-116.94985,46.12449],[-116.95542,46.10186],[-116.97885,46.09585],[-116.98195,46.08485],[-116.94279,46.06112],[-116.91892,45.99871],[-116.89361,45.97758],[-116.8913,45.96033],[-116.87598,45.95477],[-116.8598,45.90726],[-116.79646,45.86122],[-116.78214,45.82512],[-116.75979,45.81617],[-116.73578,45.82636],[-116.70975,45.82573],[-116.66527,45.78206],[-116.59421,45.77908],[-116.54809,45.75236],[-116.5357,45.73423],[-116.5354,45.69173],[-116.48882,45.6508],[-116.46326,45.61093],[-116.48242,45.57745],[-116.52832,45.55151],[-116.52344,45.54656],[-116.53548,45.52508],[-116.55746,45.50417],[-116.55483,45.46293],[-116.58819,45.44292],[-116.59745,45.41277],[-116.62338,45.39396],[-116.67379,45.32151],[-116.67449,45.27635],[-116.69139,45.26374],[-116.7037,45.2401],[-116.72961,45.14209],[-116.74554,45.13304],[-116.75464,45.11397],[-116.77485,45.10554],[-116.79733,45.06027],[-116.84794,45.0226],[-116.84462,45.00144],[-116.85798,44.97732],[-116.84857,44.97172],[-116.83974,44.98306],[-116.82627,44.98249],[-116.85098,44.96156],[-116.83199,44.93301],[-116.85243,44.88758],[-116.86534,44.8706],[-116.89862,44.85374],[-116.90015,44.83667],[-116.9311,44.80478],[-116.9347,44.78388],[-116.9709,44.77388],[-116.9989,44.75638],[-117.03827,44.74818],[-117.06227,44.72714],[-117.0618,44.70665],[-117.07912,44.69217],[-117.0808,44.67377],[-117.09587,44.66474],[-117.09822,44.64069],[-117.12052,44.61466],[-117.12475,44.58383],[-117.14826,44.56437],[-117.14293,44.55724],[-117.14924,44.53615],[-117.16103,44.52517],[-117.18158,44.52296],[-117.20024,44.49203],[-117.22508,44.48235],[-117.21507,44.42716],[-117.22726,44.40524],[-117.24287,44.39556],[-117.23512,44.37385],[-117.18977,44.33658],[-117.20332,44.31302],[-117.22274,44.29833],[-117.19815,44.27383],[-117.17034,44.25889],[-117.14622,44.25803],[-117.11986,44.27827],[-117.10421,44.27994],[-117.0895,44.25823],[-117.05143,44.22875],[-117.03186,44.24864],[-116.97598,44.24287],[-116.97168,44.19726],[-116.92539,44.19154],[-116.90275,44.17947],[-116.8942,44.16232],[-116.9337,44.10004],[-116.97735,44.08536],[-116.97319,44.04942],[-116.93613,44.02714],[-116.94494,44.00278],[-116.9353,43.98862],[-116.97604,43.97506],[-116.95921,43.96636],[-116.97243,43.95799],[-116.96048,43.9551],[-116.96914,43.93886],[-116.95933,43.92932],[-116.96153,43.91839],[-116.98114,43.91369],[-116.97603,43.89555],[-116.98294,43.86771],[-117.02003,43.85896],[-117.01158,43.84105],[-117.02516,43.84133],[-117.03258,43.83018],[-117.02155,43.8194],[-117.02683,43.73367],[-117.0262,42.00019],[-115.09243,41.99612],[-114.82349,42.00184],[-113.87335,41.98818],[-112.70568,42.00015],[-111.04671,42.0017],[-111.04897,44.47407],[-111.12738,44.49762],[-111.13862,44.51685],[-111.13138,44.53243],[-111.15057,44.53497],[-111.15889,44.54626],[-111.17864,44.55248],[-111.18103,44.56923],[-111.22763,44.57669],[-111.24089,44.61453],[-111.21932,44.62252],[-111.2526,44.65125],[-111.27848,44.65127],[-111.2668,44.66751],[-111.29688,44.69144],[-111.29626,44.70227],[-111.32248,44.71878],[-111.32363,44.72907],[-111.33711,44.7332],[-111.35298,44.72618],[-111.38482,44.75495],[-111.39784,44.74638],[-111.39796,44.72364],[-111.41427,44.71074],[-111.4388,44.72055],[-111.48878,44.70564],[-111.4846,44.68757],[-111.46851,44.67918],[-111.47651,44.67372],[-111.47248,44.66619],[-111.49011,44.64247],[-111.50096,44.64964],[-111.51631,44.644],[-111.5025,44.62651],[-111.52261,44.61408],[-111.52361,44.59222],[-111.50134,44.57249],[-111.50777,44.5623],[-111.47865,44.5534],[-111.46935,44.55767],[-111.468,44.53895],[-111.49937,44.54203],[-111.51289,44.53604],[-111.54705,44.55718],[-111.58569,44.56263],[-111.6139,44.54868],[-111.70316,44.56015],[-111.71565,44.54337],[-111.74991,44.53958],[-111.76272,44.5258],[-111.77151,44.53087],[-111.7798,44.52384],[-111.80112,44.52598],[-111.80797,44.51016],[-111.82153,44.50894],[-111.86391,44.55146],[-111.86932,44.56662],[-111.90293,44.55667],[-111.94778,44.55701],[-111.97772,44.53574],[-112.03271,44.54664],[-112.0328,44.5284],[-112.06907,44.53715],[-112.1064,44.52057],[-112.13667,44.53986],[-112.16465,44.54153],[-112.18366,44.53295],[-112.22233,44.54394],[-112.22963,44.54952],[-112.22922,44.56409],[-112.2567,44.57168],[-112.2678,44.56546],[-112.28657,44.56856],[-112.31374,44.55304],[-112.31949,44.5389],[-112.35251,44.53802],[-112.35882,44.52941],[-112.35837,44.48526],[-112.38652,44.44731],[-112.40724,44.45746],[-112.43408,44.45435],[-112.44151,44.46657],[-112.45523,44.46625],[-112.47269,44.4793],[-112.50064,44.46277],[-112.54171,44.48377],[-112.57795,44.48009],[-112.60196,44.4907],[-112.62501,44.48303],[-112.63334,44.4911],[-112.66173,44.48599],[-112.71793,44.50427],[-112.74306,44.48834],[-112.78081,44.48466],[-112.83989,44.42471],[-112.81994,44.4002],[-112.81006,44.39876],[-112.81221,44.37714],[-112.84457,44.35797],[-112.85427,44.35959],[-112.88158,44.37926],[-112.88956,44.40594],[-112.90187,44.39886],[-112.94542,44.41463],[-112.95205,44.42502],[-112.97152,44.42757],[-113.00451,44.45283],[-113.00612,44.47098],[-113.02682,44.49551],[-113.00653,44.52578],[-113.04536,44.54432],[-113.03728,44.56477],[-113.06717,44.57906],[-113.06227,44.58624],[-113.08829,44.59966],[-113.05365,44.62166],[-113.05072,44.63454],[-113.06559,44.64925],[-113.06776,44.67879],[-113.09783,44.69887],[-113.10162,44.72946],[-113.11684,44.73252],[-113.12026,44.74595],[-113.13482,44.75276],[-113.13146,44.77276],[-113.16369,44.77882],[-113.19312,44.80165],[-113.23873,44.81414],[-113.24689,44.82297],[-113.34128,44.78466],[-113.35408,44.7918],[-113.3461,44.80061],[-113.35606,44.8198],[-113.37757,44.83524],[-113.42195,44.8376],[-113.42908,44.85486],[-113.45507,44.86542],[-113.4612,44.88675],[-113.47859,44.8956],[-113.47179,44.90984],[-113.49075,44.92285],[-113.49882,44.9422],[-113.44394,44.95938],[-113.44686,44.99828],[-113.43788,45.00734],[-113.44869,45.02002],[-113.44629,45.03389],[-113.4558,45.03971],[-113.44931,45.04618],[-113.45204,45.05917],[-113.48553,45.06362],[-113.48941,45.07653],[-113.52219,45.09139],[-113.50605,45.10778],[-113.51125,45.11613],[-113.54966,45.11288],[-113.56988,45.12385],[-113.57672,45.13124],[-113.56569,45.1496],[-113.59071,45.15589],[-113.59213,45.18478],[-113.63635,45.21185],[-113.65542,45.24001],[-113.69189,45.2625],[-113.69191,45.27236],[-113.68028,45.27889],[-113.73866,45.32941],[-113.74034,45.34544],[-113.72903,45.35609],[-113.73888,45.36813],[-113.73347,45.39081],[-113.74919,45.4029],[-113.77604,45.40848],[-113.77716,45.41656],[-113.75973,45.42711],[-113.77603,45.43375],[-113.77443,45.44651],[-113.78426,45.45489],[-113.77622,45.47091],[-113.75991,45.4804],[-113.77284,45.51331],[-113.76602,45.52062],[-113.83478,45.52066],[-113.81741,45.55703],[-113.82147,45.56595],[-113.79675,45.58157],[-113.80643,45.60163],[-113.86159,45.62382],[-113.88596,45.61738],[-113.90469,45.62201],[-113.89528,45.64385],[-113.91986,45.65812],[-113.93526,45.69434],[-113.96482,45.69002],[-113.97077,45.70293],[-113.98853,45.70598],[-113.99684,45.69686],[-114.01548,45.6959],[-114.01437,45.68377],[-114.02831,45.67524],[-114.01566,45.66425],[-114.01527,45.65277],[-114.06674,45.62817],[-114.08186,45.61057],[-114.0861,45.59146],[-114.12126,45.58459],[-114.13582,45.5571],[-114.18027,45.55124],[-114.19361,45.53637],[-114.24845,45.54581],[-114.24721,45.52472],[-114.26989,45.48455],[-114.33005,45.45972],[-114.34566,45.46066],[-114.3672,45.49185],[-114.42571,45.51072],[-114.43057,45.52951],[-114.46391,45.54503],[-114.45608,45.56224],[-114.47195,45.56522],[-114.49808,45.55546],[-114.52726,45.57086],[-114.56494,45.55771],[-114.55296,45.5766],[-114.5585,45.58446],[-114.53794,45.60659],[-114.56399,45.63762],[-114.50765,45.65754],[-114.49903,45.67887],[-114.51509,45.68491],[-114.49515,45.70397],[-114.50418,45.72181],[-114.54785,45.74326],[-114.54451,45.75918],[-114.56646,45.77331],[-114.54409,45.79036],[-114.53102,45.8189],[-114.51148,45.82944],[-114.51738,45.83495],[-114.50964,45.84536],[-114.4871,45.85167],[-114.47489,45.84658],[-114.43771,45.86261],[-114.40965,45.85157],[-114.40592,45.8704],[-114.39606,45.87123],[-114.38787,45.88393],[-114.39514,45.90143],[-114.41356,45.91163],[-114.41486,45.92213],[-114.4314,45.93604],[-114.40252,45.95794],[-114.41175,45.97787],[-114.4485,45.9876],[-114.45783,45.99748],[-114.47999,45.9929],[-114.48778,46.00365],[-114.47307,46.01415],[-114.48035,46.03035],[-114.5075,46.03146],[-114.49335,46.05258],[-114.46829,46.06279],[-114.47235,46.07681],[-114.46201,46.07858],[-114.46048,46.09779],[-114.47445,46.11311],[-114.521,46.12511],[-114.5177,46.13558],[-114.52736,46.14541],[-114.51437,46.15397],[-114.51486,46.16768],[-114.47595,46.16061],[-114.44409,46.16927],[-114.44799,46.23157],[-114.46827,46.24866],[-114.47072,46.26604],[-114.46492,46.27322],[-114.44112,46.27387],[-114.42544,46.28786],[-114.43343,46.30555],[-114.41402,46.33556],[-114.41025,46.36105],[-114.42245,46.38705],[-114.38484,46.41136],[-114.38296,46.43217],[-114.36841,46.43711],[-114.3844,46.44701],[-114.37943,46.46029],[-114.40067,46.47781],[-114.40318,46.49881],[-114.35834,46.50521],[-114.34264,46.51843],[-114.34789,46.55147],[-114.32964,46.5762],[-114.3442,46.58997],[-114.32253,46.61089],[-114.32806,46.61975],[-114.32162,46.64896],[-114.35822,46.67114],[-114.41212,46.65682],[-114.4246,46.66066],[-114.45348,46.64921],[-114.45264,46.64156],[-114.46683,46.6318],[-114.54182,46.64999],[-114.58287,46.63337],[-114.60573,46.6359],[-114.61498,46.63997],[-114.61456,46.65507],[-114.63578,46.65948],[-114.63989,46.66561],[-114.63314,46.67182],[-114.64256,46.67291],[-114.62354,46.69093],[-114.62079,46.70726],[-114.66538,46.73923],[-114.69859,46.74045],[-114.71304,46.71543],[-114.73977,46.71194],[-114.74848,46.69855],[-114.76679,46.6969],[-114.76855,46.70476],[-114.78843,46.71277],[-114.76524,46.74539],[-114.76509,46.75815],[-114.78363,46.76867],[-114.7875,46.78278],[-114.79875,46.77583],[-114.8291,46.78263],[-114.86578,46.81453],[-114.89519,46.80163],[-114.89845,46.82235],[-114.92073,46.82708],[-114.92874,46.83521],[-114.92868,46.85477],[-114.94826,46.86001],[-114.93142,46.877],[-114.93674,46.89728],[-114.92183,46.9127],[-114.92514,46.91868],[-114.9606,46.93001],[-115.00127,46.9719],[-115.04879,46.97004],[-115.04994,46.98106],[-115.06777,46.99521],[-115.07168,47.02636],[-115.0798,47.02824],[-115.08743,47.04572],[-115.10579,47.04841],[-115.13113,47.06896],[-115.14413,47.10191],[-115.17165,47.10678],[-115.19904,47.13989],[-115.24462,47.15131],[-115.26182,47.18143],[-115.30058,47.18833],[-115.29153,47.21085],[-115.32437,47.24472],[-115.31979,47.25668],[-115.38467,47.2678],[-115.41159,47.26437],[-115.42597,47.28028],[-115.45591,47.27762],[-115.46582,47.28748],[-115.48226,47.28144],[-115.52851,47.29924],[-115.53884,47.32906],[-115.55047,47.33426],[-115.55076,47.34969],[-115.57513,47.3559],[-115.57764,47.3674],[-115.61725,47.38252],[-115.64341,47.37734],[-115.65749,47.40046],[-115.67756,47.40179],[-115.67525,47.40939],[-115.69204,47.41534],[-115.71226,47.41544],[-115.72111,47.4257],[-115.75891,47.4234],[-115.74744,47.44204],[-115.71609,47.45288],[-115.64646,47.45683],[-115.62949,47.47961],[-115.66102,47.47785],[-115.66792,47.48882],[-115.68626,47.48494],[-115.69003,47.50076],[-115.7114,47.51677],[-115.69831,47.53137],[-115.74233,47.53833],[-115.75562,47.54793],[-115.68776,47.5953],[-115.69844,47.60658],[-115.69444,47.62376],[-115.72986,47.64192],[-115.73651,47.65381],[-115.72265,47.69512],[-115.75303,47.71695],[-115.77715,47.72038],[-115.78426,47.72996],[-115.781,47.74318],[-115.7975,47.75733],[-115.83091,47.75504],[-115.84735,47.78509],[-115.84507,47.815],[-115.85231,47.82786],[-115.87074,47.83496],[-115.8815,47.84961],[-115.9014,47.8431],[-115.91889,47.85362],[-115.93801,47.88109],[-115.96839,47.89925],[-115.96687,47.9126],[-115.99338,47.92598],[-116.01877,47.9629],[-116.04911,47.97684],[-116.04909,49.00085],[-117.03235,48.9992]]]}},{"type":"Feature","properties":{"statefp":"17","stusps":"IL","name":"Illinois"},"geometry":{"type":"Polygon","coordinates":[[[-87.86889,38.31228],[-87.86045,38.30537],[-87.86625,38.28998],[-87.86177,38.27864],[-87.85113,38.27512],[-87.83898,38.28233],[-87.82272,38.34691],[-87.80608,38.36314],[-87.78,38.37084],[-87.74525,38.409],[-87.74104,38.43558],[-87.73013,38.44652],[-87.75593,38.45588],[-87.75003,38.47143],[-87.69319,38.48804],[-87.6719,38.50761],[-87.65818,38.50167],[-87.64672,38.50777],[-87.67007,38.54524],[-87.6507,38.55624],[-87.65111,38.56903],[-87.63825,38.57627],[-87.63839,38.5922],[-87.61196,38.58925],[-87.62735,38.60544],[-87.61558,38.62505],[-87.62012,38.63949],[-87.60582,38.64652],[-87.59368,38.6674],[-87.53123,38.68404],[-87.50617,38.73372],[-87.4958,38.7407],[-87.50405,38.74851],[-87.49691,38.76682],[-87.51486,38.7705],[-87.49551,38.78463],[-87.52734,38.81812],[-87.52168,38.82658],[-87.52673,38.85036],[-87.55339,38.86241],[-87.54264,38.86528],[-87.54706,38.87596],[-87.53492,38.87887],[-87.54409,38.89509],[-87.53596,38.88699],[-87.53369,38.90096],[-87.51683,38.9037],[-87.52765,38.90769],[-87.52772,38.91923],[-87.51883,38.92321],[-87.52177,38.94112],[-87.51219,38.95442],[-87.5295,38.97192],[-87.57832,38.98879],[-87.56043,38.99242],[-87.57912,39.00161],[-87.5697,39.01941],[-87.58037,39.04071],[-87.57259,39.05729],[-87.59637,39.07964],[-87.62026,39.08657],[-87.61568,39.10332],[-87.6528,39.10684],[-87.65208,39.11554],[-87.64076,39.11437],[-87.63502,39.12212],[-87.65874,39.136],[-87.64217,39.1571],[-87.62771,39.15491],[-87.64155,39.16047],[-87.64043,39.16673],[-87.61962,39.17097],[-87.6204,39.1852],[-87.60788,39.18446],[-87.58861,39.19782],[-87.57456,39.2184],[-87.57932,39.24355],[-87.57159,39.25229],[-87.59468,39.24874],[-87.61005,39.28223],[-87.59795,39.29948],[-87.62059,39.30705],[-87.60592,39.31108],[-87.57833,39.34034],[-87.5544,39.34049],[-87.54401,39.35291],[-87.53165,39.34789],[-87.52366,41.75991],[-87.20777,41.76096],[-87.01994,42.4935],[-88.77659,42.49191],[-89.66982,42.50504],[-90.64284,42.50848],[-90.65671,42.48884],[-90.64642,42.47133],[-90.56797,42.44039],[-90.55502,42.41614],[-90.47728,42.38379],[-90.41903,42.3285],[-90.43088,42.27823],[-90.41933,42.25447],[-90.39111,42.22547],[-90.35696,42.20544],[-90.32827,42.20105],[-90.21611,42.15673],[-90.2014,42.13094],[-90.16399,42.1183],[-90.16448,42.0421],[-90.14006,42.00325],[-90.16414,41.95618],[-90.1516,41.931],[-90.15358,41.90661],[-90.1819,41.84322],[-90.18197,41.80707],[-90.27863,41.76736],[-90.31261,41.73994],[-90.31343,41.69808],[-90.33452,41.67956],[-90.34345,41.64696],[-90.34323,41.58783],[-90.41282,41.56533],[-90.46143,41.52353],[-90.50063,41.51803],[-90.54094,41.52613],[-90.59104,41.51283],[-90.60594,41.49423],[-90.65584,41.46213],[-90.74595,41.44973],[-90.84656,41.45514],[-90.92925,41.42154],[-90.98291,41.43417],[-91.04764,41.41131],[-91.05158,41.38528],[-91.06623,41.36637],[-91.07484,41.30558],[-91.09203,41.28691],[-91.11366,41.2414],[-91.07298,41.20715],[-91.04156,41.16616],[-90.99496,41.16063],[-90.94662,41.09663],[-90.94225,41.0347],[-90.95814,40.97977],[-90.95223,40.95405],[-90.96256,40.92583],[-91.00954,40.90057],[-91.05643,40.84839],[-91.09299,40.82108],[-91.09765,40.80557],[-91.0917,40.77971],[-91.11042,40.74553],[-91.11194,40.69702],[-91.12393,40.66915],[-91.18698,40.6373],[-91.25307,40.63796],[-91.33972,40.61349],[-91.40148,40.55946],[-91.40412,40.53913],[-91.38453,40.53095],[-91.36421,40.50004],[-91.38177,40.44255],[-91.37292,40.39911],[-91.3842,40.38643],[-91.41505,40.38175],[-91.44631,40.36182],[-91.48987,40.28605],[-91.49052,40.2595],[-91.5065,40.2363],[-91.51168,40.13923],[-91.48961,40.05743],[-91.49488,40.03645],[-91.46532,39.984],[-91.41936,39.92772],[-91.42088,39.91486],[-91.44692,39.88303],[-91.43554,39.84507],[-91.37649,39.81003],[-91.36239,39.79048],[-91.36939,39.73116],[-91.27614,39.66576],[-91.22932,39.62085],[-91.18194,39.60268],[-91.16842,39.56493],[-91.15363,39.54825],[-91.10031,39.53869],[-91.06431,39.49464],[-91.05944,39.46886],[-91.03827,39.44844],[-90.94077,39.40398],[-90.92875,39.38754],[-90.79346,39.3095],[-90.7516,39.26543],[-90.72996,39.25589],[-90.7079,39.15086],[-90.68109,39.10059],[-90.68274,39.08835],[-90.71273,39.04974],[-90.67819,38.99185],[-90.66302,38.92628],[-90.62336,38.88715],[-90.58226,38.86879],[-90.54892,38.87294],[-90.49967,38.9106],[-90.47173,38.95919],[-90.43994,38.96738],[-90.39272,38.95907],[-90.30945,38.92412],[-90.25025,38.91934],[-90.11333,38.84931],[-90.10911,38.83745],[-90.12311,38.79805],[-90.16636,38.77267],[-90.21141,38.72135],[-90.2092,38.70278],[-90.1811,38.65958],[-90.1845,38.61158],[-90.25778,38.53201],[-90.29108,38.43089],[-90.34145,38.3883],[-90.37082,38.33355],[-90.37242,38.28372],[-90.35863,38.22198],[-90.33017,38.18652],[-90.27484,38.15756],[-90.24257,38.11212],[-90.22329,38.0978],[-90.17604,38.07066],[-90.15827,38.07495],[-90.1296,38.06144],[-90.1262,38.04071],[-90.11052,38.02655],[-90.08826,38.01577],[-90.05937,38.01554],[-89.99685,37.96322],[-89.94069,37.97087],[-89.93588,37.95958],[-89.9246,37.95985],[-89.93127,37.94828],[-89.95977,37.94008],[-89.97465,37.92707],[-89.94776,37.87985],[-89.90238,37.86974],[-89.84264,37.9052],[-89.79933,37.88152],[-89.79754,37.86213],[-89.78633,37.85169],[-89.73987,37.84692],[-89.71744,37.82572],[-89.66964,37.79992],[-89.66038,37.7863],[-89.66799,37.75948],[-89.66335,37.75005],[-89.61728,37.74972],[-89.58332,37.71326],[-89.51647,37.69254],[-89.51772,37.64122],[-89.47593,37.593],[-89.48606,37.58085],[-89.51981,37.58275],[-89.51705,37.53728],[-89.47553,37.47139],[-89.43977,37.4372],[-89.42054,37.38801],[-89.43284,37.34706],[-89.48901,37.33337],[-89.51076,37.31274],[-89.51802,37.28419],[-89.48991,37.25131],[-89.45883,37.24866],[-89.46763,37.2182],[-89.4561,37.18812],[-89.42558,37.13824],[-89.37711,37.09076],[-89.38164,37.04301],[-89.32298,37.01609],[-89.29213,36.99219],[-89.26956,36.9934],[-89.25761,37.0155],[-89.26629,37.02868],[-89.30475,37.04756],[-89.30773,37.06965],[-89.25993,37.06407],[-89.25493,37.07201],[-89.23405,37.03728],[-89.20079,37.01616],[-89.18549,36.97352],[-89.17001,36.9703],[-89.13291,36.98206],[-89.17017,37.00707],[-89.17935,37.02181],[-89.18247,37.03916],[-89.17382,37.06631],[-89.14607,37.091],[-89.14818,37.09842],[-89.1095,37.12309],[-89.07646,37.17474],[-89.02947,37.2113],[-88.97737,37.22944],[-88.91618,37.22399],[-88.80363,37.18816],[-88.73302,37.14414],[-88.69261,37.14111],[-88.61553,37.11537],[-88.56592,37.0752],[-88.5112,37.06535],[-88.45927,37.07525],[-88.44561,37.09333],[-88.42466,37.15229],[-88.44804,37.20364],[-88.51141,37.26148],[-88.50394,37.26479],[-88.5159,37.28409],[-88.48661,37.34046],[-88.46941,37.39741],[-88.45016,37.41221],[-88.40923,37.42531],[-88.36446,37.40174],[-88.32363,37.43399],[-88.28163,37.45273],[-88.08546,37.47156],[-88.06543,37.48876],[-88.06114,37.50459],[-88.06954,37.52609],[-88.13649,37.57731],[-88.15982,37.66055],[-88.12152,37.71024],[-88.05933,37.74297],[-88.02802,37.7992],[-88.03762,37.80986],[-88.06892,37.80098],[-88.09004,37.81677],[-88.08193,37.83068],[-88.04383,37.82153],[-88.02592,37.83269],[-88.06504,37.85317],[-88.09789,37.90152],[-88.08624,37.90571],[-88.05537,37.89124],[-88.02112,37.88806],[-88.01345,37.89395],[-88.02251,37.91476],[-88.05921,37.91719],[-88.06947,37.9257],[-88.05713,37.93415],[-88.03406,37.92616],[-88.03679,37.95679],[-88.01293,37.96654],[-88.02583,38.00724],[-88.00793,38.03084],[-88.03413,38.03204],[-88.04213,38.04635],[-87.97874,38.05982],[-87.95666,38.0862],[-87.96068,38.10019],[-88.01014,38.08438],[-88.01592,38.09982],[-87.9753,38.11005],[-87.96639,38.13251],[-87.94547,38.12662],[-87.91092,38.16256],[-87.92172,38.17381],[-87.92596,38.15934],[-87.9343,38.15646],[-87.93716,38.17219],[-87.97749,38.19978],[-87.98563,38.21799],[-87.97979,38.24166],[-87.98808,38.25672],[-87.96097,38.23681],[-87.95761,38.25005],[-87.94303,38.25779],[-87.95212,38.27376],[-87.93484,38.29514],[-87.90954,38.29606],[-87.91929,38.27591],[-87.91408,38.26831],[-87.86889,38.31228]]]}},{"type":"Feature","properties":{"statefp":"18","stusps":"IN","name":"Indiana"},"geometry":{"type":"Polygon","coordinates":[[[-86.2914,38.1615],[-86.2718,38.13887],[-86.27855,38.08642],[-86.2678,38.05715],[-86.17818,38.01056],[-86.12533,38.01624],[-86.0946,38.00881],[-86.07386,37.99551],[-86.05111,37.96126],[-86.03891,37.95899],[-86.03036,37.99206],[-85.94651,38.00523],[-85.92565,38.02178],[-85.90505,38.08996],[-85.90618,38.16791],[-85.88267,38.20085],[-85.8436,38.23218],[-85.82906,38.27655],[-85.78119,38.28831],[-85.74348,38.26729],[-85.67996,38.29758],[-85.65226,38.32879],[-85.63183,38.39843],[-85.60695,38.43857],[-85.58275,38.45104],[-85.50571,38.46472],[-85.46969,38.50801],[-85.41953,38.53533],[-85.41565,38.56321],[-85.43804,38.60455],[-85.43863,38.65889],[-85.45672,38.68636],[-85.45178,38.71015],[-85.43595,38.72871],[-85.41414,38.73686],[-85.36445,38.73043],[-85.27238,38.74074],[-85.24645,38.73175],[-85.21305,38.69545],[-85.17316,38.68801],[-85.13741,38.69987],[-85.10201,38.7263],[-84.99192,38.77828],[-84.94112,38.77569],[-84.88756,38.79483],[-84.82886,38.78327],[-84.81253,38.78673],[-84.83004,38.83014],[-84.79152,38.85997],[-84.78527,38.88043],[-84.81216,38.89498],[-84.86664,38.89881],[-84.87725,38.90941],[-84.87692,38.92167],[-84.83425,38.95877],[-84.83005,38.97256],[-84.89737,39.0574],[-84.82015,39.10542],[-84.80365,40.31214],[-84.80589,41.76017],[-87.52366,41.75991],[-87.53165,39.34789],[-87.54401,39.35291],[-87.5544,39.34049],[-87.57833,39.34034],[-87.60592,39.31108],[-87.62059,39.30705],[-87.59795,39.29948],[-87.61005,39.28223],[-87.59468,39.24874],[-87.57159,39.25229],[-87.57932,39.24355],[-87.57456,39.2184],[-87.58861,39.19782],[-87.60788,39.18446],[-87.6204,39.1852],[-87.61962,39.17097],[-87.64043,39.16673],[-87.64155,39.16047],[-87.62771,39.15491],[-87.64217,39.1571],[-87.65874,39.136],[-87.63502,39.12212],[-87.64076,39.11437],[-87.65208,39.11554],[-87.6528,39.10684],[-87.61568,39.10332],[-87.62026,39.08657],[-87.59637,39.07964],[-87.57259,39.05729],[-87.58037,39.04071],[-87.5697,39.01941],[-87.57912,39.00161],[-87.56043,38.99242],[-87.57832,38.98879],[-87.5295,38.97192],[-87.51219,38.95442],[-87.52177,38.94112],[-87.51883,38.92321],[-87.52772,38.91923],[-87.52765,38.90769],[-87.51683,38.9037],[-87.53369,38.90096],[-87.53596,38.88699],[-87.54409,38.89509],[-87.53492,38.87887],[-87.54706,38.87596],[-87.54264,38.86528],[-87.55339,38.86241],[-87.52673,38.85036],[-87.52168,38.82658],[-87.52734,38.81812],[-87.49551,38.78463],[-87.51486,38.7705],[-87.49691,38.76682],[-87.50405,38.74851],[-87.4958,38.7407],[-87.50617,38.73372],[-87.53123,38.68404],[-87.59368,38.6674],[-87.60582,38.64652],[-87.62012,38.63949],[-87.61558,38.62505],[-87.62735,38.60544],[-87.61196,38.58925],[-87.63839,38.5922],[-87.63825,38.57627],[-87.65111,38.56903],[-87.6507,38.55624],[-87.67007,38.54524],[-87.64672,38.50777],[-87.65818,38.50167],[-87.6719,38.50761],[-87.69319,38.48804],[-87.75003,38.47143],[-87.75593,38.45588],[-87.73013,38.44652],[-87.74104,38.43558],[-87.74525,38.409],[-87.78,38.37084],[-87.80608,38.36314],[-87.82272,38.34691],[-87.84098,38.2801],[-87.86177,38.27864],[-87.86625,38.28998],[-87.86045,38.30537],[-87.87054,38.31222],[-87.88785,38.2853],[-87.91012,38.26811],[-87.91947,38.27455],[-87.90954,38.29606],[-87.93484,38.29514],[-87.95212,38.27376],[-87.94303,38.25779],[-87.95761,38.25005],[-87.96022,38.23712],[-87.98808,38.25672],[-87.97979,38.24166],[-87.98563,38.21799],[-87.97749,38.19978],[-87.93716,38.17219],[-87.9343,38.15646],[-87.92596,38.15934],[-87.92172,38.17381],[-87.91092,38.16256],[-87.94547,38.12662],[-87.96639,38.13251],[-87.97606,38.10956],[-88.01511,38.10141],[-88.01139,38.08469],[-87.96068,38.10019],[-87.95666,38.0862],[-87.97874,38.05982],[-88.04213,38.04635],[-88.03413,38.03204],[-88.00793,38.03084],[-88.02583,38.00724],[-88.01293,37.96654],[-88.03679,37.95679],[-88.03406,37.92616],[-88.05713,37.93415],[-88.06947,37.9257],[-88.05921,37.91719],[-88.02251,37.91476],[-88.01345,37.89395],[-88.02112,37.88806],[-88.05537,37.89124],[-88.08624,37.90571],[-88.09789,37.90152],[-88.06504,37.85317],[-88.02592,37.83269],[-88.04383,37.82153],[-88.08193,37.83068],[-88.09123,37.81915],[-88.06892,37.80098],[-88.03546,37.80952],[-88.02802,37.7992],[-88.00472,37.8001],[-87.9595,37.77296],[-87.94621,37.77342],[-87.9345,37.79608],[-87.90738,37.80713],[-87.90365,37.81679],[-87.90997,37.84303],[-87.93799,37.87029],[-87.94006,37.8876],[-87.89438,37.92806],[-87.87502,37.92286],[-87.82977,37.87642],[-87.79143,37.87566],[-87.75924,37.89166],[-87.67501,37.90164],[-87.66403,37.88748],[-87.68168,37.85627],[-87.67772,37.83416],[-87.6531,37.82604],[-87.61726,37.83118],[-87.59753,37.84805],[-87.58374,37.87808],[-87.62037,37.90736],[-87.62712,37.92571],[-87.60581,37.94961],[-87.60139,37.97131],[-87.58741,37.97528],[-87.57552,37.967],[-87.57751,37.95166],[-87.5609,37.93211],[-87.51057,37.90608],[-87.44913,37.94185],[-87.41413,37.94477],[-87.38618,37.9378],[-87.22026,37.84897],[-87.1617,37.83976],[-87.14111,37.81552],[-87.12936,37.78599],[-87.10833,37.78273],[-87.08928,37.78786],[-87.06541,37.80761],[-87.04324,37.86837],[-87.04588,37.89265],[-87.03417,37.90626],[-86.97618,37.93111],[-86.91892,37.93684],[-86.86091,37.98437],[-86.81969,37.99942],[-86.79497,37.98921],[-86.77784,37.95169],[-86.73255,37.89477],[-86.71744,37.8935],[-86.68079,37.91504],[-86.64785,37.90939],[-86.64426,37.89652],[-86.66224,37.85285],[-86.65523,37.84248],[-86.63828,37.84269],[-86.59819,37.86716],[-86.60013,37.90517],[-86.58869,37.92109],[-86.53384,37.91715],[-86.50734,37.9295],[-86.52494,37.9665],[-86.52171,38.03962],[-86.4539,38.05008],[-86.43058,38.07528],[-86.43401,38.08641],[-86.46282,38.09943],[-86.46468,38.11738],[-86.45141,38.12677],[-86.43274,38.12643],[-86.40188,38.10433],[-86.38061,38.12908],[-86.33282,38.12957],[-86.32289,38.15119],[-86.37119,38.16379],[-86.37847,38.1816],[-86.37303,38.19424],[-86.35977,38.19884],[-86.2914,38.1615]]]}},{"type":"Feature","properties":{"statefp":"19","stusps":"IA","name":"Iowa"},"geometry":{"type":"Polygon","coordinates":[[[-96.59919,43.50046],[-96.58108,43.4815],[-96.58689,43.47787],[-96.58242,43.46671],[-96.60305,43.45083],[-96.59414,43.43382],[-96.57029,43.42855],[-96.57355,43.41897],[-96.54443,43.39619],[-96.52524,43.39607],[-96.52166,43.38591],[-96.52206,43.37219],[-96.53096,43.36843],[-96.52428,43.34742],[-96.53509,43.3365],[-96.52696,43.30523],[-96.55206,43.29285],[-96.57371,43.29903],[-96.58849,43.29617],[-96.57947,43.29569],[-96.57756,43.27921],[-96.58566,43.26935],[-96.55266,43.25815],[-96.54919,43.24681],[-96.57149,43.23885],[-96.55933,43.22293],[-96.53592,43.22763],[-96.50906,43.21716],[-96.47665,43.22194],[-96.47401,43.18964],[-96.46486,43.18196],[-96.4685,43.15189],[-96.45043,43.14239],[-96.43647,43.12017],[-96.46232,43.09289],[-96.45408,43.08384],[-96.46074,43.06434],[-96.51052,43.04991],[-96.51252,43.04108],[-96.5213,43.03966],[-96.51105,43.03973],[-96.51203,43.02621],[-96.49198,43.0102],[-96.52084,42.98031],[-96.49896,42.9578],[-96.51987,42.93997],[-96.51684,42.93235],[-96.52531,42.93563],[-96.54128,42.92393],[-96.53647,42.90564],[-96.54293,42.90376],[-96.52529,42.89191],[-96.54349,42.88376],[-96.53767,42.87846],[-96.55045,42.86355],[-96.54145,42.85687],[-96.55608,42.84923],[-96.55032,42.83753],[-96.56094,42.83913],[-96.5636,42.82817],[-96.56838,42.83778],[-96.58147,42.83773],[-96.57765,42.82779],[-96.59595,42.81495],[-96.59046,42.8083],[-96.59968,42.79843],[-96.59521,42.7929],[-96.63638,42.76974],[-96.62724,42.75441],[-96.61926,42.75461],[-96.63561,42.74189],[-96.63059,42.73529],[-96.63948,42.73693],[-96.63052,42.73023],[-96.63419,42.72431],[-96.62441,42.72521],[-96.63015,42.70544],[-96.6056,42.70202],[-96.61209,42.69558],[-96.59964,42.69885],[-96.59361,42.68979],[-96.59964,42.68689],[-96.59229,42.68716],[-96.58984,42.69104],[-96.58619,42.68318],[-96.57518,42.68276],[-96.5784,42.67184],[-96.56696,42.67642],[-96.55577,42.66421],[-96.559,42.65768],[-96.54237,42.66093],[-96.53747,42.64595],[-96.51566,42.62971],[-96.51811,42.61982],[-96.53133,42.61364],[-96.50945,42.6127],[-96.50108,42.58931],[-96.49127,42.58681],[-96.49565,42.57954],[-96.4858,42.57502],[-96.49854,42.55812],[-96.47696,42.55597],[-96.47901,42.52639],[-96.49372,42.51674],[-96.47605,42.50778],[-96.47646,42.49013],[-96.40196,42.48644],[-96.386,42.4745],[-96.38071,42.44639],[-96.41519,42.4042],[-96.40844,42.37609],[-96.41779,42.35145],[-96.408,42.33741],[-96.37531,42.31834],[-96.36575,42.28581],[-96.3289,42.25472],[-96.32372,42.22989],[-96.35987,42.21055],[-96.34737,42.19308],[-96.34969,42.1707],[-96.30976,42.1321],[-96.26946,42.11422],[-96.26774,42.09705],[-96.27948,42.07088],[-96.27254,42.0462],[-96.22382,42.03335],[-96.22361,42.02265],[-96.24192,42.00696],[-96.23649,41.99643],[-96.19456,42.00866],[-96.184,42.00306],[-96.19214,41.98446],[-96.18722,41.97795],[-96.15209,41.97966],[-96.1295,41.97167],[-96.14458,41.94154],[-96.13674,41.92083],[-96.16176,41.90182],[-96.14191,41.869],[-96.11055,41.8492],[-96.10657,41.81961],[-96.07535,41.80772],[-96.06479,41.79441],[-96.08121,41.75708],[-96.10635,41.73805],[-96.10221,41.72764],[-96.07664,41.71566],[-96.07322,41.70406],[-96.11346,41.69757],[-96.1226,41.68304],[-96.09522,41.65011],[-96.11828,41.61497],[-96.10945,41.59678],[-96.08139,41.5779],[-96.09511,41.54109],[-96.08265,41.52597],[-96.04061,41.50689],[-96.02666,41.54037],[-96.00511,41.54325],[-95.99278,41.5146],[-96.01954,41.49159],[-96.01359,41.47847],[-95.96669,41.46343],[-95.93634,41.4653],[-95.92119,41.45514],[-95.93769,41.39477],[-95.92968,41.36706],[-95.95714,41.3459],[-95.92584,41.32158],[-95.88292,41.31665],[-95.87114,41.29669],[-95.87748,41.28458],[-95.90284,41.27437],[-95.91258,41.27953],[-95.9059,41.30104],[-95.92764,41.29844],[-95.92865,41.28133],[-95.91409,41.27243],[-95.9223,41.26302],[-95.91063,41.23458],[-95.92725,41.19709],[-95.91612,41.18528],[-95.86166,41.18796],[-95.84162,41.17547],[-95.84794,41.16624],[-95.87369,41.16664],[-95.88254,41.15588],[-95.86243,41.08969],[-95.88234,41.05942],[-95.85965,41.03569],[-95.86695,41.00109],[-95.82907,40.97569],[-95.83974,40.93278],[-95.80947,40.89123],[-95.81593,40.87985],[-95.84859,40.86106],[-95.83719,40.83535],[-95.84534,40.81132],[-95.83523,40.77915],[-95.87903,40.75308],[-95.88891,40.73186],[-95.88318,40.71758],[-95.85262,40.70226],[-95.8428,40.6775],[-95.79549,40.66238],[-95.77625,40.64746],[-95.76893,40.62126],[-95.74863,40.60336],[-95.76565,40.58521],[-94.27046,40.57153],[-92.68669,40.58981],[-91.72911,40.61364],[-91.68636,40.58087],[-91.6887,40.55739],[-91.62007,40.54082],[-91.62135,40.51007],[-91.59082,40.49229],[-91.57473,40.46565],[-91.52509,40.45784],[-91.52405,40.44844],[-91.53356,40.44059],[-91.51913,40.43282],[-91.52643,40.4134],[-91.48783,40.40387],[-91.49091,40.39298],[-91.48315,40.38249],[-91.46355,40.38555],[-91.46501,40.37622],[-91.45454,40.37544],[-91.44124,40.38625],[-91.41942,40.37826],[-91.39161,40.38404],[-91.37292,40.39911],[-91.38147,40.44604],[-91.36388,40.49806],[-91.38186,40.52825],[-91.40412,40.53913],[-91.40524,40.55464],[-91.33972,40.61349],[-91.25307,40.63796],[-91.18698,40.6373],[-91.12393,40.66915],[-91.11194,40.69702],[-91.11042,40.74553],[-91.0917,40.77971],[-91.09765,40.80557],[-91.09299,40.82108],[-91.05643,40.84839],[-91.00954,40.90057],[-90.96534,40.92163],[-90.95223,40.95405],[-90.95814,40.97977],[-90.94225,41.0347],[-90.94662,41.09663],[-90.99496,41.16063],[-91.04156,41.16616],[-91.07298,41.20715],[-91.11366,41.2414],[-91.09203,41.28691],[-91.07484,41.30558],[-91.06623,41.36637],[-91.05158,41.38528],[-91.04589,41.41409],[-90.98291,41.43417],[-90.92925,41.42154],[-90.84656,41.45514],[-90.74595,41.44973],[-90.65584,41.46213],[-90.60594,41.49423],[-90.59524,41.51103],[-90.55624,41.52423],[-90.50063,41.51803],[-90.46143,41.52353],[-90.41282,41.56533],[-90.34323,41.58783],[-90.34345,41.64696],[-90.33452,41.67956],[-90.31343,41.69808],[-90.31767,41.72269],[-90.30997,41.74342],[-90.27863,41.76736],[-90.18095,41.80935],[-90.1819,41.84322],[-90.15358,41.90661],[-90.1516,41.931],[-90.16414,41.95618],[-90.14006,42.00325],[-90.16448,42.0421],[-90.16836,42.07578],[-90.16116,42.10637],[-90.16753,42.12248],[-90.2014,42.13094],[-90.21611,42.15673],[-90.32827,42.20105],[-90.35696,42.20544],[-90.39315,42.22719],[-90.43088,42.27823],[-90.41594,42.3227],[-90.44387,42.35522],[-90.47728,42.38379],[-90.55502,42.41614],[-90.56797,42.44039],[-90.62433,42.4589],[-90.6545,42.47921],[-90.65628,42.49137],[-90.63598,42.51871],[-90.66153,42.568],[-90.68698,42.59177],[-90.7063,42.63417],[-90.92115,42.68541],[-90.94921,42.68557],[-91.02679,42.72423],[-91.03542,42.73734],[-91.05373,42.73824],[-91.06506,42.75134],[-91.06026,42.76185],[-91.06955,42.76963],[-91.07867,42.82768],[-91.09406,42.83081],[-91.10057,42.88308],[-91.14562,42.90801],[-91.14593,42.96077],[-91.17946,43.06743],[-91.17525,43.13466],[-91.1462,43.15241],[-91.12217,43.19725],[-91.0664,43.23929],[-91.05792,43.25537],[-91.07265,43.26213],[-91.07371,43.27475],[-91.10724,43.31365],[-91.20662,43.35252],[-91.21499,43.36801],[-91.19895,43.38983],[-91.20036,43.4127],[-91.23337,43.45517],[-91.21604,43.48114],[-91.21771,43.50055],[-96.59919,43.50046]]]}},{"type":"Feature","properties":{"statefp":"20","stusps":"KS","name":"Kansas"},"geometry":{"type":"Polygon","coordinates":[[[-94.60852,39.11624],[-94.58841,39.14987],[-94.60866,39.16104],[-94.65579,39.15568],[-94.66158,39.17736],[-94.67824,39.18417],[-94.71414,39.1704],[-94.74078,39.16999],[-94.76286,39.17999],[-94.78295,39.20716],[-94.81154,39.20691],[-94.83168,39.21594],[-94.82566,39.24173],[-94.83055,39.25514],[-94.88409,39.28451],[-94.90613,39.31472],[-94.91002,39.35254],[-94.88136,39.37038],[-94.88503,39.3898],[-94.94204,39.3895],[-94.94786,39.4086],[-94.97295,39.42171],[-94.98214,39.44055],[-95.0375,39.46369],[-95.05446,39.50265],[-95.08271,39.51671],[-95.1093,39.54228],[-95.11349,39.55683],[-95.10495,39.5766],[-95.06709,39.5765],[-95.05059,39.58756],[-95.04645,39.60161],[-95.05427,39.62774],[-95.02764,39.66545],[-94.97068,39.68724],[-94.97121,39.7293],[-94.96396,39.74036],[-94.94754,39.74534],[-94.89932,39.72404],[-94.86274,39.7422],[-94.86064,39.76298],[-94.86965,39.7729],[-94.91095,39.75918],[-94.93457,39.77296],[-94.92823,39.78894],[-94.88229,39.7958],[-94.87666,39.82252],[-94.8865,39.83334],[-94.91677,39.83581],[-94.93985,39.85204],[-94.94238,39.86225],[-94.92736,39.88397],[-94.95154,39.90053],[-95.01313,39.90019],[-95.03525,39.86592],[-95.09016,39.86314],[-95.13709,39.87835],[-95.14966,39.90595],[-95.20175,39.90438],[-95.20527,39.93975],[-95.25025,39.94864],[-95.26989,39.9694],[-95.30234,39.98456],[-95.30829,40],[-102.05174,40.00308],[-102.04209,36.99302],[-100.10789,37.00231],[-94.61796,36.99891],[-94.60852,39.11624]]]}},{"type":"Feature","properties":{"statefp":"21","stusps":"KY","name":"Kentucky"},"geometry":{"type":"MultiPolygon","coordinates":[[[[-89.5712,36.55214],[-89.53923,36.49793],[-89.48543,36.49749],[-89.46591,36.53001],[-89.47993,36.56909],[-89.52854,36.58158],[-89.55757,36.5743],[-89.5712,36.55214]]],[[[-82.56538,37.1961],[-82.43969,37.24712],[-82.349,37.26797],[-82.34384,37.28074],[-82.32473,37.28304],[-81.96487,37.54294],[-81.97324,37.54658],[-81.99415,37.53775],[-81.99821,37.54332],[-82.01117,37.53288],[-82.04232,37.54823],[-82.04615,37.52794],[-82.06484,37.5372],[-82.07518,37.55585],[-82.10403,37.55287],[-82.10481,37.56019],[-82.13209,37.55237],[-82.14491,37.56766],[-82.12624,37.57374],[-82.12734,37.58655],[-82.13989,37.59497],[-82.15685,37.59272],[-82.15668,37.60897],[-82.16877,37.60908],[-82.16425,37.62029],[-82.1812,37.62151],[-82.17241,37.63263],[-82.17508,37.64783],[-82.19112,37.64459],[-82.18723,37.62698],[-82.2145,37.6254],[-82.21685,37.6416],[-82.23607,37.65963],[-82.25807,37.65688],[-82.28249,37.67592],[-82.28812,37.66811],[-82.29503,37.67805],[-82.30431,37.67609],[-82.29592,37.68618],[-82.30294,37.69361],[-82.29637,37.70219],[-82.30768,37.70801],[-82.31885,37.73369],[-82.33417,37.74277],[-82.31199,37.76432],[-82.33338,37.76441],[-82.32389,37.77499],[-82.33746,37.77491],[-82.34009,37.78563],[-82.37664,37.80221],[-82.38672,37.81822],[-82.40132,37.80951],[-82.39935,37.82952],[-82.42049,37.84643],[-82.41471,37.85597],[-82.42462,37.86145],[-82.40751,37.8673],[-82.41756,37.87028],[-82.41993,37.88487],[-82.46299,37.91482],[-82.47441,37.89995],[-82.47557,37.91184],[-82.48835,37.91772],[-82.48066,37.92617],[-82.5022,37.93305],[-82.48928,37.93822],[-82.49757,37.94595],[-82.48556,37.94581],[-82.47177,37.95874],[-82.48446,37.96358],[-82.48443,37.97092],[-82.46885,37.97323],[-82.46457,37.98388],[-82.48359,37.98384],[-82.48865,37.99891],[-82.51919,38.00113],[-82.51555,38.00661],[-82.53872,38.0374],[-82.54985,38.06945],[-82.58336,38.09003],[-82.58701,38.10866],[-82.61923,38.12054],[-82.62184,38.13329],[-82.63657,38.13802],[-82.64454,38.16525],[-82.6116,38.17134],[-82.59829,38.21736],[-82.61222,38.2363],[-82.60462,38.24766],[-82.58332,38.24679],[-82.57452,38.2645],[-82.58303,38.29681],[-82.57176,38.31719],[-82.59812,38.34593],[-82.59341,38.42188],[-82.60365,38.45922],[-82.6126,38.47356],[-82.65769,38.49743],[-82.69828,38.54377],[-82.72791,38.55887],[-82.79587,38.56181],[-82.84247,38.58891],[-82.85446,38.61377],[-82.86038,38.66288],[-82.87749,38.68946],[-82.86987,38.72777],[-82.87954,38.7513],[-82.89468,38.75653],[-82.92092,38.75092],[-82.97737,38.72619],[-83.02771,38.72716],[-83.06218,38.68967],[-83.11238,38.67162],[-83.13475,38.63201],[-83.15098,38.61998],[-83.20436,38.61677],[-83.24566,38.62856],[-83.29318,38.59671],[-83.31659,38.608],[-83.32774,38.63783],[-83.36277,38.65722],[-83.46771,38.67535],[-83.49364,38.69452],[-83.52088,38.70306],[-83.62553,38.67888],[-83.64784,38.6324],[-83.6684,38.62645],[-83.72086,38.64667],[-83.76912,38.65507],[-83.78446,38.69672],[-83.83676,38.71772],[-83.84889,38.74748],[-83.86941,38.7613],[-83.92566,38.77121],[-83.96237,38.78752],[-84.07078,38.77041],[-84.21312,38.80584],[-84.23186,38.83272],[-84.23434,38.89326],[-84.28878,38.95564],[-84.30607,39.00775],[-84.3476,39.03758],[-84.42639,39.05313],[-84.43516,39.10036],[-84.45253,39.11924],[-84.4758,39.11994],[-84.51034,39.09387],[-84.55082,39.09955],[-84.57191,39.08243],[-84.61834,39.0733],[-84.65852,39.09581],[-84.68648,39.10111],[-84.7199,39.13789],[-84.74997,39.14773],[-84.78777,39.11531],[-84.83244,39.10049],[-84.89737,39.0574],[-84.83005,38.97256],[-84.83425,38.95877],[-84.87692,38.92167],[-84.87725,38.90941],[-84.86664,38.89881],[-84.81216,38.89498],[-84.78527,38.88043],[-84.79152,38.85997],[-84.83004,38.83014],[-84.81382,38.78507],[-84.88742,38.79483],[-84.94112,38.77569],[-84.99192,38.77828],[-85.10201,38.7263],[-85.13741,38.69987],[-85.17316,38.68801],[-85.21305,38.69545],[-85.24645,38.73175],[-85.27238,38.74074],[-85.36445,38.73043],[-85.41414,38.73686],[-85.43595,38.72871],[-85.45178,38.71015],[-85.45672,38.68636],[-85.43863,38.65889],[-85.43804,38.60455],[-85.41565,38.56321],[-85.41953,38.53533],[-85.46969,38.50801],[-85.50571,38.46472],[-85.58275,38.45104],[-85.60695,38.43857],[-85.63183,38.39843],[-85.65226,38.32879],[-85.67996,38.29758],[-85.74348,38.26729],[-85.78119,38.28831],[-85.82906,38.27655],[-85.8436,38.23218],[-85.88267,38.20085],[-85.90618,38.16791],[-85.90505,38.08996],[-85.92565,38.02178],[-85.94651,38.00523],[-86.03036,37.99206],[-86.03891,37.95899],[-86.05111,37.96126],[-86.07386,37.99551],[-86.0946,38.00881],[-86.12533,38.01624],[-86.17818,38.01056],[-86.2678,38.05715],[-86.27855,38.08642],[-86.27285,38.14084],[-86.29282,38.16248],[-86.35977,38.19884],[-86.37601,38.19066],[-86.37673,38.16974],[-86.32587,38.15403],[-86.32512,38.13634],[-86.33867,38.12788],[-86.38077,38.12902],[-86.40188,38.10433],[-86.43234,38.12634],[-86.46124,38.12093],[-86.46468,38.10251],[-86.43233,38.0848],[-86.43392,38.06571],[-86.45977,38.04813],[-86.51591,38.0431],[-86.52514,38.02873],[-86.52494,37.9665],[-86.50734,37.9295],[-86.53384,37.91715],[-86.58869,37.92109],[-86.60013,37.90517],[-86.59819,37.86716],[-86.63828,37.84269],[-86.65523,37.84248],[-86.66224,37.85285],[-86.64426,37.89652],[-86.64785,37.90939],[-86.68079,37.91504],[-86.71744,37.8935],[-86.73255,37.89477],[-86.77784,37.95169],[-86.79497,37.98921],[-86.81969,37.99942],[-86.86091,37.98437],[-86.91892,37.93684],[-86.97618,37.93111],[-87.03417,37.90626],[-87.04588,37.89265],[-87.04324,37.86837],[-87.06541,37.80761],[-87.08928,37.78786],[-87.11073,37.78242],[-87.13007,37.78678],[-87.14111,37.81552],[-87.1617,37.83976],[-87.22026,37.84897],[-87.29865,37.89613],[-87.41199,37.9445],[-87.44913,37.94185],[-87.51057,37.90608],[-87.55604,37.92817],[-87.57751,37.95166],[-87.57781,37.9702],[-87.59776,37.9739],[-87.62732,37.9204],[-87.61982,37.90685],[-87.58714,37.88486],[-87.58392,37.87248],[-87.61245,37.83361],[-87.64416,37.82619],[-87.67034,37.82796],[-87.67941,37.83653],[-87.68168,37.85627],[-87.66403,37.88748],[-87.67501,37.90164],[-87.75924,37.89166],[-87.79143,37.87566],[-87.82977,37.87642],[-87.87502,37.92286],[-87.90386,37.92554],[-87.93816,37.89106],[-87.94098,37.87947],[-87.90997,37.84303],[-87.90738,37.80713],[-87.93413,37.79641],[-87.95184,37.7717],[-88.00472,37.8001],[-88.02985,37.79825],[-88.05933,37.74297],[-88.12152,37.71024],[-88.15916,37.66261],[-88.14059,37.58483],[-88.06901,37.5254],[-88.06111,37.50412],[-88.06784,37.48587],[-88.08546,37.47156],[-88.28163,37.45273],[-88.32363,37.43399],[-88.36446,37.40174],[-88.41211,37.42506],[-88.45281,37.41094],[-88.47528,37.38986],[-88.48468,37.34523],[-88.5159,37.28409],[-88.50394,37.26479],[-88.51141,37.26148],[-88.44804,37.20364],[-88.42466,37.15229],[-88.44561,37.09333],[-88.45994,37.07463],[-88.51669,37.06538],[-88.56651,37.07537],[-88.61869,37.11677],[-88.69261,37.14111],[-88.7325,37.14395],[-88.80261,37.18774],[-88.93151,37.22743],[-89.00007,37.22476],[-89.02987,37.21106],[-89.08671,37.16545],[-89.1095,37.12309],[-89.14818,37.09842],[-89.14607,37.091],[-89.16708,37.07541],[-89.18247,37.03916],[-89.17017,37.00707],[-89.13656,36.98376],[-89.11095,36.9778],[-89.09898,36.95822],[-89.11711,36.88869],[-89.13811,36.84732],[-89.17044,36.84184],[-89.1792,36.8299],[-89.17056,36.79754],[-89.12438,36.78583],[-89.1182,36.76233],[-89.12597,36.75181],[-89.17289,36.75877],[-89.20055,36.73257],[-89.19931,36.71562],[-89.17046,36.69005],[-89.17188,36.6726],[-89.15912,36.66635],[-89.19775,36.62897],[-89.21387,36.57991],[-89.23631,36.56688],[-89.26955,36.56972],[-89.32626,36.63184],[-89.3658,36.62513],[-89.37614,36.61413],[-89.41728,36.49901],[-89.30102,36.50723],[-88.05329,36.49706],[-88.03907,36.51078],[-88.03265,36.5421],[-88.07054,36.67826],[-87.84954,36.66369],[-87.85332,36.63316],[-86.58991,36.65244],[-86.56391,36.63356],[-86.54994,36.64476],[-86.54382,36.64043],[-86.49343,36.65224],[-85.67653,36.61822],[-85.50151,36.61485],[-85.18627,36.62521],[-84.83003,36.60454],[-83.69079,36.5826],[-83.6477,36.62308],[-83.57732,36.6415],[-83.53015,36.66605],[-83.42471,36.66734],[-83.30971,36.71064],[-83.19484,36.73945],[-83.13512,36.74263],[-83.12557,36.76162],[-83.13254,36.7644],[-83.13323,36.78458],[-83.10433,36.804],[-83.10194,36.82824],[-83.07517,36.84073],[-83.07284,36.85446],[-83.02661,36.85556],[-83.00746,36.84748],[-82.99859,36.85657],[-82.90782,36.87476],[-82.87908,36.88925],[-82.86798,36.90005],[-82.87738,36.90847],[-82.85766,36.92867],[-82.8623,36.94134],[-82.85573,36.95382],[-82.87011,36.96498],[-82.86747,36.97805],[-82.83728,36.98728],[-82.82872,37.0058],[-82.78286,37.00782],[-82.75948,37.02725],[-82.74786,37.02443],[-82.74276,37.0428],[-82.72237,37.04507],[-82.72674,37.07304],[-82.71666,37.07741],[-82.72502,37.09182],[-82.72141,37.12083],[-82.63338,37.15442],[-82.56538,37.1961]]]]}},{"type":"Feature","properties":{"statefp":"22","stusps":"LA","name":"Louisiana"},"geometry":{"type":"Polygon","coordinates":[[[-94.04301,33.01926],[-94.04224,31.99361],[-94.01851,31.99243],[-93.97171,31.92039],[-93.95977,31.92323],[-93.95355,31.91056],[-93.92865,31.91265],[-93.92159,31.90442],[-93.93119,31.89149],[-93.92553,31.89462],[-93.92097,31.88588],[-93.90062,31.89679],[-93.90168,31.87457],[-93.88168,31.86858],[-93.8894,31.8559],[-93.87282,31.8363],[-93.87325,31.81489],[-93.83934,31.80033],[-93.83769,31.78082],[-93.82344,31.7751],[-93.83688,31.75017],[-93.81493,31.72869],[-93.81669,31.70792],[-93.79446,31.70332],[-93.81628,31.67536],[-93.81243,31.67025],[-93.82205,31.67397],[-93.82646,31.66692],[-93.81152,31.64744],[-93.81804,31.64789],[-93.81715,31.62187],[-93.82717,31.62028],[-93.81872,31.61456],[-93.82785,31.61655],[-93.83806,31.6068],[-93.83492,31.58621],[-93.81843,31.57094],[-93.81858,31.55483],[-93.78769,31.52734],[-93.76006,31.52393],[-93.74744,31.53068],[-93.74269,31.51569],[-93.71105,31.51216],[-93.7226,31.49277],[-93.75239,31.48274],[-93.74554,31.4804],[-93.74948,31.46869],[-93.72193,31.45345],[-93.70393,31.45549],[-93.70951,31.44203],[-93.69253,31.4382],[-93.70488,31.41088],[-93.67412,31.39768],[-93.671,31.36622],[-93.63922,31.37202],[-93.64587,31.35901],[-93.66844,31.35301],[-93.67355,31.32454],[-93.68728,31.30607],[-93.66893,31.29798],[-93.65869,31.28162],[-93.64865,31.28423],[-93.64252,31.26951],[-93.62034,31.27103],[-93.61394,31.25937],[-93.62176,31.24913],[-93.61811,31.23269],[-93.59627,31.22951],[-93.60724,31.20481],[-93.60031,31.17616],[-93.58912,31.16589],[-93.54998,31.18663],[-93.53254,31.18331],[-93.53281,31.17426],[-93.54306,31.17066],[-93.53648,31.15847],[-93.5487,31.15584],[-93.53937,31.11521],[-93.55818,31.09798],[-93.55372,31.09387],[-93.56375,31.09452],[-93.55581,31.08696],[-93.54926,31.09041],[-93.55221,31.07893],[-93.52765,31.07451],[-93.51891,31.06186],[-93.53163,31.05363],[-93.5189,31.04374],[-93.52338,31.03772],[-93.50804,31.03153],[-93.53246,31.01972],[-93.53918,31.00821],[-93.55593,31.00374],[-93.56656,31.01306],[-93.57821,30.99999],[-93.5643,30.9897],[-93.57354,30.97121],[-93.53176,30.95822],[-93.52601,30.93754],[-93.53201,30.92375],[-93.54342,30.92015],[-93.54572,30.9271],[-93.55856,30.91324],[-93.5492,30.89744],[-93.56632,30.89484],[-93.57408,30.88453],[-93.55862,30.86942],[-93.55731,30.85208],[-93.56872,30.84418],[-93.55363,30.83514],[-93.55443,30.82352],[-93.56416,30.81754],[-93.56298,30.80601],[-93.58378,30.80178],[-93.58192,30.78898],[-93.58938,30.78668],[-93.58316,30.7786],[-93.59271,30.7751],[-93.5921,30.76367],[-93.61435,30.76019],[-93.60841,30.74666],[-93.61903,30.74034],[-93.60913,30.73004],[-93.61772,30.7289],[-93.60539,30.71716],[-93.61723,30.71858],[-93.62989,30.67994],[-93.65497,30.67019],[-93.68297,30.64125],[-93.68198,30.61858],[-93.68913,30.61141],[-93.67895,30.59364],[-93.68657,30.58572],[-93.69287,30.59438],[-93.71378,30.58758],[-93.71507,30.57902],[-93.72784,30.57407],[-93.72876,30.5453],[-93.74025,30.53957],[-93.71647,30.51923],[-93.70768,30.52134],[-93.70681,30.50707],[-93.71515,30.50127],[-93.70867,30.49912],[-93.71707,30.49445],[-93.70976,30.48265],[-93.71742,30.48382],[-93.69904,30.45881],[-93.70634,30.45814],[-93.70746,30.44505],[-93.69758,30.44223],[-93.70233,30.42984],[-93.71275,30.43317],[-93.71805,30.42258],[-93.72611,30.43072],[-93.72275,30.41956],[-93.75767,30.39044],[-93.75922,30.36802],[-93.75098,30.3599],[-93.76078,30.35985],[-93.75953,30.34232],[-93.76565,30.34341],[-93.75866,30.33902],[-93.76583,30.33274],[-93.75168,30.32935],[-93.7562,30.326],[-93.74242,30.30114],[-93.70458,30.28995],[-93.71042,30.27317],[-93.7031,30.23846],[-93.70945,30.23851],[-93.70449,30.23379],[-93.7111,30.23525],[-93.72126,30.20961],[-93.71419,30.20866],[-93.71752,30.19308],[-93.70549,30.19292],[-93.71255,30.19246],[-93.71068,30.17986],[-93.69995,30.17553],[-93.70951,30.14667],[-93.69774,30.15295],[-93.6882,30.14136],[-93.70121,30.13746],[-93.70087,30.12311],[-93.70795,30.12002],[-93.70244,30.11272],[-93.72377,30.09413],[-93.72401,30.08263],[-93.73408,30.08613],[-93.69952,30.05858],[-93.71107,30.05439],[-93.71788,30.06555],[-93.74108,30.02157],[-93.7886,29.98884],[-93.83837,29.88285],[-93.92799,29.80964],[-93.9265,29.78956],[-93.89386,29.76729],[-93.89164,29.74462],[-93.87002,29.73548],[-93.83741,29.68989],[-93.81435,29.59658],[-93.78593,29.60594],[-93.77036,29.62392],[-93.77015,29.67083],[-93.71155,29.69035],[-93.43276,29.71853],[-93.38725,29.71377],[-93.3655,29.69942],[-93.33929,29.69508],[-93.31079,29.702],[-93.28735,29.72433],[-93.22317,29.7264],[-93.02911,29.67786],[-92.7676,29.57093],[-92.62497,29.52833],[-92.29367,29.4815],[-92.23166,29.49189],[-92.14667,29.53204],[-92.07805,29.53149],[-92.04562,29.50581],[-92.02275,29.47064],[-91.98387,29.46071],[-91.96483,29.43939],[-91.91321,29.42021],[-91.90635,29.3874],[-91.87691,29.36269],[-91.83277,29.36256],[-91.77749,29.39608],[-91.71219,29.36063],[-91.64404,29.37555],[-91.56075,29.3454],[-91.52974,29.34445],[-91.42113,29.30283],[-91.39165,29.28187],[-91.3417,29.22745],[-91.29268,29.19618],[-91.20785,29.17116],[-91.15982,29.16842],[-91.1033,29.13838],[-91.02001,29.12177],[-90.97492,29.12151],[-90.96037,29.11106],[-90.9894,29.10645],[-91.01207,29.09054],[-91.02303,29.0674],[-91.02076,29.04606],[-90.99345,29.01497],[-90.93211,28.99432],[-90.82265,28.98591],[-90.74686,28.9886],[-90.55255,29.03681],[-90.49182,29.0118],[-90.40938,28.99534],[-90.34432,29.00318],[-90.23906,29.0331],[-90.21008,29.03308],[-90.16266,29.05125],[-90.03233,29.13504],[-89.61043,29.19863],[-89.52047,29.17219],[-89.50232,29.15838],[-89.46867,29.10746],[-89.46574,28.97444],[-89.49286,28.90796],[-89.4835,28.88097],[-89.46248,28.86365],[-89.4338,28.85527],[-89.40099,28.86063],[-89.2796,28.97778],[-89.2349,28.98715],[-89.20958,28.9702],[-89.19654,28.93996],[-89.16907,28.92257],[-89.13328,28.91973],[-89.10509,28.93301],[-89.04564,29.00694],[-89.01269,29.02768],[-88.9969,29.0853],[-88.94576,29.10395],[-88.92171,29.12497],[-88.90881,29.21023],[-88.91831,29.23628],[-88.94205,29.25374],[-89.02262,29.27446],[-89.07723,29.3011],[-89.13761,29.38143],[-89.14207,29.42947],[-89.11945,29.45807],[-89.06178,29.475],[-89.03887,29.49223],[-88.9602,29.5771],[-88.91266,29.61178],[-88.82343,29.71499],[-88.79729,29.75967],[-88.76726,29.84077],[-88.75839,29.91827],[-88.76728,29.98207],[-88.78367,30.02669],[-88.83435,30.09071],[-88.85491,30.13553],[-89.09648,30.16583],[-89.18367,30.21215],[-89.26098,30.182],[-89.41671,30.17764],[-89.5112,30.16062],[-89.53334,30.19488],[-89.57191,30.18072],[-89.59697,30.21237],[-89.61423,30.22147],[-89.61404,30.24477],[-89.63161,30.25701],[-89.6253,30.26353],[-89.63129,30.27977],[-89.64751,30.29053],[-89.64034,30.30678],[-89.62619,30.31429],[-89.63396,30.3213],[-89.62959,30.33896],[-89.65725,30.35663],[-89.66018,30.37342],[-89.68384,30.40582],[-89.67748,30.41796],[-89.6834,30.45154],[-89.70585,30.46495],[-89.70991,30.47822],[-89.72358,30.4823],[-89.72482,30.49213],[-89.74733,30.49272],[-89.7467,30.50295],[-89.75748,30.49955],[-89.75746,30.5186],[-89.76781,30.51319],[-89.77916,30.54403],[-89.80392,30.54935],[-89.7922,30.54835],[-89.80398,30.56052],[-89.78687,30.56905],[-89.80795,30.56765],[-89.8157,30.58554],[-89.80702,30.5871],[-89.81877,30.59288],[-89.81404,30.59859],[-89.82256,30.60524],[-89.81392,30.60772],[-89.82326,30.60771],[-89.82143,30.61979],[-89.83071,30.61722],[-89.814,30.63825],[-89.82295,30.63908],[-89.82066,30.64609],[-89.83321,30.65751],[-89.84072,30.65217],[-89.84084,30.66082],[-89.85231,30.66237],[-89.83783,30.67192],[-89.8472,30.67004],[-89.83712,30.6779],[-89.84226,30.68028],[-89.83736,30.6878],[-89.84502,30.69063],[-89.83529,30.69179],[-89.83807,30.70404],[-89.84665,30.70573],[-89.84253,30.72042],[-89.83098,30.71553],[-89.82563,30.72737],[-89.83633,30.7272],[-89.82746,30.73212],[-89.83694,30.73491],[-89.81607,30.73891],[-89.82862,30.73735],[-89.82246,30.75463],[-89.83317,30.75331],[-89.82564,30.75839],[-89.83512,30.77109],[-89.82876,30.76874],[-89.83011,30.78136],[-89.82009,30.78239],[-89.81915,30.79523],[-89.81157,30.78749],[-89.80347,30.79114],[-89.81574,30.80335],[-89.80463,30.80251],[-89.79865,30.82086],[-89.7815,30.81894],[-89.79247,30.85039],[-89.78163,30.84527],[-89.78338,30.85602],[-89.77172,30.85468],[-89.76779,30.86558],[-89.77925,30.87601],[-89.76958,30.88115],[-89.77341,30.89769],[-89.75872,30.89732],[-89.7642,30.91191],[-89.74479,30.91893],[-89.75651,30.94286],[-89.72707,30.96739],[-89.73715,30.97608],[-89.73008,30.98085],[-89.72778,30.9939],[-89.73554,30.99971],[-89.72962,31.00393],[-91.63694,30.99942],[-91.57841,31.02403],[-91.55991,31.05412],[-91.56415,31.06683],[-91.62686,31.11877],[-91.62422,31.13373],[-91.5915,31.17312],[-91.58894,31.18896],[-91.60162,31.20857],[-91.64436,31.23441],[-91.65403,31.25575],[-91.63767,31.26768],[-91.56419,31.26163],[-91.51561,31.27821],[-91.50866,31.31513],[-91.54821,31.34608],[-91.54606,31.38222],[-91.55568,31.38641],[-91.56895,31.37763],[-91.57627,31.4105],[-91.54337,31.43261],[-91.52184,31.37517],[-91.50476,31.36498],[-91.47481,31.36865],[-91.47207,31.39708],[-91.49981,31.4201],[-91.51513,31.44921],[-91.51492,31.51011],[-91.52254,31.52208],[-91.51345,31.53203],[-91.47972,31.53037],[-91.44762,31.54067],[-91.40542,31.57647],[-91.40391,31.58977],[-91.41882,31.59656],[-91.46632,31.58607],[-91.49292,31.58957],[-91.51657,31.61182],[-91.51546,31.63037],[-91.49613,31.64531],[-91.47432,31.62536],[-91.43622,31.61247],[-91.40102,31.62036],[-91.39791,31.70936],[-91.36938,31.7469],[-91.27711,31.74488],[-91.26311,31.75476],[-91.26251,31.76656],[-91.28121,31.77226],[-91.36561,31.76076],[-91.34521,31.84386],[-91.33381,31.85326],[-91.29401,31.86046],[-91.28321,31.81576],[-91.26921,31.80916],[-91.25431,31.81366],[-91.245,31.83219],[-91.26761,31.85236],[-91.26771,31.86266],[-91.2349,31.87686],[-91.20281,31.90796],[-91.18228,31.91581],[-91.18381,31.93356],[-91.19321,31.93566],[-91.18481,31.96556],[-91.16441,31.98256],[-91.10281,31.99096],[-91.07591,32.01683],[-91.09141,32.03605],[-91.15381,32.05065],[-91.16201,32.06186],[-91.15851,32.07285],[-91.13571,32.08065],[-91.10371,32.05025],[-91.08091,32.04785],[-91.08111,32.07835],[-91.03521,32.10045],[-91.03089,32.12056],[-91.01581,32.12675],[-91.00411,32.14615],[-91.00291,32.16205],[-91.02501,32.16255],[-91.05831,32.18095],[-91.04851,32.15015],[-91.05356,32.12441],[-91.08163,32.13399],[-91.11099,32.12464],[-91.16282,32.13269],[-91.17455,32.15498],[-91.16417,32.19689],[-91.13359,32.21343],[-91.10851,32.20815],[-91.08371,32.22645],[-91.06141,32.21865],[-91.05031,32.23795],[-91.03901,32.24235],[-91.00291,32.22305],[-91.00321,32.19805],[-90.99494,32.19314],[-90.98338,32.21177],[-90.98029,32.2436],[-90.9694,32.25252],[-90.98298,32.27029],[-90.97947,32.2937],[-90.96415,32.29687],[-90.94978,32.28306],[-90.92223,32.29864],[-90.90285,32.31912],[-90.87564,32.37173],[-90.89071,32.37225],[-90.91236,32.33945],[-90.99362,32.35405],[-91.00451,32.36474],[-91.00141,32.37944],[-90.99408,32.40386],[-90.96599,32.42065],[-90.96959,32.43949],[-90.99549,32.45088],[-91.02821,32.43374],[-91.05141,32.43784],[-91.09351,32.45744],[-91.11601,32.48314],[-91.11671,32.50014],[-91.09374,32.54913],[-91.03811,32.49044],[-91.00051,32.48224],[-90.9872,32.49566],[-91.00113,32.51295],[-91.05771,32.53378],[-91.08041,32.55647],[-91.03617,32.57955],[-91.00825,32.60424],[-91.00296,32.62255],[-91.0158,32.64164],[-91.02577,32.64657],[-91.03718,32.63786],[-91.0498,32.60719],[-91.11985,32.58479],[-91.14278,32.5989],[-91.15249,32.62032],[-91.14975,32.64404],[-91.11826,32.67408],[-91.06884,32.69892],[-91.05475,32.71923],[-91.09057,32.7361],[-91.15861,32.74345],[-91.1657,32.7534],[-91.15548,32.77991],[-91.1644,32.78582],[-91.16167,32.81247],[-91.145,32.84287],[-91.12789,32.85506],[-91.10563,32.8584],[-91.06445,32.90106],[-91.06397,32.92411],[-91.08262,32.94623],[-91.08035,32.96279],[-91.09089,32.98117],[-91.10658,32.98894],[-91.1351,32.98011],[-91.13327,32.91935],[-91.14738,32.90409],[-91.17024,32.89939],[-91.19978,32.90851],[-91.21403,32.93032],[-91.19834,32.95021],[-91.20184,32.96121],[-91.17331,32.98609],[-91.16609,33.00429],[-94.04301,33.01926]]]}},{"type":"Feature","properties":{"statefp":"23","stusps":"ME","name":"Maine"},"geometry":{"type":"Polygon","coordinates":[[[-67.80569,45.68005],[-67.81801,45.69382],[-67.80293,45.69609],[-67.80962,45.72957],[-67.7818,45.73112],[-67.79299,45.75054],[-67.80614,45.75532],[-67.80632,45.79443],[-67.78069,45.81776],[-67.75532,45.82335],[-67.79711,45.86003],[-67.80391,45.8829],[-67.76805,45.89811],[-67.76532,45.90975],[-67.75063,45.91764],[-67.78125,45.94345],[-67.7902,47.06722],[-67.8829,47.10432],[-67.89074,47.12645],[-67.92749,47.15503],[-67.95728,47.19959],[-67.98978,47.20999],[-68.01663,47.23492],[-68.13593,47.29563],[-68.15228,47.30959],[-68.15488,47.32518],[-68.21457,47.3396],[-68.23451,47.35529],[-68.26503,47.35217],[-68.28503,47.36029],[-68.36306,47.35471],[-68.37774,47.34359],[-68.38464,47.32603],[-68.37797,47.28738],[-68.4489,47.282],[-68.47481,47.29716],[-68.51861,47.29577],[-68.54993,47.2821],[-68.58005,47.28712],[-68.59767,47.27016],[-68.59355,47.25877],[-68.61728,47.24345],[-68.65988,47.2361],[-68.68724,47.24443],[-68.71702,47.24054],[-68.76435,47.22204],[-68.81153,47.21513],[-68.90009,47.17772],[-68.94103,47.2061],[-68.96119,47.20567],[-69.0338,47.24037],[-69.05082,47.25649],[-69.05492,47.37758],[-69.03964,47.38421],[-69.04541,47.39299],[-69.03757,47.39684],[-69.04273,47.40197],[-69.03524,47.4018],[-69.04229,47.40522],[-69.0306,47.40742],[-69.04225,47.41571],[-69.04322,47.42678],[-69.05215,47.42214],[-69.05212,47.43001],[-69.06355,47.43406],[-69.09014,47.42414],[-69.09888,47.43145],[-69.10774,47.42768],[-69.10779,47.43538],[-69.12202,47.4427],[-69.16226,47.44743],[-69.1789,47.45738],[-69.2052,47.45195],[-69.22446,47.45983],[-69.99711,46.69552],[-70.0565,46.41558],[-70.09694,46.40948],[-70.10776,46.38772],[-70.12703,46.3804],[-70.12699,46.37081],[-70.19119,46.35022],[-70.20894,46.32949],[-70.20588,46.29973],[-70.23163,46.29103],[-70.25307,46.25883],[-70.25089,46.24911],[-70.27365,46.21683],[-70.27107,46.21082],[-70.29269,46.19146],[-70.23628,46.14523],[-70.25453,46.1137],[-70.25311,46.10012],[-70.28594,46.09983],[-70.30191,46.08236],[-70.31096,46.06418],[-70.27832,46.05629],[-70.29736,46.04071],[-70.30137,46.02762],[-70.318,46.01908],[-70.30237,45.99868],[-70.28394,45.99549],[-70.30699,45.98269],[-70.31586,45.96299],[-70.277,45.96725],[-70.23914,45.94394],[-70.26309,45.92399],[-70.25339,45.90737],[-70.26572,45.89375],[-70.25882,45.89117],[-70.30781,45.85885],[-70.34194,45.85234],[-70.35943,45.83545],[-70.37082,45.8352],[-70.39669,45.8081],[-70.39616,45.79866],[-70.41687,45.79554],[-70.40562,45.77652],[-70.40703,45.76253],[-70.38842,45.75021],[-70.39389,45.74009],[-70.38384,45.73455],[-70.40035,45.71972],[-70.43916,45.70387],[-70.46547,45.70653],[-70.52639,45.66636],[-70.55859,45.66648],[-70.59087,45.63046],[-70.61915,45.61202],[-70.64457,45.60699],[-70.67809,45.5705],[-70.68769,45.56942],[-70.68919,45.56218],[-70.6771,45.55221],[-70.72257,45.51367],[-70.7116,45.50181],[-70.7164,45.48647],[-70.69172,45.47427],[-70.68111,45.45218],[-70.65073,45.44494],[-70.62982,45.42631],[-70.63505,45.41107],[-70.62127,45.40274],[-70.63632,45.39523],[-70.63489,45.38342],[-70.65178,45.37696],[-70.67817,45.39427],[-70.71201,45.39048],[-70.72965,45.3991],[-70.75458,45.42831],[-70.7981,45.42652],[-70.82595,45.39838],[-70.80276,45.36752],[-70.8199,45.3402],[-70.80758,45.32766],[-70.80843,45.31182],[-70.81629,45.29818],[-70.83546,45.29396],[-70.8319,45.27891],[-70.84894,45.26309],[-70.84863,45.24518],[-70.83758,45.23499],[-70.85753,45.22913],[-70.89694,45.24186],[-70.89851,45.25833],[-70.92133,45.27923],[-70.912,45.29631],[-70.91783,45.31172],[-70.93889,45.31998],[-70.95238,45.33912],[-70.98498,45.33191],[-71.01065,45.34768],[-71.01212,45.33387],[-71.00187,45.32843],[-71.00852,45.31924],[-71.08393,45.30548],[-71.03352,44.69764],[-70.97277,43.57051],[-70.95063,43.55131],[-70.9535,43.5406],[-70.9638,43.53937],[-70.95466,43.5093],[-70.96753,43.48094],[-70.97604,43.47843],[-70.96112,43.46919],[-70.96663,43.45127],[-70.96098,43.43839],[-70.98684,43.41378],[-70.9823,43.39828],[-70.98788,43.38994],[-70.97259,43.34838],[-70.95585,43.334],[-70.93118,43.33655],[-70.92439,43.32385],[-70.91142,43.31972],[-70.91261,43.30758],[-70.89634,43.29855],[-70.90656,43.29204],[-70.89637,43.29232],[-70.89695,43.28549],[-70.88355,43.28338],[-70.8831,43.27303],[-70.84283,43.25422],[-70.83793,43.24244],[-70.81783,43.23816],[-70.80982,43.22588],[-70.81928,43.19299],[-70.82825,43.18779],[-70.82357,43.17424],[-70.83361,43.14611],[-70.82708,43.12739],[-70.75641,43.08018],[-70.70631,43.07534],[-70.7012,43.04524],[-70.63071,42.98529],[-70.61115,42.97899],[-70.58759,42.94919],[-70.57509,42.91713],[-70.56997,42.91909],[-70.54023,42.94403],[-70.52888,43.00577],[-70.55213,43.04304],[-70.59966,43.05694],[-70.58216,43.09549],[-70.54013,43.13055],[-70.53742,43.10585],[-70.52508,43.08928],[-70.49301,43.07304],[-70.45907,43.07148],[-70.42108,43.08665],[-70.40322,43.11524],[-70.40723,43.13844],[-70.44094,43.16664],[-70.48636,43.17026],[-70.52168,43.15488],[-70.52292,43.17889],[-70.50632,43.21883],[-70.52083,43.2521],[-70.49323,43.28683],[-70.42181,43.29749],[-70.3674,43.32332],[-70.31895,43.39014],[-70.2804,43.40874],[-70.15599,43.52444],[-69.85521,43.64695],[-69.80883,43.64734],[-69.78658,43.65813],[-69.7304,43.65727],[-69.70834,43.66822],[-69.68633,43.6982],[-69.66474,43.71175],[-69.61729,43.69981],[-69.55094,43.70714],[-69.51909,43.73212],[-69.50579,43.77846],[-69.40927,43.81082],[-69.38728,43.79902],[-69.39721,43.76337],[-69.38759,43.73611],[-69.35638,43.71088],[-69.33509,43.70448],[-69.28295,43.71377],[-69.2381,43.75008],[-69.23328,43.78096],[-69.24254,43.79976],[-69.26234,43.81537],[-69.23655,43.82563],[-69.1972,43.79599],[-69.14983,43.79574],[-69.083,43.82565],[-69.05589,43.85891],[-69.02278,43.84251],[-69.02429,43.81984],[-69.00992,43.79844],[-68.98116,43.78379],[-68.94984,43.78017],[-68.92552,43.75009],[-68.87065,43.73356],[-68.82692,43.73571],[-68.80536,43.74598],[-68.78614,43.76836],[-68.78532,43.80434],[-68.74947,43.83253],[-68.71275,43.8384],[-68.66943,43.86958],[-68.66379,43.89393],[-68.67926,43.92345],[-68.707,43.93918],[-68.74265,43.94315],[-68.72148,43.96194],[-68.65959,43.94799],[-68.56839,43.95797],[-68.49311,44.01056],[-68.48494,44.02831],[-68.46301,44.03211],[-68.43684,44.05323],[-68.3688,44.04522],[-68.31139,44.05343],[-68.27921,44.06994],[-68.26314,44.09062],[-68.20336,44.09959],[-68.17586,44.12508],[-68.17075,44.19011],[-68.13758,44.20686],[-68.12263,44.22604],[-68.12828,44.26425],[-68.06096,44.27826],[-68.02784,44.27421],[-67.99945,44.2802],[-67.97365,44.29516],[-67.96078,44.31927],[-67.92518,44.34143],[-67.89815,44.32213],[-67.87444,44.31692],[-67.82373,44.32704],[-67.79526,44.36116],[-67.79604,44.37952],[-67.80557,44.39102],[-67.77475,44.41131],[-67.74174,44.39083],[-67.71533,44.3865],[-67.67464,44.39463],[-67.62741,44.38347],[-67.56758,44.39721],[-67.49943,44.42755],[-67.47303,44.44834],[-67.44423,44.48113],[-67.4434,44.50528],[-67.3882,44.5204],[-67.34045,44.52129],[-67.30082,44.54986],[-67.22329,44.56323],[-67.10376,44.63343],[-67.03928,44.69697],[-66.97752,44.73124],[-66.95227,44.76042],[-66.90256,44.77656],[-66.88544,44.79421],[-66.93256,44.82551],[-66.96532,44.8289],[-66.97477,44.84151],[-66.98216,44.86722],[-66.96884,44.91042],[-67.02164,44.95392],[-67.11259,45.11257],[-67.15887,45.16204],[-67.20511,45.17152],[-67.22719,45.16346],[-67.2472,45.18107],[-67.28354,45.19182],[-67.30269,45.16078],[-67.29588,45.14797],[-67.31992,45.14242],[-67.32106,45.13133],[-67.3534,45.12918],[-67.38056,45.15211],[-67.40494,45.15997],[-67.40045,45.1776],[-67.4291,45.19334],[-67.43929,45.2263],[-67.46848,45.25067],[-67.47637,45.27537],[-67.48901,45.28053],[-67.48507,45.29113],[-67.47618,45.28852],[-67.46031,45.30002],[-67.45189,45.31763],[-67.45697,45.32516],[-67.42887,45.34423],[-67.42532,45.3574],[-67.43453,45.3649],[-67.41929,45.37712],[-67.46105,45.4221],[-67.47367,45.42445],[-67.48251,45.46016],[-67.50347,45.48955],[-67.4656,45.49597],[-67.47113,45.50414],[-67.4636,45.50838],[-67.44977,45.49907],[-67.45016,45.51035],[-67.41626,45.50136],[-67.43496,45.52822],[-67.42073,45.54969],[-67.43106,45.58411],[-67.45667,45.60431],[-67.49333,45.6013],[-67.48801,45.59572],[-67.5015,45.58668],[-67.6085,45.6062],[-67.63889,45.62508],[-67.64556,45.61328],[-67.67516,45.63093],[-67.70947,45.68138],[-67.72877,45.68919],[-67.73362,45.68436],[-67.72044,45.66222],[-67.74438,45.67299],[-67.7543,45.66757],[-67.76866,45.67752],[-67.80569,45.68005]]]}},{"type":"Feature","properties":{"statefp":"24","stusps":"MD","name":"Maryland"},"geometry":{"type":"Polygon","coordinates":[[[-75.7887,39.65049],[-75.7886,39.7222],[-79.47666,39.72108],[-79.48765,39.27993],[-79.48687,39.2059],[-79.47321,39.20211],[-79.42571,39.22531],[-79.42522,39.23448],[-79.38734,39.26782],[-79.34492,39.28497],[-79.34601,39.29396],[-79.31394,39.30471],[-79.2904,39.29945],[-79.28213,39.32327],[-79.26868,39.33616],[-79.25385,39.33714],[-79.25631,39.35723],[-79.21428,39.36348],[-79.19769,39.38837],[-79.17696,39.38903],[-79.17918,39.3965],[-79.16227,39.38813],[-79.1667,39.40094],[-79.15947,39.41704],[-79.14375,39.4052],[-79.14184,39.4171],[-79.12744,39.41818],[-79.12905,39.42954],[-79.11082,39.43185],[-79.11686,39.43886],[-79.10282,39.45048],[-79.10788,39.46122],[-79.09454,39.46485],[-79.10238,39.47639],[-79.08302,39.47147],[-79.06634,39.47997],[-79.0569,39.47067],[-79.04703,39.48335],[-79.03088,39.46525],[-79.01803,39.46766],[-78.96568,39.43847],[-78.95657,39.44033],[-78.95891,39.46284],[-78.94249,39.46895],[-78.94254,39.48063],[-78.9343,39.48628],[-78.91672,39.48632],[-78.90551,39.51154],[-78.89239,39.51328],[-78.8931,39.524],[-78.87515,39.52267],[-78.87069,39.53877],[-78.83924,39.56701],[-78.81585,39.56288],[-78.82572,39.58918],[-78.80903,39.60818],[-78.79646,39.6059],[-78.80164,39.62768],[-78.79528,39.63677],[-78.78119,39.63685],[-78.76641,39.64843],[-78.77798,39.62232],[-78.76344,39.61883],[-78.74677,39.62672],[-78.73313,39.61471],[-78.74703,39.60561],[-78.76076,39.61008],[-78.77708,39.6039],[-78.76077,39.5827],[-78.73353,39.58653],[-78.72459,39.56392],[-78.67558,39.54021],[-78.65349,39.53457],[-78.6231,39.5397],[-78.60342,39.53201],[-78.59163,39.53689],[-78.58761,39.52772],[-78.56539,39.51933],[-78.52309,39.52485],[-78.46725,39.51722],[-78.46237,39.53636],[-78.44852,39.54037],[-78.46112,39.55083],[-78.43786,39.53852],[-78.43772,39.55337],[-78.41702,39.54856],[-78.45428,39.57408],[-78.45677,39.58761],[-78.4435,39.59133],[-78.40738,39.57861],[-78.39484,39.58515],[-78.42549,39.60767],[-78.43014,39.62342],[-78.37561,39.60831],[-78.38236,39.62779],[-78.35551,39.62611],[-78.35532,39.64066],[-78.26609,39.61906],[-78.25407,39.64018],[-78.22383,39.66054],[-78.23257,39.67358],[-78.2022,39.67686],[-78.17654,39.69598],[-78.08056,39.6705],[-78.03732,39.63698],[-78.01011,39.60304],[-77.97761,39.59961],[-77.95504,39.60808],[-77.9461,39.58479],[-77.93604,39.59675],[-77.94109,39.61903],[-77.92272,39.60471],[-77.89197,39.59776],[-77.88115,39.60098],[-77.88492,39.61583],[-77.8374,39.60569],[-77.82968,39.59108],[-77.83609,39.56666],[-77.87855,39.56341],[-77.88874,39.55541],[-77.86527,39.53841],[-77.86118,39.51429],[-77.84194,39.51843],[-77.83696,39.53211],[-77.82474,39.52848],[-77.82579,39.51671],[-77.8466,39.50456],[-77.84538,39.49811],[-77.80289,39.48946],[-77.78215,39.49904],[-77.76634,39.49624],[-77.7972,39.48014],[-77.79538,39.47125],[-77.7776,39.46225],[-77.79801,39.46077],[-77.78526,39.4454],[-77.80327,39.43799],[-77.75419,39.42424],[-77.73841,39.39898],[-77.73661,39.38715],[-77.75298,39.38168],[-77.74351,39.36004],[-77.75924,39.33694],[-77.72484,39.32143],[-77.67547,39.32436],[-77.61591,39.30255],[-77.56709,39.30623],[-77.56069,39.28596],[-77.54084,39.26527],[-77.49054,39.24911],[-77.4595,39.22772],[-77.47692,39.19149],[-77.51031,39.17927],[-77.52768,39.14466],[-77.52067,39.12143],[-77.4854,39.10931],[-77.46147,39.07543],[-77.38579,39.06213],[-77.34014,39.06291],[-77.30466,39.05137],[-77.24657,39.02496],[-77.25575,39.00175],[-77.2352,38.97608],[-77.14877,38.96504],[-77.11976,38.93434],[-77.04088,38.99585],[-76.90939,38.89285],[-77.04046,38.7904],[-77.04334,38.71844],[-77.05352,38.7098],[-77.07923,38.71305],[-77.12263,38.68526],[-77.13244,38.67414],[-77.13642,38.65023],[-77.12968,38.6347],[-77.2037,38.61817],[-77.24636,38.59344],[-77.25645,38.56059],[-77.27612,38.54742],[-77.28531,38.51969],[-77.30964,38.49564],[-77.31854,38.47444],[-77.32211,38.42894],[-77.30494,38.37527],[-77.2882,38.35939],[-77.2838,38.34286],[-77.24715,38.33152],[-77.17934,38.34191],[-77.15837,38.3485],[-77.13822,38.36792],[-77.08424,38.36874],[-77.05342,38.39881],[-77.04151,38.40069],[-77.01146,38.37443],[-77.01453,38.33263],[-77.03068,38.31162],[-77.02813,38.30532],[-76.96209,38.25696],[-76.95692,38.23747],[-76.96225,38.22989],[-76.94902,38.20842],[-76.91113,38.19736],[-76.87674,38.17302],[-76.83937,38.16361],[-76.76397,38.16779],[-76.60543,38.14893],[-76.59616,38.10668],[-76.53646,38.0749],[-76.51616,38.04492],[-76.51661,38.02678],[-76.46501,38.01322],[-76.41293,37.96633],[-76.33337,37.94296],[-76.26181,37.90879],[-76.23646,37.88661],[-76.05202,37.95358],[-75.94369,37.94613],[-75.95267,37.90683],[-75.80124,37.91217],[-75.76164,37.94137],[-75.70463,37.9547],[-75.6477,37.94696],[-75.64823,37.96677],[-75.63822,37.97939],[-75.62953,37.97596],[-75.63383,37.98452],[-75.62445,37.99419],[-75.16644,38.02783],[-75.12462,38.0939],[-75.04146,38.28701],[-75.0208,38.30976],[-74.99962,38.37167],[-74.98628,38.45163],[-75.69367,38.46008],[-75.7887,39.65049]]]}},{"type":"Feature","properties":{"statefp":"25","stusps":"MA","name":"Massachusetts"},"geometry":{"type":"Polygon","coordinates":[[[-71.25515,42.73655],[-71.29464,42.69704],[-73.26483,42.74585],[-73.50821,42.08613],[-73.49702,42.04962],[-72.81378,42.03674],[-72.81705,41.99768],[-72.76673,42.00327],[-72.75895,42.01547],[-72.76525,42.02237],[-72.75206,42.02902],[-72.75589,42.03635],[-72.58216,42.02474],[-72.53155,42.03458],[-71.80067,42.02351],[-71.79919,42.00805],[-71.3814,42.0188],[-71.38146,41.89355],[-71.33879,41.89859],[-71.33404,41.8626],[-71.34255,41.84466],[-71.33542,41.83564],[-71.34754,41.82325],[-71.34048,41.79703],[-71.32847,41.78069],[-71.26107,41.75208],[-71.19548,41.67509],[-71.13256,41.66036],[-71.14196,41.61253],[-71.13162,41.59372],[-71.12112,41.49279],[-71.08857,41.43131],[-71.0336,41.41409],[-71.03992,41.39826],[-71.0327,41.38027],[-70.99075,41.35129],[-70.95575,41.35016],[-70.89602,41.37015],[-70.90374,41.35508],[-70.901,41.33461],[-70.87003,41.29707],[-70.89034,41.27736],[-70.89246,41.25011],[-70.86634,41.2154],[-70.82364,41.20065],[-70.78358,41.20122],[-70.74947,41.22017],[-70.73484,41.25923],[-70.7165,41.26945],[-70.70311,41.28904],[-70.57185,41.30009],[-70.5122,41.29831],[-70.49331,41.27998],[-70.45985,41.26525],[-70.40873,41.27729],[-70.37447,41.26946],[-70.34408,41.27615],[-70.28574,41.24235],[-70.17885,41.20453],[-70.10968,41.1898],[-69.99946,41.1883],[-69.95359,41.19967],[-69.91584,41.22094],[-69.89447,41.25924],[-69.89489,41.29037],[-69.96963,41.40351],[-70.00647,41.4339],[-70.04427,41.4438],[-70.09441,41.43081],[-70.11654,41.39513],[-70.11133,41.37039],[-70.09784,41.35358],[-70.13794,41.34637],[-70.21511,41.36028],[-70.23814,41.3862],[-70.26728,41.39343],[-70.32359,41.39161],[-70.37011,41.36877],[-70.38345,41.36993],[-70.38081,41.412],[-70.39289,41.44548],[-70.43645,41.46892],[-70.48969,41.46298],[-70.5086,41.49896],[-70.44857,41.51309],[-70.39516,41.55672],[-70.31125,41.57106],[-70.2789,41.55932],[-70.24946,41.56015],[-70.1815,41.59355],[-70.07793,41.61253],[-70.06857,41.6107],[-70.06335,41.59017],[-70.08032,41.56445],[-70.12256,41.53783],[-70.12668,41.5037],[-70.11439,41.48408],[-70.0849,41.46749],[-70.05544,41.46411],[-70.02368,41.47195],[-69.99817,41.4934],[-69.95817,41.50466],[-69.92899,41.53215],[-69.9154,41.58924],[-69.86813,41.65679],[-69.85913,41.7365],[-69.86652,41.81701],[-69.91771,41.95925],[-69.99628,42.05969],[-70.0403,42.09163],[-70.12069,42.1251],[-70.17254,42.13452],[-70.22917,42.13119],[-70.27743,42.11435],[-70.60838,42.13848],[-70.64295,42.17818],[-70.63633,42.2029],[-70.64011,42.22837],[-70.68406,42.25384],[-70.69039,42.279],[-70.60629,42.53122],[-70.58271,42.553],[-70.54537,42.57012],[-70.50214,42.62458],[-70.51393,42.68059],[-70.52966,42.70705],[-70.54931,42.72416],[-70.62594,42.73972],[-70.70258,42.72416],[-70.71432,42.73191],[-70.73722,42.78796],[-70.73487,42.82448],[-70.74883,42.85883],[-70.73501,42.87468],[-70.82024,42.87179],[-70.84772,42.86087],[-70.90353,42.88678],[-71.0312,42.85909],[-71.04492,42.84867],[-71.06442,42.80627],[-71.13281,42.82148],[-71.16665,42.80888],[-71.18614,42.79093],[-71.18179,42.73734],[-71.22383,42.74648],[-71.25515,42.73655]]]}},{"type":"Feature","properties":{"statefp":"26","stusps":"MI","name":"Michigan"},"geometry":{"type":"Polygon","coordinates":[[[-87.62509,48.02111],[-88.00008,48.15588],[-88.00008,48.16405],[-88.36986,48.30606],[-88.67744,48.2454],[-89.33755,47.97426],[-89.48338,48.01372],[-89.9571,47.2911],[-90.41839,46.5661],[-90.39326,46.53243],[-90.35068,46.54033],[-90.3394,46.54929],[-90.34353,46.55246],[-90.33223,46.55343],[-90.30944,46.53728],[-90.31655,46.5169],[-90.27694,46.52445],[-90.27255,46.50451],[-90.23124,46.50989],[-90.23092,46.50153],[-90.21664,46.50164],[-90.20421,46.47831],[-90.18883,46.46892],[-90.19079,46.45982],[-90.17833,46.45741],[-90.17835,46.44047],[-90.16742,46.4417],[-90.15837,46.40945],[-90.1187,46.35934],[-90.12057,46.33704],[-89.09164,46.13845],[-88.81603,46.02059],[-88.79646,46.02361],[-88.79618,46.03371],[-88.77874,46.03169],[-88.78016,46.01539],[-88.7698,46.01894],[-88.77062,46.02556],[-88.75897,46.01963],[-88.73898,46.02746],[-88.72126,46.02222],[-88.71831,46.01318],[-88.67887,46.0136],[-88.66348,45.9927],[-88.67083,45.98855],[-88.61596,45.9879],[-88.60118,46.01777],[-88.58827,46.0051],[-88.56566,46.01568],[-88.51469,46.02002],[-88.48936,45.99137],[-88.45867,45.99951],[-88.41638,45.97509],[-88.3805,45.99177],[-88.33028,45.96583],[-88.32728,45.95496],[-88.32031,45.96366],[-88.29385,45.95094],[-88.24689,45.96353],[-88.23711,45.94828],[-88.2099,45.94422],[-88.19206,45.95265],[-88.17009,45.93949],[-88.14765,45.93743],[-88.12665,45.92179],[-88.10246,45.92155],[-88.09493,45.91532],[-88.10662,45.90221],[-88.10126,45.88228],[-88.06976,45.87294],[-88.13452,45.82246],[-88.13013,45.80971],[-88.10761,45.80304],[-88.09475,45.78576],[-88.07217,45.78008],[-87.99145,45.79539],[-87.98087,45.77698],[-87.98966,45.77202],[-87.96345,45.75822],[-87.8769,45.75438],[-87.86221,45.74502],[-87.85548,45.72694],[-87.81014,45.71023],[-87.80908,45.69972],[-87.78223,45.68305],[-87.78162,45.67328],[-87.82419,45.66204],[-87.82439,45.64771],[-87.79588,45.61885],[-87.78084,45.6146],[-87.7772,45.5885],[-87.78677,45.58283],[-87.79237,45.56305],[-87.82935,45.56878],[-87.83369,45.56156],[-87.80339,45.53827],[-87.80224,45.51306],[-87.79277,45.49997],[-87.81298,45.46416],[-87.8617,45.43447],[-87.84932,45.40387],[-87.87542,45.37937],[-87.87149,45.37155],[-87.88805,45.3547],[-87.87037,45.35627],[-87.87584,45.36502],[-87.86917,45.36605],[-87.85013,45.34043],[-87.83261,45.35225],[-87.7541,45.34944],[-87.69396,45.38989],[-87.65735,45.36875],[-87.64813,45.3394],[-87.6875,45.29805],[-87.71045,45.25932],[-87.71134,45.23996],[-87.72499,45.23214],[-87.7262,45.20939],[-87.74181,45.19747],[-87.7361,45.17224],[-87.6839,45.14413],[-87.65995,45.10751],[-87.44251,45.07643],[-87.40569,45.20197],[-87.31542,45.24066],[-87.17117,45.35254],[-87.10113,45.44423],[-86.75424,45.44361],[-86.24955,45.23613],[-86.49993,45.0808],[-86.68629,44.881],[-87.01323,44.13191],[-87.1141,43.73411],[-87.12508,43.67045],[-87.14717,43.37986],[-87.01986,42.49376],[-87.20777,41.76096],[-84.80589,41.76017],[-84.806,41.69612],[-83.41585,41.73379],[-83.11246,41.95941],[-83.14945,42.04026],[-83.11923,42.12526],[-83.13438,42.17462],[-83.12636,42.23841],[-83.09998,42.2867],[-83.08002,42.30717],[-83.02623,42.32891],[-82.83025,42.37349],[-82.66189,42.54175],[-82.63372,42.5568],[-82.58998,42.55098],[-82.52157,42.60985],[-82.51004,42.63679],[-82.51085,42.66499],[-82.46767,42.76191],[-82.48257,42.80864],[-82.45603,42.92581],[-82.4167,42.96642],[-82.41347,42.97689],[-82.42372,42.99852],[-82.411,43.01132],[-82.12297,43.59083],[-82.52064,45.3359],[-83.48397,45.77194],[-83.63687,45.77394],[-83.43356,45.99889],[-83.57147,46.106],[-83.65465,46.12206],[-83.75953,46.10317],[-83.82624,46.11929],[-83.90347,46.06091],[-83.95542,46.05719],[-83.97613,46.10255],[-84.00587,46.11847],[-84.00568,46.14955],[-84.07703,46.18756],[-84.10809,46.24124],[-84.09777,46.25651],[-84.11556,46.26823],[-84.11963,46.31501],[-84.10625,46.32196],[-84.13891,46.37222],[-84.14617,46.41852],[-84.11123,46.50412],[-84.12892,46.53012],[-84.17743,46.52692],[-84.19402,46.54015],[-84.22613,46.53392],[-84.25443,46.50082],[-84.27581,46.49282],[-84.34143,46.50769],[-84.42027,46.50108],[-84.44515,46.48902],[-84.47559,46.45286],[-84.55696,46.46064],[-84.76296,46.63432],[-84.85934,46.88884],[-85.87514,47.31626],[-86.00014,47.36728],[-86.00015,47.36188],[-86.25014,47.4779],[-86.50013,47.56832],[-87.62509,48.02111]]]}},{"type":"Feature","properties":{"statefp":"27","stusps":"MN","name":"Minnesota"},"geometry":{"type":"Polygon","coordinates":[[[-97.22896,49.00045],[-97.2342,48.99629],[-97.22665,48.99299],[-97.23814,48.98363],[-97.23888,48.96704],[-97.2275,48.96234],[-97.234,48.94743],[-97.21441,48.93164],[-97.21981,48.92215],[-97.21078,48.91603],[-97.2121,48.90666],[-97.18987,48.8952],[-97.20163,48.89193],[-97.19955,48.88135],[-97.17781,48.87564],[-97.19057,48.86428],[-97.17917,48.86284],[-97.1731,48.85063],[-97.18292,48.84691],[-97.17388,48.83799],[-97.18416,48.8339],[-97.17799,48.82283],[-97.19027,48.81513],[-97.15812,48.81032],[-97.18164,48.79852],[-97.16326,48.80058],[-97.17404,48.79388],[-97.14747,48.78144],[-97.15898,48.77571],[-97.14546,48.76479],[-97.1538,48.75399],[-97.13754,48.74964],[-97.14213,48.73617],[-97.12834,48.73214],[-97.13742,48.72657],[-97.11011,48.70798],[-97.1199,48.70125],[-97.09031,48.6844],[-97.10128,48.6823],[-97.10056,48.66841],[-97.10923,48.66425],[-97.09869,48.66099],[-97.11569,48.64456],[-97.10945,48.63247],[-97.13114,48.63147],[-97.1195,48.61856],[-97.13386,48.62278],[-97.12958,48.61369],[-97.15065,48.61168],[-97.13429,48.6074],[-97.15403,48.59541],[-97.14228,48.59261],[-97.14389,48.58211],[-97.16063,48.58094],[-97.14917,48.57001],[-97.17542,48.56196],[-97.13895,48.55512],[-97.16598,48.54893],[-97.14136,48.53545],[-97.1536,48.52951],[-97.15242,48.52036],[-97.12676,48.52016],[-97.15027,48.5116],[-97.14919,48.50084],[-97.1315,48.48901],[-97.14302,48.49233],[-97.14029,48.48472],[-97.16267,48.47778],[-97.12816,48.47436],[-97.14742,48.47275],[-97.14302,48.46382],[-97.12854,48.4603],[-97.15063,48.44082],[-97.12482,48.4419],[-97.12782,48.43126],[-97.14587,48.43115],[-97.12258,48.41792],[-97.1384,48.42165],[-97.15399,48.41812],[-97.15053,48.41274],[-97.13988,48.41849],[-97.13117,48.40728],[-97.16338,48.39286],[-97.15199,48.38288],[-97.13334,48.3822],[-97.14135,48.37846],[-97.13785,48.37122],[-97.15626,48.36558],[-97.1362,48.35218],[-97.14008,48.34459],[-97.12592,48.34058],[-97.14172,48.32573],[-97.11558,48.32393],[-97.1326,48.31914],[-97.13775,48.30973],[-97.12417,48.31114],[-97.12669,48.304],[-97.11223,48.29647],[-97.12762,48.29899],[-97.13733,48.29176],[-97.12314,48.29081],[-97.11657,48.27966],[-97.12534,48.27042],[-97.14503,48.26877],[-97.12295,48.26167],[-97.1306,48.25898],[-97.12511,48.24998],[-97.14674,48.24448],[-97.13374,48.23907],[-97.14464,48.23356],[-97.12069,48.22475],[-97.13719,48.22695],[-97.15219,48.21964],[-97.13905,48.22195],[-97.11784,48.20976],[-97.1393,48.21675],[-97.12928,48.20838],[-97.14091,48.20452],[-97.13567,48.19713],[-97.14981,48.1835],[-97.13601,48.17674],[-97.14751,48.17057],[-97.14195,48.1602],[-97.12097,48.15955],[-97.14651,48.14222],[-97.12288,48.13975],[-97.13347,48.1371],[-97.1207,48.11499],[-97.1232,48.10665],[-97.10188,48.0959],[-97.10986,48.09139],[-97.0998,48.08588],[-97.10448,48.07243],[-97.07226,48.04807],[-97.07224,48.01911],[-97.06329,48.01499],[-97.06394,47.99766],[-97.05309,47.99044],[-97.06183,47.96473],[-97.05245,47.95742],[-97.05534,47.94752],[-97.01785,47.91991],[-97.02376,47.91561],[-97.01533,47.90671],[-97.02523,47.90773],[-97.01878,47.89054],[-97.02542,47.88493],[-97.01801,47.87865],[-97.02314,47.87406],[-97.00183,47.86813],[-96.99834,47.84193],[-96.98628,47.83711],[-96.98155,47.82956],[-96.9871,47.82555],[-96.97413,47.82347],[-96.9805,47.82186],[-96.9787,47.80989],[-96.99158,47.80819],[-96.96646,47.79957],[-96.95705,47.79101],[-96.9651,47.78351],[-96.95798,47.78566],[-96.95634,47.77509],[-96.93488,47.76721],[-96.93825,47.76081],[-96.92885,47.7553],[-96.93968,47.75479],[-96.92915,47.75038],[-96.93283,47.73752],[-96.91841,47.72404],[-96.93097,47.71555],[-96.9198,47.71693],[-96.91187,47.70682],[-96.92087,47.69998],[-96.91202,47.70146],[-96.90953,47.68922],[-96.89924,47.68958],[-96.89625,47.67419],[-96.88512,47.67381],[-96.88994,47.66974],[-96.88235,47.64266],[-96.88821,47.63891],[-96.87437,47.62782],[-96.87973,47.61934],[-96.85708,47.61075],[-96.85101,47.59851],[-96.85894,47.59574],[-96.8499,47.59083],[-96.86048,47.57502],[-96.85157,47.56865],[-96.86893,47.567],[-96.8475,47.56623],[-96.86175,47.55928],[-96.84983,47.55316],[-96.86043,47.54595],[-96.84532,47.53875],[-96.86231,47.5412],[-96.85353,47.53621],[-96.87117,47.52727],[-96.86089,47.51546],[-96.84237,47.51612],[-96.85362,47.51151],[-96.84228,47.50864],[-96.85254,47.50749],[-96.84879,47.49805],[-96.86504,47.49165],[-96.85216,47.48635],[-96.86852,47.47847],[-96.85195,47.47906],[-96.861,47.47259],[-96.85391,47.4604],[-96.86362,47.45701],[-96.8543,47.45457],[-96.85587,47.43922],[-96.86286,47.4364],[-96.85282,47.43203],[-96.87176,47.41901],[-96.85682,47.40967],[-96.84207,47.41174],[-96.85271,47.40609],[-96.83913,47.39938],[-96.84898,47.39362],[-96.83746,47.38953],[-96.83924,47.38117],[-96.85005,47.38161],[-96.84369,47.37575],[-96.85462,47.37378],[-96.83714,47.37129],[-96.85821,47.36753],[-96.84836,47.36462],[-96.85054,47.35709],[-96.83736,47.35554],[-96.84711,47.34771],[-96.83064,47.33879],[-96.84579,47.32804],[-96.82876,47.328],[-96.84698,47.31583],[-96.83066,47.30607],[-96.84379,47.29311],[-96.84009,47.27558],[-96.84768,47.27125],[-96.8347,47.26615],[-96.84745,47.26193],[-96.83576,47.26223],[-96.84525,47.25847],[-96.83854,47.25623],[-96.84441,47.25115],[-96.83219,47.24683],[-96.84372,47.23979],[-96.83653,47.24239],[-96.82867,47.23329],[-96.84147,47.23321],[-96.83145,47.22671],[-96.84579,47.22011],[-96.83364,47.22158],[-96.8372,47.21595],[-96.83031,47.21028],[-96.83716,47.20732],[-96.82717,47.20132],[-96.84485,47.19358],[-96.82642,47.19148],[-96.83456,47.18368],[-96.82156,47.18431],[-96.83348,47.17664],[-96.82248,47.17308],[-96.8193,47.16379],[-96.83199,47.15943],[-96.82236,47.15634],[-96.84125,47.15186],[-96.82865,47.14642],[-96.83464,47.14389],[-96.82633,47.13494],[-96.83042,47.12922],[-96.82072,47.13037],[-96.83756,47.12198],[-96.81619,47.10848],[-96.81725,47.09209],[-96.82636,47.08892],[-96.81597,47.08847],[-96.81575,47.07899],[-96.82928,47.07462],[-96.81963,47.07534],[-96.81974,47.06173],[-96.83039,47.06082],[-96.81771,47.05231],[-96.82756,47.04633],[-96.81786,47.04708],[-96.82272,47.03694],[-96.81266,47.03863],[-96.82727,47.03209],[-96.81479,47.0244],[-96.82952,47.02155],[-96.83955,47.00673],[-96.82098,47.00333],[-96.82266,46.97002],[-96.79505,46.96584],[-96.80414,46.94691],[-96.79213,46.94593],[-96.7915,46.92769],[-96.77668,46.92572],[-96.76219,46.9349],[-96.75632,46.92859],[-96.76485,46.92694],[-96.75265,46.92354],[-96.76292,46.92354],[-96.75454,46.91442],[-96.77603,46.89798],[-96.7692,46.87816],[-96.78133,46.87969],[-96.7761,46.87418],[-96.78396,46.86166],[-96.77585,46.8546],[-96.78547,46.85341],[-96.77353,46.85169],[-96.78183,46.84564],[-96.77465,46.83965],[-96.7868,46.8412],[-96.78445,46.8333],[-96.79396,46.83306],[-96.78014,46.82543],[-96.79239,46.82729],[-96.80275,46.81169],[-96.79573,46.80773],[-96.80292,46.80559],[-96.79559,46.80119],[-96.80207,46.79672],[-96.78714,46.78565],[-96.79676,46.777],[-96.78379,46.77825],[-96.78922,46.77121],[-96.77545,46.76675],[-96.78952,46.76602],[-96.77785,46.76159],[-96.78979,46.7567],[-96.78285,46.75424],[-96.78938,46.752],[-96.78036,46.74546],[-96.78735,46.74314],[-96.78045,46.74177],[-96.77914,46.72664],[-96.7912,46.71887],[-96.78212,46.71689],[-96.7912,46.70375],[-96.78422,46.70145],[-96.79063,46.68913],[-96.78407,46.68527],[-96.7948,46.6833],[-96.78753,46.6771],[-96.79911,46.67852],[-96.79132,46.67239],[-96.80217,46.6679],[-96.79524,46.6662],[-96.79895,46.65411],[-96.78581,46.64052],[-96.79818,46.62947],[-96.78218,46.63141],[-96.79131,46.62497],[-96.77833,46.62543],[-96.78726,46.61944],[-96.77084,46.61527],[-96.77883,46.60746],[-96.76825,46.60632],[-96.77158,46.59621],[-96.75598,46.59538],[-96.76261,46.58932],[-96.75079,46.58519],[-96.7609,46.58184],[-96.74727,46.58202],[-96.7575,46.57783],[-96.74662,46.57555],[-96.75276,46.57138],[-96.74175,46.564],[-96.7544,46.55682],[-96.74057,46.54684],[-96.75054,46.54413],[-96.73871,46.54323],[-96.75012,46.54076],[-96.73826,46.53929],[-96.74617,46.53488],[-96.74533,46.52498],[-96.73674,46.52413],[-96.74522,46.52018],[-96.73422,46.51212],[-96.74044,46.5111],[-96.73348,46.50347],[-96.74241,46.49998],[-96.73339,46.49698],[-96.73887,46.47871],[-96.71461,46.47226],[-96.72308,46.46672],[-96.71161,46.45978],[-96.71759,46.45437],[-96.7131,46.4502],[-96.72171,46.44882],[-96.71335,46.44876],[-96.7123,46.44129],[-96.72185,46.43983],[-96.70327,46.43729],[-96.70766,46.42979],[-96.69885,46.42638],[-96.70458,46.41799],[-96.69331,46.42209],[-96.69225,46.41611],[-96.70155,46.41506],[-96.68536,46.41421],[-96.68911,46.40683],[-96.6805,46.40711],[-96.67508,46.39096],[-96.66771,46.39124],[-96.66714,46.37558],[-96.64319,46.36194],[-96.64519,46.35067],[-96.6294,46.35432],[-96.61667,46.34739],[-96.62024,46.34024],[-96.59938,46.32998],[-96.60614,46.3266],[-96.59677,46.317],[-96.60359,46.30253],[-96.59729,46.29776],[-96.60583,46.29387],[-96.59486,46.28634],[-96.6004,46.26175],[-96.58371,46.24981],[-96.59873,46.24232],[-96.59111,46.20869],[-96.58376,46.20806],[-96.59268,46.17521],[-96.57664,46.17394],[-96.58386,46.1706],[-96.57528,46.16901],[-96.58027,46.15108],[-96.5687,46.13316],[-96.572,46.12457],[-96.56023,46.11657],[-96.56692,46.11475],[-96.55441,46.08408],[-96.55911,46.05852],[-96.57787,46.02736],[-96.57035,45.96359],[-96.56133,45.94566],[-96.58117,45.82301],[-96.62778,45.78624],[-96.66259,45.73868],[-96.83865,45.64751],[-96.85683,45.60538],[-96.76343,45.52001],[-96.73274,45.45874],[-96.69254,45.41734],[-96.68045,45.4105],[-96.61975,45.40888],[-96.52179,45.37564],[-96.48906,45.35707],[-96.4531,45.30075],[-96.45326,43.50039],[-91.21771,43.50055],[-91.21829,43.51443],[-91.24318,43.54031],[-91.23186,43.58182],[-91.26898,43.61658],[-91.2624,43.64176],[-91.27325,43.66662],[-91.26846,43.70982],[-91.24413,43.77467],[-91.26243,43.79217],[-91.28414,43.84707],[-91.35743,43.91723],[-91.36664,43.93746],[-91.40739,43.96515],[-91.43235,43.99669],[-91.50712,44.01898],[-91.59207,44.03137],[-91.61049,44.04931],[-91.64787,44.06411],[-91.68153,44.0974],[-91.70749,44.10391],[-91.7106,44.12048],[-91.72155,44.13034],[-91.75175,44.13479],[-91.80806,44.15926],[-91.82917,44.17835],[-91.87516,44.20058],[-91.8927,44.2311],[-91.88704,44.25177],[-91.89639,44.27469],[-91.92461,44.29181],[-91.91357,44.31039],[-91.91863,44.32267],[-91.96681,44.36399],[-92.03815,44.38873],[-92.05649,44.40273],[-92.23086,44.4445],[-92.291,44.48546],[-92.31407,44.53801],[-92.33611,44.554],[-92.41567,44.56051],[-92.43863,44.55264],[-92.51922,44.57527],[-92.54889,44.56825],[-92.54983,44.5811],[-92.56895,44.60337],[-92.58622,44.60009],[-92.60161,44.61204],[-92.62164,44.61493],[-92.62022,44.63419],[-92.63202,44.64919],[-92.66099,44.6609],[-92.73204,44.71435],[-92.80824,44.75108],[-92.80445,44.77076],[-92.78562,44.79189],[-92.76593,44.83563],[-92.7695,44.862],[-92.76341,44.87414],[-92.77457,44.89808],[-92.7587,44.90898],[-92.75065,44.9373],[-92.7546,44.95577],[-92.76945,44.97215],[-92.77123,45.00138],[-92.76206,45.02432],[-92.80312,45.06157],[-92.79266,45.07876],[-92.73958,45.1156],[-92.7522,45.14249],[-92.7524,45.17392],[-92.76681,45.18547],[-92.76391,45.20487],[-92.75171,45.21867],[-92.76026,45.25172],[-92.75192,45.26588],[-92.762,45.28821],[-92.70479,45.32653],[-92.69897,45.33637],[-92.70272,45.35847],[-92.65028,45.39877],[-92.64651,45.44034],[-92.65355,45.45535],[-92.68023,45.46434],[-92.72668,45.51446],[-92.72476,45.53862],[-92.74559,45.55302],[-92.77341,45.56824],[-92.82331,45.56093],[-92.88375,45.57548],[-92.88943,45.6412],[-92.86919,45.71757],[-92.80984,45.74417],[-92.78462,45.7642],[-92.77648,45.79],[-92.75781,45.80657],[-92.76515,45.83018],[-92.73999,45.84628],[-92.73822,45.86203],[-92.7077,45.8949],[-92.67735,45.90582],[-92.65613,45.92444],[-92.63912,45.92456],[-92.63882,45.93417],[-92.55193,45.95165],[-92.54981,45.96799],[-92.52519,45.98386],[-92.46976,45.97357],[-92.44226,46.01618],[-92.42856,46.02424],[-92.4119,46.02748],[-92.37272,46.0142],[-92.35176,46.01568],[-92.33291,46.0627],[-92.29403,46.07438],[-92.29129,46.66814],[-92.27059,46.65074],[-92.25659,46.65874],[-92.24249,46.64924],[-92.20709,46.65194],[-92.20409,46.66694],[-92.17588,46.68647],[-92.183,46.69565],[-92.20519,46.69834],[-92.20469,46.70404],[-92.18909,46.71754],[-92.14673,46.71579],[-92.14329,46.73464],[-92.11659,46.74864],[-92.08949,46.74924],[-92.02029,46.70404],[-91.50018,46.91332],[-90.65466,47.30982],[-89.9571,47.2911],[-89.48338,48.01372],[-89.58097,47.99594],[-89.60815,48.00693],[-89.6107,48.01793],[-89.65087,48.00362],[-89.66195,48.01077],[-89.71613,48.00945],[-89.7237,48.02079],[-89.77536,48.02286],[-89.81994,48.01552],[-89.83132,47.9996],[-89.84481,48.00307],[-89.84721,47.99263],[-89.8955,47.98732],[-89.92213,47.99717],[-89.93458,48.01582],[-89.95311,48.01082],[-89.99383,48.02809],[-89.9981,48.05793],[-90.01484,48.06714],[-90.02333,48.08475],[-90.14083,48.11256],[-90.28925,48.09907],[-90.31005,48.10556],[-90.37429,48.09092],[-90.40315,48.10509],[-90.43845,48.09868],[-90.46739,48.10874],[-90.48669,48.09905],[-90.5567,48.09593],[-90.56974,48.10683],[-90.55551,48.11692],[-90.5591,48.12173],[-90.57968,48.1238],[-90.6415,48.10352],[-90.75158,48.09099],[-90.76875,48.11659],[-90.78979,48.13014],[-90.78222,48.13586],[-90.79822,48.13689],[-90.77784,48.14829],[-90.77793,48.16384],[-90.79643,48.15921],[-90.80408,48.17782],[-90.82102,48.18468],[-90.8247,48.17684],[-90.8364,48.17703],[-90.8393,48.23956],[-90.84768,48.24453],[-90.87509,48.23784],[-90.88576,48.24595],[-90.91509,48.23075],[-90.97698,48.21955],[-91.0237,48.19043],[-91.08247,48.18115],[-91.1426,48.15461],[-91.13733,48.14925],[-91.26677,48.07883],[-91.37083,48.06973],[-91.39088,48.05716],[-91.42957,48.04865],[-91.43859,48.05033],[-91.45,48.06907],[-91.48818,48.06838],[-91.56751,48.04379],[-91.57546,48.04894],[-91.57538,48.06671],[-91.56944,48.09369],[-91.55283,48.10324],[-91.55911,48.10859],[-91.63992,48.09711],[-91.65181,48.11396],[-91.66508,48.10715],[-91.68757,48.1119],[-91.68211,48.1225],[-91.71175,48.11465],[-91.69778,48.1416],[-91.70812,48.153],[-91.70483,48.17071],[-91.72436,48.17053],[-91.71037,48.19254],[-91.71536,48.1995],[-91.74208,48.20462],[-91.7484,48.19868],[-91.75591,48.206],[-91.78865,48.19634],[-91.81545,48.21181],[-91.86436,48.20695],[-91.86757,48.21918],[-91.89311,48.23798],[-91.95835,48.23313],[-91.95829,48.24384],[-91.94803,48.24593],[-91.9541,48.25226],[-91.96998,48.25377],[-91.97564,48.24432],[-91.98915,48.26028],[-92.00652,48.26541],[-92.01299,48.29744],[-92.00011,48.3211],[-92.04694,48.33477],[-92.04511,48.34573],[-92.05522,48.35936],[-92.1437,48.35602],[-92.14489,48.36569],[-92.21696,48.34496],[-92.26255,48.35491],[-92.28884,48.34281],[-92.30617,48.31625],[-92.29455,48.30622],[-92.30143,48.2883],[-92.29456,48.27121],[-92.26958,48.24818],[-92.33657,48.23566],[-92.36992,48.22028],[-92.41563,48.29509],[-92.43671,48.3089],[-92.46977,48.35209],[-92.4765,48.37191],[-92.4564,48.40111],[-92.45643,48.41408],[-92.47545,48.41862],[-92.50747,48.44798],[-92.65622,48.43647],[-92.68812,48.44371],[-92.71268,48.46298],[-92.69867,48.49484],[-92.62701,48.50327],[-92.63489,48.54256],[-92.72841,48.53937],[-92.95001,48.60835],[-92.95479,48.63154],[-92.98457,48.62382],[-93.17838,48.62326],[-93.20753,48.6425],[-93.25465,48.64281],[-93.34866,48.62645],[-93.35269,48.61348],[-93.37145,48.60585],[-93.40566,48.60983],[-93.43984,48.59368],[-93.46547,48.59163],[-93.45768,48.55972],[-93.46738,48.54645],[-93.61226,48.5224],[-93.62846,48.53187],[-93.65931,48.51641],[-93.79337,48.51631],[-93.81849,48.53141],[-93.80635,48.57951],[-93.83344,48.62559],[-93.84435,48.63022],[-94.2242,48.64946],[-94.25095,48.6569],[-94.25297,48.68634],[-94.26449,48.69899],[-94.29119,48.70781],[-94.34314,48.7034],[-94.41583,48.71097],[-94.45238,48.6924],[-94.53852,48.7027],[-94.54904,48.71474],[-94.58765,48.71758],[-94.64536,48.74402],[-94.65202,48.75614],[-94.6909,48.778],[-94.6944,48.78944],[-94.70429,48.82422],[-94.68558,48.84005],[-94.6924,48.86901],[-94.6843,48.87235],[-94.68346,48.88412],[-94.74965,49.09874],[-94.77278,49.12051],[-94.79798,49.19786],[-94.79733,49.21435],[-94.82554,49.29435],[-94.81626,49.3214],[-94.85406,49.32434],[-94.95739,49.3702],[-95.0583,49.35325],[-95.12871,49.37045],[-95.1534,49.38448],[-95.15319,48.99887],[-97.22896,49.00045]]]}},{"type":"Feature","properties":{"statefp":"28","stusps":"MS","name":"Mississippi"},"geometry":{"type":"Polygon","coordinates":[[[-88.24303,33.79568],[-88.09822,34.89272],[-88.15241,34.91974],[-88.20003,34.99564],[-90.30836,34.99569],[-90.29516,34.97563],[-90.24594,34.94872],[-90.24128,34.92606],[-90.25416,34.89585],[-90.31774,34.87106],[-90.30355,34.85919],[-90.3069,34.8467],[-90.32027,34.8453],[-90.33845,34.85852],[-90.38939,34.83067],[-90.43873,34.82525],[-90.44969,34.83992],[-90.42941,34.86641],[-90.43596,34.88185],[-90.45818,34.89157],[-90.47706,34.88522],[-90.48372,34.86102],[-90.45538,34.82079],[-90.47037,34.81155],[-90.47658,34.794],[-90.44799,34.74199],[-90.475,34.72389],[-90.5,34.72167],[-90.52417,34.73139],[-90.49415,34.75757],[-90.49278,34.7725],[-90.51389,34.8],[-90.53333,34.8],[-90.54417,34.79167],[-90.53979,34.7543],[-90.54556,34.73889],[-90.56667,34.735],[-90.57194,34.71278],[-90.52956,34.69583],[-90.47417,34.70528],[-90.46288,34.6838],[-90.47086,34.66768],[-90.50604,34.63824],[-90.53421,34.62746],[-90.54654,34.63102],[-90.55488,34.64517],[-90.54193,34.68386],[-90.5701,34.69343],[-90.56841,34.66888],[-90.58317,34.65196],[-90.59159,34.62101],[-90.53962,34.55392],[-90.54408,34.53774],[-90.57932,34.51803],[-90.59266,34.49058],[-90.57769,34.43245],[-90.58623,34.40917],[-90.6096,34.39159],[-90.64091,34.38886],[-90.65714,34.3774],[-90.66685,34.35577],[-90.65749,34.32223],[-90.66934,34.31309],[-90.69313,34.32257],[-90.6763,34.37126],[-90.7158,34.36033],[-90.74964,34.36815],[-90.76439,34.36368],[-90.76869,34.34778],[-90.7364,34.31207],[-90.73802,34.28928],[-90.76562,34.26951],[-90.81674,34.28065],[-90.83177,34.27694],[-90.83813,34.22],[-90.84715,34.20613],[-90.89228,34.22289],[-90.90633,34.24438],[-90.92292,34.24654],[-90.93555,34.23785],[-90.93454,34.21785],[-90.90821,34.19207],[-90.88675,34.1825],[-90.81749,34.1832],[-90.80722,34.16371],[-90.82259,34.14405],[-90.84528,34.13689],[-90.90996,34.16551],[-90.95864,34.13548],[-90.9586,34.12244],[-90.94564,34.10797],[-90.91886,34.09284],[-90.88313,34.09673],[-90.87112,34.08025],[-90.888,34.05494],[-90.894,34.02621],[-90.91951,34.02135],[-90.96462,34.0268],[-90.98818,34.01921],[-90.96141,33.97925],[-90.96617,33.96466],[-90.99895,33.9656],[-91.01895,34.00323],[-91.04667,33.99243],[-91.0731,34.00862],[-91.08639,34.00613],[-91.08646,33.9578],[-91.01913,33.94208],[-91.01025,33.93217],[-91.03302,33.89982],[-91.07131,33.87081],[-91.06938,33.84331],[-91.04908,33.81603],[-91.00047,33.79948],[-90.98881,33.78308],[-90.99981,33.76933],[-91.01937,33.76412],[-91.05339,33.77828],[-91.10866,33.77167],[-91.13306,33.78332],[-91.14489,33.76834],[-91.14881,33.73136],[-91.11764,33.7053],[-91.05917,33.71452],[-91.03024,33.68758],[-91.03371,33.67384],[-91.09305,33.65818],[-91.1309,33.67493],[-91.16037,33.7066],[-91.21374,33.69964],[-91.2296,33.68533],[-91.22006,33.66101],[-91.1622,33.64427],[-91.13685,33.62623],[-91.12867,33.60678],[-91.13619,33.59087],[-91.16406,33.5705],[-91.23339,33.56275],[-91.21884,33.52938],[-91.18249,33.49983],[-91.20748,33.46951],[-91.23169,33.45686],[-91.2357,33.43943],[-91.20647,33.43392],[-91.17717,33.44394],[-91.16947,33.45257],[-91.17753,33.48299],[-91.17031,33.49785],[-91.1344,33.48316],[-91.11692,33.45374],[-91.13188,33.43026],[-91.1753,33.41713],[-91.1996,33.41819],[-91.20932,33.4065],[-91.17995,33.38401],[-91.14811,33.37879],[-91.12013,33.389],[-91.10003,33.40658],[-91.09646,33.43794],[-91.0869,33.45139],[-91.06913,33.45567],[-91.05811,33.44691],[-91.06625,33.41636],[-91.14196,33.34973],[-91.14164,33.30007],[-91.12551,33.28015],[-91.12806,33.26856],[-91.10082,33.23827],[-91.07734,33.284],[-91.05135,33.28498],[-91.04463,33.26722],[-91.0708,33.2274],[-91.10026,33.21943],[-91.0804,33.18009],[-91.08602,33.13628],[-91.13394,33.12913],[-91.15047,33.13088],[-91.16311,33.14219],[-91.18266,33.14185],[-91.20075,33.12647],[-91.19992,33.10675],[-91.14995,33.08196],[-91.12029,33.05492],[-91.12833,33.03428],[-91.16289,33.01846],[-91.16897,32.99213],[-91.20184,32.96121],[-91.19834,32.95021],[-91.21397,32.9272],[-91.19679,32.90678],[-91.15169,32.90194],[-91.13162,32.92523],[-91.13552,32.97966],[-91.10658,32.98894],[-91.0868,32.97627],[-91.08262,32.94623],[-91.06397,32.92411],[-91.06445,32.90106],[-91.10563,32.8584],[-91.12789,32.85506],[-91.145,32.84287],[-91.16167,32.81247],[-91.1644,32.78582],[-91.15548,32.77991],[-91.1657,32.7534],[-91.15861,32.74345],[-91.09057,32.7361],[-91.05475,32.71923],[-91.06884,32.69892],[-91.11826,32.67408],[-91.14975,32.64404],[-91.15249,32.62032],[-91.14278,32.5989],[-91.11985,32.58479],[-91.0498,32.60719],[-91.03718,32.63786],[-91.02577,32.64657],[-91.0158,32.64164],[-91.00296,32.62255],[-91.00825,32.60424],[-91.03617,32.57955],[-91.08041,32.55647],[-91.05771,32.53378],[-91.00113,32.51295],[-90.9872,32.49566],[-91.00051,32.48224],[-91.03811,32.49044],[-91.09374,32.54913],[-91.11671,32.50014],[-91.11601,32.48314],[-91.09351,32.45744],[-91.05141,32.43784],[-91.02821,32.43374],[-90.99549,32.45088],[-90.96959,32.43949],[-90.96599,32.42065],[-90.99408,32.40386],[-91.00141,32.37944],[-91.00451,32.36474],[-90.99362,32.35405],[-90.91236,32.33945],[-90.89071,32.37225],[-90.87564,32.37173],[-90.90285,32.31912],[-90.92223,32.29864],[-90.94978,32.28306],[-90.96415,32.29687],[-90.97947,32.2937],[-90.98298,32.27029],[-90.9694,32.25252],[-90.98029,32.2436],[-90.98338,32.21177],[-90.99494,32.19314],[-91.00321,32.19805],[-91.00291,32.22305],[-91.03901,32.24235],[-91.05031,32.23795],[-91.06141,32.21865],[-91.08371,32.22645],[-91.10851,32.20815],[-91.13359,32.21343],[-91.16417,32.19689],[-91.17455,32.15498],[-91.16282,32.13269],[-91.11099,32.12464],[-91.08163,32.13399],[-91.05356,32.12441],[-91.04851,32.15015],[-91.05831,32.18095],[-91.02501,32.16255],[-91.00291,32.16205],[-91.00411,32.14615],[-91.01581,32.12675],[-91.03089,32.12056],[-91.03521,32.10045],[-91.08111,32.07835],[-91.08091,32.04785],[-91.10371,32.05025],[-91.13571,32.08065],[-91.15851,32.07285],[-91.16201,32.06186],[-91.15381,32.05065],[-91.09141,32.03605],[-91.07591,32.01683],[-91.10281,31.99096],[-91.16441,31.98256],[-91.18481,31.96556],[-91.19321,31.93566],[-91.18381,31.93356],[-91.18228,31.91581],[-91.20281,31.90796],[-91.2349,31.87686],[-91.26771,31.86266],[-91.26761,31.85236],[-91.245,31.83219],[-91.25431,31.81366],[-91.26921,31.80916],[-91.28321,31.81576],[-91.29401,31.86046],[-91.33381,31.85326],[-91.34521,31.84386],[-91.36561,31.76076],[-91.28121,31.77226],[-91.26251,31.76656],[-91.26311,31.75476],[-91.27711,31.74488],[-91.36938,31.7469],[-91.39791,31.70936],[-91.40102,31.62036],[-91.43622,31.61247],[-91.47432,31.62536],[-91.49613,31.64531],[-91.51546,31.63037],[-91.51657,31.61182],[-91.49292,31.58957],[-91.46632,31.58607],[-91.41882,31.59656],[-91.40391,31.58977],[-91.40542,31.57647],[-91.44762,31.54067],[-91.47972,31.53037],[-91.51345,31.53203],[-91.52254,31.52208],[-91.51492,31.51011],[-91.51513,31.44921],[-91.49981,31.4201],[-91.47207,31.39708],[-91.47481,31.36865],[-91.50476,31.36498],[-91.52184,31.37517],[-91.54337,31.43261],[-91.57627,31.4105],[-91.56895,31.37763],[-91.55568,31.38641],[-91.54606,31.38222],[-91.54821,31.34608],[-91.50866,31.31513],[-91.51561,31.27821],[-91.56419,31.26163],[-91.63767,31.26768],[-91.65403,31.25575],[-91.64436,31.23441],[-91.60162,31.20857],[-91.58894,31.18896],[-91.5915,31.17312],[-91.62422,31.13373],[-91.62686,31.11877],[-91.56415,31.06683],[-91.55991,31.05412],[-91.57841,31.02403],[-91.63694,30.99942],[-89.75048,30.99942],[-89.73167,31.00482],[-89.73482,30.9965],[-89.7277,30.99333],[-89.73715,30.97608],[-89.72707,30.96739],[-89.75651,30.94286],[-89.74479,30.91893],[-89.7642,30.91191],[-89.75872,30.89732],[-89.77341,30.89769],[-89.76958,30.88115],[-89.77925,30.87601],[-89.76779,30.86558],[-89.77172,30.85468],[-89.78338,30.85602],[-89.78163,30.84527],[-89.79247,30.85039],[-89.7815,30.81894],[-89.79865,30.82086],[-89.80463,30.80251],[-89.81574,30.80335],[-89.80347,30.79114],[-89.81157,30.78749],[-89.81915,30.79523],[-89.82009,30.78239],[-89.83011,30.78136],[-89.82876,30.76874],[-89.83512,30.77109],[-89.82564,30.75839],[-89.83317,30.75331],[-89.82246,30.75463],[-89.82862,30.73735],[-89.81607,30.73891],[-89.82063,30.73666],[-89.83401,30.73691],[-89.83694,30.73491],[-89.82746,30.73212],[-89.83633,30.7272],[-89.82563,30.72737],[-89.83098,30.71553],[-89.84253,30.72042],[-89.84665,30.70573],[-89.83807,30.70404],[-89.83529,30.69179],[-89.84502,30.69063],[-89.83736,30.6878],[-89.84226,30.68028],[-89.83712,30.6779],[-89.8472,30.67004],[-89.83783,30.67192],[-89.8522,30.66168],[-89.84084,30.66082],[-89.84072,30.65217],[-89.83321,30.65751],[-89.82066,30.64609],[-89.82295,30.63908],[-89.814,30.63825],[-89.83071,30.61722],[-89.82143,30.61979],[-89.82326,30.60771],[-89.81392,30.60772],[-89.82256,30.60524],[-89.81404,30.59859],[-89.81877,30.59288],[-89.80702,30.5871],[-89.8157,30.58554],[-89.80795,30.56765],[-89.78687,30.56905],[-89.79166,30.56261],[-89.80398,30.56052],[-89.7922,30.54835],[-89.80392,30.54935],[-89.78968,30.54466],[-89.77916,30.54403],[-89.76781,30.51319],[-89.75746,30.5186],[-89.75748,30.49955],[-89.7467,30.50295],[-89.74733,30.49272],[-89.72482,30.49213],[-89.72358,30.4823],[-89.70991,30.47822],[-89.70585,30.46495],[-89.6834,30.45154],[-89.67748,30.41796],[-89.68384,30.40582],[-89.66018,30.37342],[-89.65725,30.35663],[-89.62959,30.33896],[-89.63396,30.3213],[-89.62619,30.31429],[-89.64034,30.30678],[-89.64718,30.28937],[-89.63129,30.27977],[-89.6253,30.26353],[-89.63161,30.25701],[-89.61404,30.24477],[-89.61574,30.22337],[-89.59657,30.21196],[-89.5768,30.18323],[-89.53484,30.19538],[-89.51477,30.16176],[-89.49497,30.16075],[-89.41671,30.17764],[-89.26098,30.182],[-89.18367,30.21215],[-89.09648,30.16583],[-88.88903,30.13985],[-88.90033,30.16998],[-88.85039,30.19228],[-88.82139,30.21737],[-88.76529,30.18994],[-88.71739,30.19087],[-88.58663,30.16911],[-88.54586,30.17665],[-88.50979,30.15794],[-88.46128,30.14669],[-88.38517,30.15814],[-88.47323,31.89386],[-88.24303,33.79568]]]}},{"type":"Feature","properties":{"statefp":"29","stusps":"MO","name":"Missouri"},"geometry":{"type":"Polygon","coordinates":[[[-93.37439,40.58033],[-94.48911,40.57071],[-95.76386,40.58521],[-95.77355,40.5782],[-95.76337,40.5508],[-95.76869,40.53411],[-95.75711,40.52599],[-95.71754,40.52778],[-95.70859,40.52155],[-95.69549,40.53202],[-95.69415,40.55694],[-95.67871,40.56256],[-95.65585,40.54661],[-95.65227,40.53811],[-95.66168,40.51731],[-95.69997,40.50527],[-95.69465,40.47145],[-95.65658,40.4387],[-95.6606,40.41241],[-95.62268,40.34232],[-95.62765,40.33241],[-95.65373,40.32258],[-95.65733,40.31086],[-95.64533,40.30569],[-95.61044,40.31397],[-95.56216,40.29736],[-95.55162,40.28867],[-95.55247,40.2619],[-95.47624,40.24126],[-95.4699,40.2227],[-95.48232,40.20067],[-95.47919,40.18565],[-95.43635,40.15872],[-95.42741,40.13461],[-95.39335,40.11921],[-95.42134,40.06075],[-95.41055,40.03563],[-95.38944,40.02686],[-95.35372,40.03079],[-95.31527,40.01207],[-95.3058,39.9879],[-95.26989,39.9694],[-95.25025,39.94864],[-95.20527,39.93975],[-95.20274,39.90508],[-95.18122,39.9],[-95.14966,39.90595],[-95.1406,39.88169],[-95.12453,39.87286],[-95.08156,39.86154],[-95.0394,39.86483],[-95.02675,39.87227],[-95.02372,39.89203],[-95.00994,39.90064],[-94.95518,39.90129],[-94.93016,39.88993],[-94.92783,39.87782],[-94.9418,39.86342],[-94.9406,39.85302],[-94.91677,39.83581],[-94.88483,39.83242],[-94.87594,39.81329],[-94.88465,39.794],[-94.92823,39.78894],[-94.93457,39.77296],[-94.91095,39.75918],[-94.86965,39.7729],[-94.86064,39.76298],[-94.86274,39.7422],[-94.89932,39.72404],[-94.94754,39.74534],[-94.96396,39.74036],[-94.97121,39.7293],[-94.97068,39.68724],[-95.02764,39.66545],[-95.05427,39.62774],[-95.04645,39.60161],[-95.05059,39.58756],[-95.06709,39.5765],[-95.10495,39.5766],[-95.11328,39.55815],[-95.11037,39.54456],[-95.08759,39.52036],[-95.05446,39.50265],[-95.0375,39.46369],[-94.98214,39.44055],[-94.97295,39.42171],[-94.94786,39.4086],[-94.94204,39.3895],[-94.88503,39.3898],[-94.88136,39.37038],[-94.91002,39.35254],[-94.90613,39.31472],[-94.88409,39.28451],[-94.83055,39.25514],[-94.82566,39.24173],[-94.83168,39.21594],[-94.81154,39.20691],[-94.78295,39.20716],[-94.76286,39.17999],[-94.74078,39.16999],[-94.71414,39.1704],[-94.67824,39.18417],[-94.66158,39.17736],[-94.65579,39.15568],[-94.60866,39.16104],[-94.58866,39.15116],[-94.59029,39.13812],[-94.60852,39.11624],[-94.61786,36.49943],[-90.15231,36.49798],[-90.16007,36.49438],[-90.15954,36.48024],[-90.14239,36.4714],[-90.15541,36.46379],[-90.14301,36.46796],[-90.13395,36.45378],[-90.13426,36.43645],[-90.14431,36.42602],[-90.1344,36.42288],[-90.1385,36.41373],[-90.1274,36.41674],[-90.1156,36.40582],[-90.08152,36.4011],[-90.0635,36.38408],[-90.08238,36.322],[-90.06419,36.3025],[-90.07901,36.28987],[-90.07572,36.28105],[-90.08353,36.27212],[-90.11707,36.26349],[-90.13088,36.24137],[-90.12626,36.22921],[-90.14185,36.22765],[-90.15572,36.21382],[-90.18813,36.20546],[-90.20441,36.18686],[-90.22035,36.18454],[-90.23535,36.15954],[-90.23544,36.1394],[-90.27298,36.11681],[-90.29306,36.11443],[-90.30018,36.09772],[-90.31961,36.08957],[-90.32062,36.07132],[-90.33334,36.06748],[-90.33687,36.04724],[-90.34821,36.04157],[-90.35178,36.02506],[-90.3779,35.99574],[-89.70693,36.00098],[-89.68858,36.02924],[-89.67882,36.08464],[-89.6666,36.0958],[-89.60194,36.11947],[-89.59163,36.14214],[-89.607,36.17118],[-89.69263,36.22496],[-89.70525,36.23657],[-89.70182,36.246],[-89.69523,36.25277],[-89.65141,36.25068],[-89.60237,36.23811],[-89.53468,36.25277],[-89.53949,36.27737],[-89.57849,36.28832],[-89.61182,36.30909],[-89.62026,36.32301],[-89.60567,36.34223],[-89.53182,36.33925],[-89.519,36.3486],[-89.50972,36.37363],[-89.54525,36.42708],[-89.54341,36.43877],[-89.52343,36.45657],[-89.51992,36.47705],[-89.56041,36.52441],[-89.57103,36.5502],[-89.567,36.56505],[-89.55112,36.57807],[-89.53064,36.58171],[-89.47993,36.56909],[-89.46591,36.53001],[-89.49395,36.47356],[-89.48619,36.46211],[-89.46443,36.45775],[-89.44374,36.46916],[-89.41728,36.49901],[-89.37614,36.61413],[-89.3658,36.62513],[-89.32464,36.63102],[-89.26349,36.56627],[-89.21904,36.57506],[-89.20277,36.60166],[-89.19775,36.62897],[-89.15912,36.66635],[-89.17188,36.6726],[-89.17046,36.69005],[-89.19931,36.71562],[-89.19786,36.73977],[-89.16979,36.75964],[-89.12597,36.75181],[-89.11708,36.76577],[-89.12438,36.78583],[-89.17056,36.79754],[-89.1792,36.8299],[-89.17044,36.84184],[-89.13811,36.84732],[-89.11711,36.88869],[-89.09933,36.96258],[-89.12535,36.98353],[-89.17001,36.9703],[-89.18549,36.97352],[-89.20079,37.01616],[-89.23405,37.03728],[-89.25493,37.07201],[-89.25993,37.06407],[-89.30829,37.06837],[-89.30475,37.04756],[-89.26,37.02329],[-89.26353,37.00005],[-89.27863,36.98867],[-89.38394,37.04644],[-89.37711,37.09076],[-89.42558,37.13824],[-89.4561,37.18812],[-89.46763,37.2182],[-89.45883,37.24866],[-89.48991,37.25131],[-89.51834,37.2855],[-89.51076,37.31274],[-89.48901,37.33337],[-89.43284,37.34706],[-89.42054,37.38801],[-89.43977,37.4372],[-89.47553,37.47139],[-89.51705,37.53728],[-89.51981,37.58275],[-89.48606,37.58085],[-89.47593,37.593],[-89.51772,37.64122],[-89.51668,37.69276],[-89.58332,37.71326],[-89.61728,37.74972],[-89.66335,37.75005],[-89.66799,37.75948],[-89.66038,37.7863],[-89.66964,37.79992],[-89.71744,37.82572],[-89.73987,37.84692],[-89.78633,37.85169],[-89.79754,37.86213],[-89.79933,37.88152],[-89.84264,37.9052],[-89.90238,37.86974],[-89.94776,37.87985],[-89.97465,37.92707],[-89.95977,37.94008],[-89.93127,37.94828],[-89.9246,37.95985],[-89.93588,37.95958],[-89.94069,37.97087],[-89.99685,37.96322],[-90.05937,38.01554],[-90.08826,38.01577],[-90.11052,38.02655],[-90.1262,38.04071],[-90.1296,38.06144],[-90.15827,38.07495],[-90.17604,38.07066],[-90.22329,38.0978],[-90.24257,38.11212],[-90.27484,38.15756],[-90.33017,38.18652],[-90.35863,38.22198],[-90.37242,38.28372],[-90.37082,38.33355],[-90.34145,38.3883],[-90.29108,38.43089],[-90.25778,38.53201],[-90.1845,38.61158],[-90.1811,38.65958],[-90.2092,38.70278],[-90.21141,38.72135],[-90.16636,38.77267],[-90.12311,38.79805],[-90.10911,38.83745],[-90.11333,38.84931],[-90.25025,38.91934],[-90.30945,38.92412],[-90.39272,38.95907],[-90.4392,38.96729],[-90.47173,38.95919],[-90.50745,38.90277],[-90.56102,38.86948],[-90.58339,38.86903],[-90.62336,38.88715],[-90.66302,38.92628],[-90.67819,38.99185],[-90.71363,39.05398],[-90.68274,39.08835],[-90.68109,39.10059],[-90.7079,39.15086],[-90.72996,39.25589],[-90.7516,39.26543],[-90.79346,39.3095],[-90.92875,39.38754],[-90.94077,39.40398],[-91.03827,39.44844],[-91.05944,39.46886],[-91.06431,39.49464],[-91.10031,39.53869],[-91.15363,39.54825],[-91.16842,39.56493],[-91.18194,39.60268],[-91.22932,39.62085],[-91.27614,39.66576],[-91.36939,39.73116],[-91.36239,39.79048],[-91.37649,39.81003],[-91.43653,39.84708],[-91.44692,39.88303],[-91.42088,39.91486],[-91.41936,39.92772],[-91.46532,39.984],[-91.49488,40.03645],[-91.48961,40.05743],[-91.51084,40.12614],[-91.5065,40.2363],[-91.49052,40.2595],[-91.49097,40.28336],[-91.46214,40.34241],[-91.41942,40.37826],[-91.44124,40.38625],[-91.44874,40.3768],[-91.46389,40.37566],[-91.46355,40.38555],[-91.48525,40.38466],[-91.48848,40.40432],[-91.52461,40.41076],[-91.51913,40.43282],[-91.53362,40.43832],[-91.52509,40.45784],[-91.57473,40.46565],[-91.59082,40.49229],[-91.62135,40.51007],[-91.62007,40.54082],[-91.6887,40.55739],[-91.68636,40.58087],[-91.72911,40.61364],[-93.37439,40.58033]]]}},{"type":"Feature","properties":{"statefp":"30","stusps":"MT","name":"Montana"},"geometry":{"type":"Polygon","coordinates":[[[-116.04909,49.00085],[-116.04911,47.97684],[-116.01877,47.9629],[-115.99338,47.92598],[-115.96687,47.9126],[-115.96839,47.89925],[-115.93801,47.88109],[-115.91889,47.85362],[-115.9014,47.8431],[-115.8815,47.84961],[-115.87074,47.83496],[-115.85231,47.82786],[-115.84507,47.815],[-115.84735,47.78509],[-115.83091,47.75504],[-115.7975,47.75733],[-115.781,47.74318],[-115.78426,47.72996],[-115.77715,47.72038],[-115.75303,47.71695],[-115.72265,47.69512],[-115.73651,47.65381],[-115.72986,47.64192],[-115.69444,47.62376],[-115.69844,47.60658],[-115.68776,47.5953],[-115.75562,47.54793],[-115.74233,47.53833],[-115.69831,47.53137],[-115.7114,47.51677],[-115.69003,47.50076],[-115.68626,47.48494],[-115.66792,47.48882],[-115.66102,47.47785],[-115.62949,47.47961],[-115.64646,47.45683],[-115.71609,47.45288],[-115.74744,47.44204],[-115.75891,47.4234],[-115.72111,47.4257],[-115.71226,47.41544],[-115.69204,47.41534],[-115.67525,47.40939],[-115.67756,47.40179],[-115.65749,47.40046],[-115.64341,47.37734],[-115.61725,47.38252],[-115.57764,47.3674],[-115.57513,47.3559],[-115.55076,47.34969],[-115.55047,47.33426],[-115.53884,47.32906],[-115.52851,47.29924],[-115.48226,47.28144],[-115.46582,47.28748],[-115.45591,47.27762],[-115.42597,47.28028],[-115.41159,47.26437],[-115.38467,47.2678],[-115.31979,47.25668],[-115.32437,47.24472],[-115.29153,47.21085],[-115.30058,47.18833],[-115.26182,47.18143],[-115.24462,47.15131],[-115.19904,47.13989],[-115.17165,47.10678],[-115.14413,47.10191],[-115.13113,47.06896],[-115.10579,47.04841],[-115.08743,47.04572],[-115.0798,47.02824],[-115.07168,47.02636],[-115.06777,46.99521],[-115.04994,46.98106],[-115.04879,46.97004],[-115.00127,46.9719],[-114.9606,46.93001],[-114.92514,46.91868],[-114.92183,46.9127],[-114.93674,46.89728],[-114.93142,46.877],[-114.94826,46.86001],[-114.92868,46.85477],[-114.92874,46.83521],[-114.92073,46.82708],[-114.89845,46.82235],[-114.89519,46.80163],[-114.86578,46.81453],[-114.8291,46.78263],[-114.79875,46.77583],[-114.7875,46.78278],[-114.78363,46.76867],[-114.76509,46.75815],[-114.76524,46.74539],[-114.78843,46.71277],[-114.76855,46.70476],[-114.76679,46.6969],[-114.74848,46.69855],[-114.73977,46.71194],[-114.71304,46.71543],[-114.69859,46.74045],[-114.66538,46.73923],[-114.62079,46.70726],[-114.62354,46.69093],[-114.64256,46.67291],[-114.63314,46.67182],[-114.63989,46.66561],[-114.63578,46.65948],[-114.61456,46.65507],[-114.61498,46.63997],[-114.60573,46.6359],[-114.58287,46.63337],[-114.54182,46.64999],[-114.46683,46.6318],[-114.45264,46.64156],[-114.45348,46.64921],[-114.4246,46.66066],[-114.41212,46.65682],[-114.35822,46.67114],[-114.32162,46.64896],[-114.32806,46.61975],[-114.32253,46.61089],[-114.3442,46.58997],[-114.32964,46.5762],[-114.34789,46.55147],[-114.34264,46.51843],[-114.35834,46.50521],[-114.40318,46.49881],[-114.40067,46.47781],[-114.37943,46.46029],[-114.3844,46.44701],[-114.36841,46.43711],[-114.38296,46.43217],[-114.38484,46.41136],[-114.42245,46.38705],[-114.41025,46.36105],[-114.41402,46.33556],[-114.43343,46.30555],[-114.42544,46.28786],[-114.44112,46.27387],[-114.46492,46.27322],[-114.47072,46.26604],[-114.46827,46.24866],[-114.44799,46.23157],[-114.44409,46.16927],[-114.47595,46.16061],[-114.51486,46.16768],[-114.51437,46.15397],[-114.52736,46.14541],[-114.5177,46.13558],[-114.521,46.12511],[-114.47445,46.11311],[-114.46048,46.09779],[-114.46201,46.07858],[-114.47235,46.07681],[-114.46829,46.06279],[-114.49335,46.05258],[-114.5075,46.03146],[-114.48035,46.03035],[-114.47307,46.01415],[-114.48778,46.00365],[-114.47999,45.9929],[-114.45783,45.99748],[-114.4485,45.9876],[-114.41175,45.97787],[-114.40252,45.95794],[-114.4314,45.93604],[-114.41486,45.92213],[-114.41356,45.91163],[-114.39514,45.90143],[-114.38787,45.88393],[-114.39606,45.87123],[-114.40592,45.8704],[-114.40965,45.85157],[-114.43771,45.86261],[-114.47489,45.84658],[-114.4871,45.85167],[-114.50964,45.84536],[-114.51738,45.83495],[-114.51148,45.82944],[-114.53102,45.8189],[-114.54409,45.79036],[-114.56646,45.77331],[-114.54451,45.75918],[-114.54785,45.74326],[-114.50418,45.72181],[-114.49515,45.70397],[-114.51509,45.68491],[-114.49903,45.67887],[-114.50765,45.65754],[-114.56399,45.63762],[-114.53794,45.60659],[-114.5585,45.58446],[-114.55296,45.5766],[-114.56494,45.55771],[-114.52726,45.57086],[-114.49808,45.55546],[-114.47195,45.56522],[-114.45608,45.56224],[-114.46391,45.54503],[-114.43057,45.52951],[-114.42571,45.51072],[-114.3672,45.49185],[-114.34566,45.46066],[-114.33005,45.45972],[-114.26989,45.48455],[-114.24721,45.52472],[-114.24845,45.54581],[-114.19361,45.53637],[-114.18027,45.55124],[-114.13582,45.5571],[-114.12126,45.58459],[-114.0861,45.59146],[-114.08186,45.61057],[-114.06674,45.62817],[-114.01527,45.65277],[-114.01566,45.66425],[-114.02831,45.67524],[-114.01437,45.68377],[-114.01548,45.6959],[-113.99684,45.69686],[-113.98853,45.70598],[-113.97077,45.70293],[-113.96482,45.69002],[-113.93526,45.69434],[-113.91986,45.65812],[-113.89528,45.64385],[-113.90469,45.62201],[-113.88596,45.61738],[-113.86159,45.62382],[-113.80643,45.60163],[-113.79675,45.58157],[-113.82147,45.56595],[-113.81741,45.55703],[-113.83478,45.52066],[-113.76602,45.52062],[-113.77284,45.51331],[-113.75991,45.4804],[-113.77622,45.47091],[-113.78426,45.45489],[-113.77443,45.44651],[-113.77603,45.43375],[-113.75973,45.42711],[-113.77716,45.41656],[-113.77604,45.40848],[-113.74919,45.4029],[-113.73347,45.39081],[-113.73888,45.36813],[-113.72903,45.35609],[-113.74034,45.34544],[-113.73866,45.32941],[-113.68028,45.27889],[-113.69191,45.27236],[-113.69189,45.2625],[-113.65542,45.24001],[-113.63635,45.21185],[-113.59213,45.18478],[-113.59071,45.15589],[-113.56569,45.1496],[-113.57672,45.13124],[-113.56988,45.12385],[-113.54966,45.11288],[-113.51125,45.11613],[-113.50605,45.10778],[-113.52219,45.09139],[-113.48941,45.07653],[-113.48553,45.06362],[-113.45204,45.05917],[-113.44931,45.04618],[-113.4558,45.03971],[-113.44629,45.03389],[-113.44869,45.02002],[-113.43788,45.00734],[-113.44686,44.99828],[-113.44394,44.95938],[-113.49882,44.9422],[-113.49075,44.92285],[-113.47179,44.90984],[-113.47859,44.8956],[-113.4612,44.88675],[-113.45507,44.86542],[-113.42908,44.85486],[-113.42195,44.8376],[-113.37757,44.83524],[-113.35606,44.8198],[-113.3461,44.80061],[-113.35408,44.7918],[-113.34128,44.78466],[-113.24689,44.82297],[-113.23873,44.81414],[-113.19312,44.80165],[-113.16369,44.77882],[-113.13146,44.77276],[-113.13482,44.75276],[-113.12026,44.74595],[-113.11684,44.73252],[-113.10162,44.72946],[-113.09783,44.69887],[-113.06776,44.67879],[-113.06559,44.64925],[-113.05072,44.63454],[-113.05365,44.62166],[-113.08829,44.59966],[-113.06227,44.58624],[-113.06717,44.57906],[-113.03728,44.56477],[-113.04536,44.54432],[-113.00653,44.52578],[-113.02682,44.49551],[-113.00612,44.47098],[-113.00451,44.45283],[-112.97152,44.42757],[-112.95205,44.42502],[-112.94542,44.41463],[-112.90187,44.39886],[-112.88956,44.40594],[-112.88158,44.37926],[-112.85392,44.3595],[-112.84457,44.35797],[-112.81221,44.37714],[-112.81006,44.39876],[-112.81994,44.4002],[-112.83989,44.42471],[-112.78081,44.48466],[-112.74306,44.48834],[-112.71793,44.50427],[-112.66173,44.48599],[-112.63334,44.4911],[-112.62501,44.48303],[-112.60196,44.4907],[-112.57795,44.48009],[-112.54171,44.48377],[-112.50064,44.46277],[-112.47269,44.4793],[-112.45523,44.46625],[-112.44151,44.46657],[-112.43408,44.45435],[-112.40724,44.45746],[-112.38652,44.44731],[-112.35837,44.48526],[-112.35882,44.52941],[-112.35251,44.53802],[-112.31949,44.5389],[-112.31374,44.55304],[-112.28657,44.56856],[-112.2678,44.56546],[-112.2567,44.57168],[-112.22922,44.56409],[-112.22963,44.54952],[-112.22233,44.54394],[-112.18366,44.53295],[-112.16465,44.54153],[-112.13667,44.53986],[-112.1064,44.52057],[-112.06907,44.53715],[-112.0328,44.5284],[-112.03271,44.54664],[-111.97772,44.53574],[-111.94778,44.55701],[-111.90293,44.55667],[-111.86932,44.56662],[-111.86391,44.55146],[-111.82153,44.50894],[-111.80797,44.51016],[-111.80112,44.52598],[-111.7798,44.52384],[-111.77151,44.53087],[-111.76272,44.5258],[-111.74991,44.53958],[-111.71565,44.54337],[-111.70316,44.56015],[-111.6139,44.54868],[-111.58569,44.56263],[-111.54705,44.55718],[-111.51289,44.53604],[-111.49937,44.54203],[-111.468,44.53895],[-111.46935,44.55767],[-111.47865,44.5534],[-111.50777,44.5623],[-111.50134,44.57249],[-111.52361,44.59222],[-111.52261,44.61408],[-111.5025,44.62651],[-111.51631,44.644],[-111.50096,44.64964],[-111.49011,44.64247],[-111.47248,44.66619],[-111.47651,44.67372],[-111.46851,44.67918],[-111.4846,44.68757],[-111.48878,44.70564],[-111.4388,44.72055],[-111.41427,44.71074],[-111.39796,44.72364],[-111.39784,44.74638],[-111.38482,44.75495],[-111.35298,44.72618],[-111.33711,44.7332],[-111.32363,44.72907],[-111.32248,44.71878],[-111.29626,44.70227],[-111.29688,44.69144],[-111.2668,44.66751],[-111.27848,44.65127],[-111.2526,44.65125],[-111.21932,44.62252],[-111.24089,44.61453],[-111.22763,44.57669],[-111.18103,44.56923],[-111.17864,44.55248],[-111.15889,44.54626],[-111.15057,44.53497],[-111.13138,44.53243],[-111.13862,44.51685],[-111.12738,44.49762],[-111.05578,44.4768],[-111.05456,45.00095],[-110.79012,45.00088],[-110.70448,44.99217],[-110.18322,44.99695],[-110.10578,45.00353],[-109.10323,45.00581],[-109.0807,44.99944],[-107.47601,45.00142],[-106.12621,44.99327],[-105.92817,44.99349],[-105.91315,45.00024],[-104.03969,44.99807],[-104.04869,48.9999],[-116.04909,49.00085]]]}},{"type":"Feature","properties":{"statefp":"31","stusps":"NE","name":"Nebraska"},"geometry":{"type":"Polygon","coordinates":[[[-95.93779,41.39075],[-95.92968,41.41107],[-95.93278,41.43082],[-95.91999,41.4526],[-95.93634,41.4653],[-95.96669,41.46343],[-96.01359,41.47847],[-96.01954,41.49159],[-95.99328,41.51231],[-95.99997,41.53948],[-96.02349,41.54344],[-96.04061,41.50689],[-96.08265,41.52597],[-96.09444,41.53946],[-96.09504,41.55477],[-96.08139,41.5779],[-96.10945,41.59678],[-96.11828,41.61497],[-96.09522,41.65011],[-96.1226,41.68304],[-96.11346,41.69757],[-96.07322,41.70406],[-96.07664,41.71566],[-96.10221,41.72764],[-96.10638,41.73776],[-96.08089,41.75753],[-96.06533,41.79717],[-96.10657,41.81961],[-96.11055,41.8492],[-96.14191,41.869],[-96.16176,41.90182],[-96.13674,41.92083],[-96.14458,41.94154],[-96.13035,41.97286],[-96.18722,41.97795],[-96.19214,41.98446],[-96.184,42.00306],[-96.19456,42.00866],[-96.21523,42.0067],[-96.22717,41.99433],[-96.24071,41.99935],[-96.24083,42.00932],[-96.2219,42.02956],[-96.23025,42.03943],[-96.23436,42.04071],[-96.24683,42.04162],[-96.25836,42.03834],[-96.27439,42.04924],[-96.27948,42.07088],[-96.26774,42.09705],[-96.26946,42.11422],[-96.30976,42.1321],[-96.3486,42.16803],[-96.34737,42.19308],[-96.35987,42.21055],[-96.32372,42.22989],[-96.3289,42.25472],[-96.36575,42.28581],[-96.37531,42.31834],[-96.408,42.33741],[-96.41779,42.35145],[-96.40844,42.37609],[-96.41519,42.4042],[-96.38071,42.44639],[-96.386,42.4745],[-96.40196,42.48644],[-96.44548,42.49063],[-96.47878,42.4797],[-96.50132,42.48275],[-96.52878,42.51327],[-96.54879,42.52055],[-96.59112,42.50541],[-96.61149,42.50609],[-96.62818,42.51696],[-96.64359,42.55761],[-96.68406,42.57646],[-96.70982,42.6051],[-96.70949,42.62193],[-96.68779,42.64599],[-96.69127,42.6562],[-96.72803,42.66688],[-96.79323,42.66602],[-96.80218,42.67224],[-96.80621,42.70415],[-96.9068,42.7338],[-96.93759,42.7196],[-96.96158,42.71984],[-96.96123,42.74062],[-96.97912,42.76009],[-97.06723,42.77232],[-97.13026,42.77154],[-97.15076,42.79557],[-97.21013,42.8093],[-97.21882,42.84585],[-97.24856,42.85539],[-97.28986,42.8555],[-97.30668,42.8676],[-97.35957,42.85482],[-97.37669,42.86519],[-97.41085,42.86798],[-97.44491,42.84593],[-97.50485,42.85848],[-97.55789,42.84753],[-97.61181,42.85837],[-97.68648,42.84221],[-97.77438,42.84974],[-97.82857,42.8688],[-97.84539,42.86772],[-97.87553,42.85866],[-97.88865,42.81718],[-97.93483,42.77688],[-98.01307,42.76222],[-98.05668,42.77068],[-98.14711,42.83963],[-98.18981,42.84164],[-98.25181,42.87282],[-98.32586,42.8865],[-98.34623,42.90275],[-98.42074,42.93192],[-98.44415,42.92924],[-98.46736,42.94756],[-98.49855,42.99856],[-104.05315,42.99997],[-104.05325,41.00141],[-102.05172,41.00236],[-102.05174,40.00308],[-95.30829,40],[-95.31527,40.01207],[-95.34878,40.0293],[-95.39153,40.02706],[-95.41511,40.04034],[-95.42134,40.06075],[-95.39335,40.11921],[-95.42741,40.13461],[-95.43635,40.15872],[-95.47919,40.18565],[-95.48232,40.20067],[-95.46972,40.22791],[-95.47869,40.24366],[-95.55247,40.2619],[-95.55162,40.28867],[-95.56216,40.29736],[-95.61044,40.31397],[-95.64533,40.30569],[-95.65733,40.31086],[-95.65373,40.32258],[-95.62765,40.33241],[-95.62268,40.34232],[-95.6606,40.41241],[-95.65658,40.4387],[-95.69465,40.47145],[-95.69997,40.50527],[-95.66168,40.51731],[-95.65227,40.53811],[-95.65585,40.54661],[-95.67871,40.56256],[-95.69415,40.55694],[-95.69549,40.53202],[-95.70859,40.52155],[-95.71754,40.52778],[-95.76286,40.52837],[-95.76928,40.53666],[-95.76383,40.55387],[-95.7747,40.57357],[-95.75027,40.59632],[-95.74968,40.60684],[-95.76893,40.62126],[-95.77147,40.63979],[-95.78382,40.65497],[-95.84232,40.67717],[-95.85446,40.70416],[-95.88535,40.72109],[-95.8887,40.73629],[-95.88153,40.75061],[-95.83488,40.78021],[-95.84534,40.81132],[-95.83719,40.83535],[-95.84779,40.86433],[-95.81593,40.87985],[-95.80938,40.89328],[-95.83974,40.93278],[-95.82979,40.97734],[-95.86695,41.00109],[-95.85965,41.03569],[-95.88234,41.05942],[-95.86243,41.08969],[-95.88254,41.15588],[-95.87111,41.16763],[-95.84696,41.1666],[-95.84219,41.17742],[-95.8638,41.18825],[-95.91612,41.18528],[-95.92798,41.20007],[-95.91063,41.23458],[-95.9223,41.26302],[-95.91409,41.27243],[-95.92865,41.28133],[-95.92764,41.29844],[-95.9059,41.30104],[-95.91258,41.27953],[-95.90284,41.27437],[-95.87605,41.28574],[-95.87187,41.30181],[-95.88555,41.3181],[-95.92518,41.32135],[-95.95529,41.3419],[-95.95427,41.35351],[-95.92968,41.36706],[-95.93779,41.39075]]]}},{"type":"Feature","properties":{"statefp":"32","stusps":"NV","name":"Nevada"},"geometry":{"type":"Polygon","coordinates":[[[-119.99923,41.99494],[-119.99571,40.37583],[-120.00647,39.27288],[-120.00101,38.99957],[-118.7142,38.10211],[-117.50012,37.22038],[-116.09417,36.15626],[-115.25972,35.50354],[-114.63349,35.00186],[-114.63473,35.03373],[-114.60291,35.06859],[-114.61313,35.0831],[-114.64676,35.10187],[-114.62843,35.11894],[-114.57826,35.12881],[-114.56926,35.18342],[-114.60461,35.35524],[-114.62677,35.40964],[-114.6629,35.44645],[-114.67864,35.49763],[-114.67569,35.51563],[-114.65677,35.53496],[-114.66443,35.56843],[-114.67567,35.58003],[-114.65924,35.58748],[-114.65353,35.60967],[-114.68951,35.65143],[-114.68063,35.68405],[-114.7056,35.70827],[-114.69427,35.75663],[-114.69932,35.79048],[-114.71203,35.80553],[-114.69528,35.83109],[-114.70586,35.85051],[-114.66164,35.87123],[-114.70811,35.90993],[-114.7076,35.92795],[-114.74054,35.97554],[-114.743,36.00845],[-114.7221,36.02895],[-114.74126,36.03804],[-114.73529,36.05665],[-114.75378,36.08781],[-114.73408,36.10467],[-114.66434,36.1163],[-114.63047,36.14222],[-114.61545,36.12965],[-114.57109,36.1511],[-114.5081,36.14971],[-114.50024,36.14323],[-114.50921,36.13325],[-114.5018,36.12656],[-114.4626,36.13964],[-114.44504,36.12535],[-114.41249,36.14651],[-114.37374,36.14372],[-114.30694,36.08249],[-114.31359,36.05905],[-114.27086,36.04552],[-114.26438,36.02791],[-114.24386,36.01527],[-114.21193,36.01483],[-114.17468,36.02667],[-114.15139,36.02313],[-114.13711,36.03849],[-114.13339,36.06166],[-114.1123,36.09405],[-114.12086,36.11085],[-114.09699,36.12082],[-114.0668,36.17909],[-114.04394,36.19335],[-114.05289,37.56085],[-114.04148,41.99387],[-114.82349,42.00184],[-115.06942,41.99614],[-117.13367,42.00044],[-119.99923,41.99494]]]}},{"type":"Feature","properties":{"statefp":"33","stusps":"NH","name":"New Hampshire"},"geometry":{"type":"Polygon","coordinates":[[[-70.83887,43.24449],[-70.84283,43.25422],[-70.88334,43.27323],[-70.88362,43.28344],[-70.90656,43.29204],[-70.89634,43.29855],[-70.91261,43.30758],[-70.91142,43.31972],[-70.92439,43.32385],[-70.93118,43.33655],[-70.95585,43.334],[-70.97305,43.34881],[-70.98788,43.38994],[-70.9823,43.39828],[-70.98684,43.41378],[-70.96098,43.43839],[-70.96663,43.45127],[-70.96112,43.46919],[-70.97604,43.47843],[-70.96753,43.48094],[-70.95466,43.5093],[-70.9638,43.53937],[-70.9535,43.5406],[-70.95063,43.55131],[-70.97277,43.57051],[-71.03352,44.69764],[-71.08393,45.30548],[-71.10528,45.29487],[-71.10636,45.28001],[-71.12412,45.25514],[-71.14756,45.23944],[-71.16233,45.25035],[-71.1801,45.23994],[-71.19643,45.25405],[-71.23061,45.24942],[-71.24562,45.2688],[-71.25939,45.27203],[-71.26495,45.29379],[-71.28052,45.29459],[-71.28422,45.30236],[-71.33641,45.27274],[-71.36028,45.27033],[-71.35654,45.2539],[-71.38414,45.23351],[-71.40215,45.2426],[-71.42105,45.2322],[-71.44282,45.23829],[-71.40312,45.2153],[-71.39734,45.20352],[-71.4376,45.14188],[-71.42839,45.12367],[-71.44879,45.11257],[-71.46789,45.08365],[-71.49804,45.07019],[-71.4972,45.0558],[-71.50645,45.04848],[-71.49096,45.04317],[-71.50108,45.01335],[-71.46506,45.01292],[-71.48828,45.00074],[-71.50878,45.00784],[-71.5304,44.99936],[-71.54152,44.98477],[-71.51796,44.96766],[-71.52371,44.96428],[-71.51632,44.96448],[-71.51479,44.94369],[-71.52284,44.93991],[-71.49317,44.91137],[-71.49491,44.9043],[-71.54945,44.86208],[-71.55579,44.84857],[-71.55111,44.83696],[-71.57686,44.8152],[-71.56838,44.80704],[-71.57282,44.79087],[-71.63202,44.75206],[-71.62609,44.72854],[-71.61711,44.72871],[-71.61864,44.72219],[-71.59386,44.69642],[-71.59661,44.67809],[-71.58146,44.6732],[-71.58737,44.65971],[-71.57522,44.65583],[-71.57708,44.65069],[-71.56281,44.65236],[-71.55779,44.64196],[-71.56372,44.63725],[-71.54682,44.62976],[-71.55702,44.62949],[-71.54634,44.62295],[-71.55513,44.62524],[-71.55363,44.60613],[-71.56213,44.60118],[-71.53491,44.5879],[-71.54579,44.57793],[-71.55236,44.58439],[-71.55481,44.57937],[-71.54773,44.57138],[-71.55972,44.56397],[-71.58958,44.56574],[-71.59697,44.55947],[-71.57187,44.53792],[-71.58075,44.5246],[-71.59411,44.52155],[-71.57702,44.50206],[-71.58813,44.50659],[-71.58592,44.49936],[-71.59389,44.50103],[-71.5986,44.48683],[-71.61784,44.48584],[-71.6262,44.47447],[-71.63451,44.47563],[-71.62466,44.48174],[-71.63278,44.4838],[-71.64684,44.4732],[-71.63899,44.46441],[-71.65422,44.45882],[-71.66088,44.43994],[-71.67796,44.43525],[-71.67697,44.42685],[-71.70258,44.41354],[-71.73541,44.41],[-71.74373,44.40103],[-71.76197,44.40703],[-71.79448,44.399],[-71.80349,44.39189],[-71.80057,44.38403],[-71.81443,44.38192],[-71.81475,44.35449],[-71.87145,44.33669],[-71.91062,44.34838],[-71.93404,44.336],[-71.98142,44.33737],[-72.00909,44.32222],[-72.02931,44.32234],[-72.03288,44.30217],[-72.06785,44.2734],[-72.05833,44.27008],[-72.06152,44.26107],[-72.04766,44.23896],[-72.06616,44.19013],[-72.039,44.1568],[-72.04196,44.137],[-72.03326,44.13168],[-72.05537,44.11076],[-72.04788,44.09659],[-72.03131,44.10043],[-72.03326,44.09047],[-72.04528,44.08731],[-72.03167,44.07897],[-72.05287,44.07631],[-72.0483,44.06971],[-72.0681,44.05738],[-72.0619,44.0496],[-72.07832,44.04338],[-72.07481,44.03241],[-72.08267,44.0218],[-72.09543,44.02176],[-72.09053,44.00992],[-72.10277,44.01458],[-72.10412,44.00237],[-72.11687,43.99447],[-72.11438,43.96805],[-72.09094,43.96578],[-72.11835,43.94653],[-72.12045,43.91956],[-72.1721,43.88499],[-72.16791,43.86911],[-72.18462,43.86414],[-72.18405,43.8064],[-72.20554,43.78458],[-72.20523,43.77093],[-72.23418,43.74596],[-72.27111,43.73392],[-72.29956,43.70628],[-72.30315,43.66862],[-72.33483,43.61795],[-72.32833,43.60111],[-72.38024,43.57344],[-72.3807,43.54035],[-72.39887,43.51265],[-72.38106,43.49404],[-72.38147,43.48003],[-72.39257,43.46688],[-72.40351,43.39158],[-72.41602,43.37716],[-72.41265,43.36228],[-72.38987,43.35657],[-72.41056,43.33112],[-72.39531,43.3127],[-72.41604,43.27023],[-72.4386,43.25242],[-72.43822,43.20292],[-72.45051,43.19261],[-72.44393,43.17978],[-72.45278,43.17277],[-72.4574,43.14754],[-72.4408,43.13663],[-72.4325,43.1189],[-72.4432,43.10302],[-72.43526,43.08149],[-72.46784,43.05275],[-72.46038,43.04138],[-72.46262,43.02579],[-72.44326,43.00758],[-72.46252,42.99744],[-72.4617,42.98287],[-72.47372,42.97212],[-72.51837,42.96314],[-72.53381,42.95258],[-72.5245,42.91515],[-72.53338,42.89531],[-72.55262,42.88504],[-72.55708,42.85286],[-72.54151,42.80709],[-72.50874,42.77952],[-72.51547,42.76563],[-72.49055,42.77275],[-72.45841,42.72693],[-71.29464,42.69704],[-71.24543,42.74255],[-71.22383,42.74648],[-71.18179,42.73734],[-71.18614,42.79093],[-71.16665,42.80888],[-71.13281,42.82148],[-71.06442,42.80627],[-71.04492,42.84867],[-71.0312,42.85909],[-70.96702,42.8688],[-70.91463,42.88665],[-70.8856,42.88283],[-70.84772,42.86087],[-70.82024,42.87179],[-70.73501,42.87468],[-70.72602,42.92852],[-70.6944,42.95675],[-70.68093,42.93687],[-70.65511,42.9221],[-70.61066,42.91253],[-70.57509,42.91713],[-70.58759,42.94919],[-70.61115,42.97899],[-70.63071,42.98529],[-70.7012,43.04524],[-70.70631,43.07534],[-70.75641,43.08018],[-70.82708,43.12739],[-70.83361,43.14611],[-70.82357,43.17424],[-70.82825,43.18779],[-70.81928,43.19299],[-70.80952,43.22516],[-70.81783,43.23816],[-70.83887,43.24449]]]}},{"type":"Feature","properties":{"statefp":"34","stusps":"NJ","name":"New Jersey"},"geometry":{"type":"Polygon","coordinates":[[[-74.46493,39.29823],[-74.36875,39.32068],[-74.35005,39.34577],[-74.28727,39.39825],[-74.09653,39.64995],[-74.03816,39.75012],[-73.99958,39.9768],[-73.96528,40.11295],[-73.90686,40.25011],[-73.89079,40.31069],[-73.88843,40.48405],[-73.97787,40.5191],[-74.22533,40.47658],[-74.25304,40.48666],[-74.25813,40.50872],[-74.24602,40.52096],[-74.24748,40.54938],[-74.21457,40.56053],[-74.19959,40.59785],[-74.2024,40.63159],[-74.19143,40.64202],[-74.05575,40.65148],[-74.02639,40.7001],[-74.01403,40.75755],[-73.96358,40.82664],[-73.92982,40.88868],[-73.89363,40.99717],[-74.33067,41.18546],[-74.69558,41.35761],[-74.72595,41.34619],[-74.75428,41.3462],[-74.76728,41.32774],[-74.79557,41.32034],[-74.79217,41.31084],[-74.83003,41.28744],[-74.84709,41.25284],[-74.86112,41.24365],[-74.86763,41.22862],[-74.85947,41.21877],[-74.88335,41.17956],[-74.92378,41.13801],[-74.982,41.10849],[-74.99182,41.08913],[-74.96943,41.09607],[-74.96912,41.0868],[-75.01241,41.06726],[-75.0271,41.03953],[-75.1311,40.99046],[-75.1347,40.97204],[-75.12023,40.9687],[-75.11777,40.95301],[-75.0793,40.91388],[-75.07534,40.89417],[-75.05103,40.86566],[-75.06601,40.84759],[-75.09578,40.84708],[-75.08393,40.82447],[-75.1085,40.79109],[-75.1344,40.77377],[-75.17159,40.77775],[-75.17904,40.7619],[-75.19653,40.75163],[-75.18208,40.73152],[-75.20392,40.6915],[-75.19692,40.6813],[-75.1768,40.67571],[-75.20045,40.64922],[-75.18858,40.62463],[-75.20181,40.61719],[-75.1894,40.591],[-75.1941,40.57608],[-75.17045,40.56417],[-75.14017,40.57537],[-75.11554,40.57286],[-75.0681,40.54149],[-75.06266,40.48044],[-75.07068,40.45679],[-75.05858,40.41819],[-75.02863,40.40397],[-74.99586,40.41038],[-74.96655,40.39815],[-74.93971,40.33801],[-74.86821,40.29521],[-74.84231,40.25051],[-74.77144,40.21518],[-74.75431,40.18521],[-74.72232,40.16073],[-74.72255,40.14908],[-74.78417,40.12048],[-74.82253,40.12684],[-74.83587,40.10347],[-74.86176,40.08346],[-74.9389,40.0661],[-75.01324,40.0203],[-75.04709,40.00994],[-75.0756,39.97804],[-75.1257,39.96182],[-75.13627,39.94328],[-75.13005,39.90239],[-75.14375,39.885],[-75.18877,39.88083],[-75.24615,39.85398],[-75.34177,39.84608],[-75.41502,39.802],[-75.40541,39.7964],[-75.45069,39.77506],[-75.46392,39.76076],[-75.47644,39.7162],[-75.48838,39.71471],[-75.50987,39.69391],[-75.51553,39.66633],[-75.55877,39.62999],[-75.55351,39.60182],[-75.51475,39.58088],[-75.51196,39.56729],[-75.53401,39.5407],[-75.52679,39.53144],[-75.52697,39.49917],[-75.55909,39.49581],[-75.56054,39.45564],[-75.32102,39.25138],[-75.16846,39.05618],[-75.01512,38.78866],[-74.90799,38.87932],[-74.82433,38.89626],[-74.77394,38.94279],[-74.73342,38.96766],[-74.71557,39.00922],[-74.68219,39.04982],[-74.64687,39.07621],[-74.63987,39.09465],[-74.64428,39.11482],[-74.6246,39.14358],[-74.56524,39.21064],[-74.46493,39.29823]],[[-74.04389,40.69018],[-74.04362,40.68876],[-74.04625,40.68932],[-74.04389,40.69018]],[[-74.03894,40.69965],[-74.03837,40.69867],[-74.03993,40.69859],[-74.03894,40.69965]]]}},{"type":"Feature","properties":{"statefp":"35","stusps":"NM","name":"New Mexico"},"geometry":{"type":"Polygon","coordinates":[[[-103.06463,32.9999],[-103.04365,34.00364],[-103.04172,36.50036],[-103.00229,36.50089],[-103.00233,37.00015],[-105.02923,36.99273],[-109.04517,36.99898],[-109.05003,31.33235],[-108.20847,31.33337],[-108.20848,31.7837],[-106.52805,31.78389],[-106.54714,31.8073],[-106.57724,31.81041],[-106.60281,31.82502],[-106.6017,31.84437],[-106.61479,31.84641],[-106.63592,31.86623],[-106.62919,31.8837],[-106.64548,31.89867],[-106.61286,31.92037],[-106.62974,31.92657],[-106.61432,31.95162],[-106.62512,31.95453],[-106.61957,31.97158],[-106.63954,31.98034],[-106.61849,32.0005],[-103.06451,32.00042],[-103.06463,32.9999]]]}},{"type":"Feature","properties":{"statefp":"36","stusps":"NY","name":"New York"},"geometry":{"type":"MultiPolygon","coordinates":[[[[-74.74464,44.99056],[-74.76022,44.99495],[-74.76341,45.00561],[-74.79315,45.00464],[-74.80164,45.01457],[-74.82658,45.01586],[-74.88784,45.00005],[-74.90795,44.98337],[-74.97249,44.9834],[-74.99278,44.97744],[-75.00515,44.95841],[-75.06483,44.92945],[-75.13442,44.9151],[-75.13987,44.89668],[-75.21858,44.87757],[-75.29043,44.84557],[-75.30762,44.83681],[-75.30198,44.82664],[-75.33374,44.80638],[-75.34454,44.80914],[-75.36995,44.78288],[-75.41379,44.77253],[-75.42394,44.75633],[-75.5059,44.70508],[-75.76623,44.51585],[-75.80777,44.47164],[-75.82082,44.43224],[-75.91299,44.36808],[-75.97018,44.34283],[-76.001,44.34753],[-76.04522,44.33172],[-76.09735,44.29954],[-76.13088,44.29664],[-76.16182,44.28078],[-76.16426,44.2396],[-76.20677,44.21454],[-76.24549,44.20366],[-76.31264,44.19904],[-76.35268,44.13474],[-76.43829,44.09417],[-76.49893,44.00006],[-76.75354,43.68427],[-76.77623,43.62953],[-78.68829,43.63474],[-79.20094,43.45042],[-79.07045,43.26246],[-79.05606,43.25416],[-79.05706,43.21065],[-79.04866,43.19965],[-79.05293,43.17346],[-79.04236,43.14365],[-79.06956,43.12026],[-79.05796,43.10696],[-79.07446,43.07786],[-79.00713,43.06576],[-78.99944,43.05606],[-79.02326,43.01636],[-79.01996,42.99476],[-78.96176,42.95776],[-78.93236,42.95586],[-78.91886,42.94686],[-78.90566,42.92336],[-78.90576,42.89996],[-78.93056,42.8501],[-78.99976,42.80437],[-79.76242,42.51607],[-79.76195,41.99884],[-75.35965,41.99955],[-75.34064,41.99242],[-75.34207,41.97274],[-75.3178,41.95374],[-75.30258,41.94801],[-75.29332,41.95435],[-75.27876,41.93871],[-75.26728,41.90609],[-75.27169,41.88845],[-75.25958,41.88232],[-75.2643,41.86952],[-75.25832,41.86227],[-75.24115,41.86725],[-75.22448,41.85759],[-75.20464,41.86993],[-75.18536,41.86006],[-75.17246,41.87228],[-75.16288,41.85055],[-75.1166,41.84545],[-75.11302,41.82262],[-75.08988,41.8117],[-75.07225,41.81413],[-75.07565,41.79955],[-75.09288,41.79646],[-75.10471,41.77438],[-75.07461,41.77127],[-75.05297,41.75179],[-75.04969,41.71337],[-75.06896,41.70933],[-75.05263,41.68811],[-75.05952,41.67225],[-75.04946,41.66028],[-75.04418,41.61806],[-75.05973,41.61756],[-75.05973,41.61042],[-75.07468,41.60653],[-75.0188,41.55244],[-75.01598,41.5442],[-75.02454,41.53459],[-75.00321,41.52348],[-75.00358,41.50828],[-74.98424,41.50651],[-74.98248,41.48025],[-74.95743,41.47664],[-74.94342,41.48368],[-74.91303,41.47602],[-74.90655,41.46088],[-74.89017,41.45556],[-74.89262,41.43862],[-74.85765,41.44416],[-74.83203,41.43039],[-74.80824,41.44292],[-74.7891,41.42141],[-74.73873,41.43078],[-74.74138,41.40569],[-74.71636,41.39302],[-74.69138,41.36742],[-74.69558,41.35761],[-74.33067,41.18546],[-73.89363,40.99717],[-73.92982,40.88868],[-73.96358,40.82664],[-74.01403,40.75755],[-74.02639,40.7001],[-74.05575,40.65148],[-74.12602,40.64215],[-74.18564,40.64604],[-74.2024,40.63159],[-74.19959,40.59785],[-74.21457,40.56053],[-74.24748,40.54938],[-74.24602,40.52096],[-74.25813,40.50872],[-74.25304,40.48666],[-74.22533,40.47658],[-73.97787,40.5191],[-73.88965,40.48651],[-73.85484,40.512],[-73.78397,40.53239],[-73.62457,40.53451],[-73.4865,40.5205],[-73.32627,40.55692],[-73.27402,40.55131],[-73.014,40.6251],[-72.74954,40.71341],[-72.37453,40.8186],[-71.9317,40.9825],[-71.87014,40.99697],[-71.79414,41.03698],[-71.77749,41.06729],[-71.78187,41.0962],[-71.79063,41.10184],[-71.79097,41.1841],[-71.90726,41.30448],[-71.92945,41.31039],[-72.01921,41.29059],[-72.08185,41.26222],[-72.99955,41.08711],[-73.24956,41.02587],[-73.61289,40.95094],[-73.65967,40.98791],[-73.65525,41.01225],[-73.72777,41.1007],[-73.4827,41.21277],[-73.55096,41.29542],[-73.48962,42.00009],[-73.48732,42.04953],[-73.49702,42.04962],[-73.50821,42.08613],[-73.26483,42.74585],[-73.27642,42.74602],[-73.29094,42.80192],[-73.28369,42.81386],[-73.28539,42.83409],[-73.27831,42.83756],[-73.2477,43.52317],[-73.24158,43.53496],[-73.25863,43.56495],[-73.29732,43.57937],[-73.29102,43.59924],[-73.30277,43.60978],[-73.30644,43.62833],[-73.37189,43.62449],[-73.37247,43.60485],[-73.3869,43.59077],[-73.38329,43.5772],[-73.39577,43.56809],[-73.43123,43.58828],[-73.41767,43.62169],[-73.42646,43.6426],[-73.41551,43.65245],[-73.40474,43.69021],[-73.37061,43.72533],[-73.36994,43.74386],[-73.35076,43.77139],[-73.39252,43.82134],[-73.37259,43.84535],[-73.38231,43.85606],[-73.37416,43.87624],[-73.40855,43.93189],[-73.40765,44.02111],[-73.43791,44.04512],[-73.41151,44.11195],[-73.41614,44.13235],[-73.40305,44.14498],[-73.39062,44.19107],[-73.36227,44.20852],[-73.34338,44.23819],[-73.32372,44.24416],[-73.31274,44.26541],[-73.33495,44.36444],[-73.31504,44.38853],[-73.29363,44.4389],[-73.30671,44.50033],[-73.33875,44.54805],[-73.37495,44.57582],[-73.38185,44.58932],[-73.37685,44.5996],[-73.39023,44.61835],[-73.36131,44.69452],[-73.36556,44.74179],[-73.33315,44.78876],[-73.33504,44.80411],[-73.37945,44.83801],[-73.38159,44.84935],[-73.35622,44.90449],[-73.33898,44.91768],[-73.33824,44.96475],[-73.35463,44.98735],[-73.34318,45.01071],[-74.15014,44.99136],[-74.66306,44.99892],[-74.67053,45.00629],[-74.74464,44.99056]]],[[[-74.03993,40.69859],[-74.03837,40.69867],[-74.03894,40.69965],[-74.03993,40.69859]]],[[[-74.04625,40.68932],[-74.04362,40.68876],[-74.04389,40.69018],[-74.04625,40.68932]]]]}},{"type":"Feature","properties":{"statefp":"37","stusps":"NC","name":"North Carolina"},"geometry":{"type":"Polygon","coordinates":[[[-80.29408,36.54404],[-80.7046,36.5623],[-80.83777,36.55914],[-81.67749,36.58814],[-81.67705,36.57075],[-81.69129,36.56772],[-81.69022,36.55169],[-81.70807,36.53569],[-81.69709,36.50592],[-81.69503,36.46746],[-81.7168,36.45667],[-81.72073,36.42265],[-81.74193,36.41125],[-81.73937,36.39559],[-81.72881,36.39155],[-81.73466,36.37944],[-81.72152,36.3513],[-81.70611,36.34372],[-81.70748,36.33523],[-81.73603,36.34297],[-81.76495,36.33872],[-81.78973,36.34833],[-81.79309,36.36241],[-81.85499,36.33721],[-81.87952,36.31379],[-81.90817,36.30197],[-82.03384,36.12047],[-82.05414,36.12666],[-82.06187,36.11306],[-82.08108,36.10317],[-82.1292,36.1041],[-82.14858,36.14986],[-82.17722,36.14237],[-82.21321,36.15906],[-82.2451,36.13125],[-82.25433,36.13606],[-82.26678,36.127],[-82.28982,36.1356],[-82.33614,36.11467],[-82.35276,36.11645],[-82.4098,36.08302],[-82.46058,36.00772],[-82.55799,35.95387],[-82.58046,35.96525],[-82.6107,35.9672],[-82.60441,35.98746],[-82.61493,36.00205],[-82.59079,36.03364],[-82.63723,36.06582],[-82.75022,36.00598],[-82.77576,36.00105],[-82.78569,35.97784],[-82.77509,35.97183],[-82.80617,35.93776],[-82.80509,35.92714],[-82.82195,35.92183],[-82.84604,35.94617],[-82.87429,35.95283],[-82.89818,35.94523],[-82.90182,35.92696],[-82.91984,35.92889],[-82.90104,35.89279],[-82.90682,35.88391],[-82.89623,35.87915],[-82.92083,35.86818],[-82.91634,35.84166],[-82.94585,35.82438],[-82.96175,35.79096],[-82.99211,35.77392],[-83.07434,35.79015],[-83.12061,35.76643],[-83.15959,35.76465],[-83.18591,35.7301],[-83.24083,35.72686],[-83.25151,35.71975],[-83.25432,35.69544],[-83.29031,35.6735],[-83.29824,35.65725],[-83.31208,35.65461],[-83.33466,35.66566],[-83.35082,35.66054],[-83.3678,35.63784],[-83.38873,35.63362],[-83.39615,35.62287],[-83.42204,35.61105],[-83.44568,35.61175],[-83.49854,35.56289],[-83.58437,35.5627],[-83.60834,35.58002],[-83.64013,35.56616],[-83.75499,35.56462],[-83.77189,35.56139],[-83.82047,35.52565],[-83.88022,35.51884],[-83.91187,35.47607],[-83.93672,35.47155],[-83.94965,35.46094],[-83.96108,35.46414],[-83.97266,35.4473],[-83.992,35.44052],[-84.00128,35.42339],[-84.02343,35.41158],[-84.00822,35.39057],[-84.00739,35.37165],[-84.03888,35.34821],[-84.02926,35.3331],[-84.03588,35.31321],[-84.02142,35.3014],[-84.05254,35.27019],[-84.0975,35.2476],[-84.11993,35.25205],[-84.12711,35.24077],[-84.14776,35.24686],[-84.18351,35.24],[-84.19952,35.24385],[-84.21139,35.26562],[-84.22412,35.26899],[-84.29021,35.22543],[-84.32182,34.98841],[-83.61995,34.98667],[-83.62005,34.99203],[-83.10861,35.00066],[-82.78317,35.08592],[-82.77623,35.08116],[-82.78173,35.06531],[-82.75651,35.06736],[-82.75136,35.08153],[-82.73892,35.07809],[-82.72673,35.09467],[-82.70007,35.10089],[-82.69763,35.09596],[-82.68676,35.10802],[-82.69454,35.11616],[-82.68175,35.12797],[-82.67488,35.1273],[-82.67356,35.11726],[-82.65571,35.11994],[-82.64335,35.13378],[-82.62876,35.12578],[-82.6131,35.13965],[-82.5686,35.14547],[-82.54589,35.16422],[-82.52738,35.15579],[-82.5042,35.16588],[-82.49548,35.16204],[-82.47816,35.17598],[-82.45497,35.17694],[-82.45732,35.16392],[-82.43987,35.16574],[-82.42589,35.1794],[-82.42262,35.19589],[-82.39208,35.2154],[-82.37123,35.18065],[-82.35964,35.19249],[-82.32375,35.18509],[-82.29108,35.20009],[-81.03426,35.14926],[-81.04633,35.14673],[-81.05207,35.13349],[-81.03801,35.12447],[-81.03285,35.10738],[-81.05708,35.08568],[-81.05767,35.06187],[-81.0415,35.04471],[-80.93474,35.10732],[-80.78192,34.93585],[-80.79748,34.8198],[-79.67649,34.80506],[-79.38985,34.57245],[-78.4993,33.81285],[-78.34121,33.85529],[-78.14535,33.86273],[-78.06658,33.84799],[-78.0529,33.82743],[-78.01286,33.80386],[-77.99971,33.76713],[-77.95385,33.75288],[-77.91751,33.76382],[-77.89666,33.78755],[-77.89425,33.87866],[-77.86353,33.93467],[-77.83021,34.03028],[-77.78556,34.12517],[-77.75379,34.15502],[-77.74742,34.17559],[-77.69109,34.24574],[-77.51616,34.38244],[-77.41883,34.43592],[-77.29508,34.48897],[-77.16058,34.56903],[-76.99967,34.61701],[-76.90463,34.63234],[-76.74966,34.64767],[-76.6928,34.64295],[-76.61472,34.61828],[-76.61234,34.60013],[-76.57207,34.54254],[-76.54787,34.53284],[-76.51487,34.53514],[-76.48318,34.55636],[-76.439,34.64029],[-76.31573,34.77603],[-76.0326,35.00017],[-75.99474,35.00879],[-75.90859,35.07152],[-75.80772,35.11591],[-75.59537,35.18283],[-75.58111,35.18378],[-75.548,35.16818],[-75.51921,35.16908],[-75.48768,35.18499],[-75.47086,35.20873],[-75.42614,35.38692],[-75.41509,35.50018],[-75.40242,35.54421],[-75.40039,35.59351],[-75.41135,35.66006],[-75.43762,35.74696],[-75.66625,36.14892],[-75.70908,36.24498],[-75.74963,36.35361],[-75.79056,36.50016],[-75.7975,36.55092],[-80.29408,36.54404]]]}},{"type":"Feature","properties":{"statefp":"38","stusps":"ND","name":"North Dakota"},"geometry":{"type":"Polygon","coordinates":[[[-104.04142,47.86268],[-104.04555,45.94531],[-96.5628,45.93709],[-96.57788,46.02718],[-96.55911,46.05852],[-96.55441,46.08408],[-96.56692,46.11475],[-96.56023,46.11657],[-96.572,46.12457],[-96.5687,46.13316],[-96.58027,46.15108],[-96.57528,46.16901],[-96.58386,46.1706],[-96.57664,46.17394],[-96.59268,46.17521],[-96.58376,46.20806],[-96.59111,46.20869],[-96.59873,46.24232],[-96.58371,46.24981],[-96.6004,46.26175],[-96.59486,46.28634],[-96.60583,46.29387],[-96.59729,46.29776],[-96.60359,46.30253],[-96.59677,46.317],[-96.60614,46.3266],[-96.59938,46.32998],[-96.62024,46.34024],[-96.61667,46.34739],[-96.6294,46.35432],[-96.64519,46.35067],[-96.64319,46.36194],[-96.66714,46.37558],[-96.66771,46.39124],[-96.67508,46.39096],[-96.6805,46.40711],[-96.68911,46.40683],[-96.68536,46.41421],[-96.70155,46.41506],[-96.69225,46.41611],[-96.69331,46.42209],[-96.70458,46.41799],[-96.69885,46.42638],[-96.70766,46.42979],[-96.70327,46.43729],[-96.72185,46.43983],[-96.7123,46.44129],[-96.71335,46.44876],[-96.72171,46.44882],[-96.7131,46.4502],[-96.71759,46.45437],[-96.71161,46.45978],[-96.72308,46.46672],[-96.71461,46.47226],[-96.73887,46.47871],[-96.73339,46.49698],[-96.74241,46.49998],[-96.73596,46.5051],[-96.73348,46.50347],[-96.73438,46.50698],[-96.74044,46.5111],[-96.73422,46.51212],[-96.74522,46.52018],[-96.73674,46.52413],[-96.74533,46.52498],[-96.74617,46.53488],[-96.73826,46.53929],[-96.75012,46.54076],[-96.73871,46.54323],[-96.75054,46.54413],[-96.74057,46.54684],[-96.7544,46.55682],[-96.74175,46.564],[-96.75276,46.57138],[-96.74662,46.57555],[-96.7575,46.57783],[-96.74727,46.58202],[-96.7504,46.58381],[-96.7609,46.58184],[-96.75079,46.58519],[-96.76261,46.58932],[-96.75598,46.59538],[-96.77158,46.59621],[-96.76825,46.60632],[-96.77883,46.60746],[-96.77084,46.61527],[-96.78726,46.61944],[-96.7863,46.62242],[-96.77833,46.62543],[-96.79131,46.62497],[-96.78218,46.63141],[-96.7982,46.62957],[-96.78581,46.64052],[-96.79895,46.65411],[-96.79524,46.6662],[-96.80217,46.6679],[-96.79132,46.67239],[-96.79911,46.67852],[-96.78753,46.6771],[-96.7948,46.6833],[-96.78407,46.68527],[-96.79063,46.68913],[-96.78422,46.70145],[-96.7912,46.70375],[-96.78212,46.71689],[-96.7912,46.71887],[-96.77914,46.72664],[-96.78045,46.74177],[-96.78735,46.74314],[-96.78036,46.74546],[-96.78938,46.752],[-96.78285,46.75424],[-96.78979,46.7567],[-96.77785,46.76159],[-96.78952,46.76602],[-96.77545,46.76675],[-96.78922,46.77121],[-96.78379,46.77825],[-96.79676,46.777],[-96.78714,46.78565],[-96.80207,46.79672],[-96.79559,46.80119],[-96.80292,46.80559],[-96.79573,46.80773],[-96.80275,46.81169],[-96.79239,46.82729],[-96.78014,46.82543],[-96.79396,46.83306],[-96.78445,46.8333],[-96.7868,46.8412],[-96.77465,46.83965],[-96.78183,46.84564],[-96.77353,46.85169],[-96.78547,46.85341],[-96.77585,46.8546],[-96.78396,46.86166],[-96.7761,46.87418],[-96.78133,46.87969],[-96.7692,46.87816],[-96.77603,46.89798],[-96.75454,46.91442],[-96.76292,46.92354],[-96.75265,46.92354],[-96.76485,46.92694],[-96.75632,46.92859],[-96.76219,46.9349],[-96.77668,46.92572],[-96.7915,46.92769],[-96.79213,46.94593],[-96.80414,46.94691],[-96.79505,46.96584],[-96.82266,46.97002],[-96.82098,47.00333],[-96.83955,47.00673],[-96.82952,47.02155],[-96.81479,47.0244],[-96.82727,47.03209],[-96.81266,47.03863],[-96.82272,47.03694],[-96.81786,47.04708],[-96.82756,47.04633],[-96.81771,47.05231],[-96.83039,47.06082],[-96.81974,47.06173],[-96.81963,47.07534],[-96.82928,47.07462],[-96.81575,47.07899],[-96.81597,47.08847],[-96.82636,47.08892],[-96.81725,47.09209],[-96.81619,47.10848],[-96.83756,47.12198],[-96.82072,47.13037],[-96.83042,47.12922],[-96.82633,47.13494],[-96.83464,47.14389],[-96.82865,47.14642],[-96.84125,47.15186],[-96.82236,47.15634],[-96.83199,47.15943],[-96.8193,47.16379],[-96.82248,47.17308],[-96.83348,47.17664],[-96.82156,47.18431],[-96.83456,47.18368],[-96.82642,47.19148],[-96.84485,47.19358],[-96.83397,47.20355],[-96.82717,47.20132],[-96.83716,47.20732],[-96.83031,47.21028],[-96.8372,47.21595],[-96.83364,47.22158],[-96.84579,47.22011],[-96.83145,47.22671],[-96.84147,47.23321],[-96.82867,47.23329],[-96.83653,47.24239],[-96.84372,47.23979],[-96.83219,47.24683],[-96.84441,47.25115],[-96.83854,47.25623],[-96.84525,47.25847],[-96.83576,47.26223],[-96.84745,47.26193],[-96.8347,47.26615],[-96.84768,47.27125],[-96.84009,47.27558],[-96.84379,47.29311],[-96.83066,47.30607],[-96.84698,47.31583],[-96.82876,47.328],[-96.84579,47.32804],[-96.83064,47.33879],[-96.84711,47.34771],[-96.83736,47.35554],[-96.85054,47.35709],[-96.84836,47.36462],[-96.85821,47.36753],[-96.83714,47.37129],[-96.85462,47.37378],[-96.84369,47.37575],[-96.85005,47.38161],[-96.83924,47.38117],[-96.83746,47.38953],[-96.84898,47.39362],[-96.83913,47.39938],[-96.85271,47.40609],[-96.84207,47.41174],[-96.85682,47.40967],[-96.87176,47.41901],[-96.85282,47.43203],[-96.86286,47.4364],[-96.85587,47.43922],[-96.8543,47.45457],[-96.86362,47.45701],[-96.85391,47.4604],[-96.861,47.47259],[-96.85195,47.47906],[-96.86852,47.47847],[-96.85216,47.48635],[-96.86504,47.49165],[-96.84879,47.49805],[-96.85254,47.50749],[-96.84228,47.50864],[-96.85362,47.51151],[-96.84237,47.51612],[-96.86089,47.51546],[-96.87117,47.52727],[-96.85353,47.53621],[-96.86231,47.5412],[-96.84532,47.53875],[-96.86043,47.54595],[-96.84983,47.55316],[-96.86175,47.55928],[-96.8475,47.56623],[-96.86893,47.567],[-96.85157,47.56865],[-96.86048,47.57502],[-96.8499,47.59083],[-96.85894,47.59574],[-96.85102,47.59854],[-96.85708,47.61075],[-96.87973,47.61934],[-96.87437,47.62782],[-96.88821,47.63891],[-96.88235,47.64266],[-96.88994,47.66974],[-96.88512,47.67381],[-96.89625,47.67419],[-96.89924,47.68958],[-96.90953,47.68922],[-96.91202,47.70146],[-96.92087,47.69998],[-96.91187,47.70682],[-96.9198,47.71693],[-96.93097,47.71555],[-96.91841,47.72404],[-96.93283,47.73752],[-96.92915,47.75038],[-96.93968,47.75479],[-96.92885,47.7553],[-96.93825,47.76081],[-96.93488,47.76721],[-96.95634,47.77509],[-96.95798,47.78566],[-96.9651,47.78351],[-96.95705,47.79101],[-96.96646,47.79957],[-96.99158,47.80819],[-96.9787,47.80989],[-96.9805,47.82186],[-96.97413,47.82347],[-96.9871,47.82555],[-96.98155,47.82956],[-96.98628,47.83711],[-96.99834,47.84193],[-97.00183,47.86813],[-97.02314,47.87406],[-97.01801,47.87865],[-97.02542,47.88493],[-97.01878,47.89054],[-97.02523,47.90773],[-97.01533,47.90671],[-97.02376,47.91561],[-97.01785,47.91991],[-97.05534,47.94752],[-97.05245,47.95742],[-97.06183,47.96473],[-97.05309,47.99044],[-97.06394,47.99766],[-97.06329,48.01499],[-97.07224,48.01911],[-97.07226,48.04807],[-97.10448,48.07243],[-97.0998,48.08588],[-97.10986,48.09139],[-97.10188,48.0959],[-97.1232,48.10665],[-97.1207,48.11499],[-97.13347,48.1371],[-97.12288,48.13975],[-97.14651,48.14222],[-97.12097,48.15955],[-97.14195,48.1602],[-97.14751,48.17057],[-97.13601,48.17674],[-97.14981,48.1835],[-97.13567,48.19713],[-97.14091,48.20452],[-97.12928,48.20838],[-97.1393,48.21675],[-97.11784,48.20976],[-97.13905,48.22195],[-97.15219,48.21964],[-97.13719,48.22695],[-97.12069,48.22475],[-97.14464,48.23356],[-97.13374,48.23907],[-97.14674,48.24448],[-97.12511,48.24998],[-97.1306,48.25898],[-97.12295,48.26167],[-97.14503,48.26877],[-97.12534,48.27042],[-97.11657,48.27966],[-97.12314,48.29081],[-97.13733,48.29176],[-97.12762,48.29899],[-97.11223,48.29647],[-97.12669,48.304],[-97.12417,48.31114],[-97.13775,48.30973],[-97.1326,48.31914],[-97.11558,48.32393],[-97.14172,48.32573],[-97.12592,48.34058],[-97.14008,48.34459],[-97.1362,48.35218],[-97.15626,48.36558],[-97.13785,48.37122],[-97.14135,48.37846],[-97.13334,48.3822],[-97.15199,48.38288],[-97.16338,48.39286],[-97.13117,48.40728],[-97.13988,48.41849],[-97.15053,48.41274],[-97.15399,48.41812],[-97.1384,48.42165],[-97.12258,48.41792],[-97.14587,48.43115],[-97.12782,48.43126],[-97.12482,48.4419],[-97.15063,48.44082],[-97.12854,48.4603],[-97.14302,48.46382],[-97.14742,48.47275],[-97.12816,48.47436],[-97.16267,48.47778],[-97.14029,48.48472],[-97.14302,48.49233],[-97.1315,48.48901],[-97.14919,48.50084],[-97.15027,48.5116],[-97.12676,48.52016],[-97.15242,48.52036],[-97.1536,48.52951],[-97.14136,48.53545],[-97.16598,48.54893],[-97.13895,48.55512],[-97.17542,48.56196],[-97.14917,48.57001],[-97.16063,48.58094],[-97.14389,48.58211],[-97.14228,48.59261],[-97.15403,48.59541],[-97.13429,48.6074],[-97.15065,48.61168],[-97.12958,48.61369],[-97.13386,48.62278],[-97.1195,48.61856],[-97.13114,48.63147],[-97.10945,48.63247],[-97.11569,48.64456],[-97.09869,48.66099],[-97.10923,48.66425],[-97.10056,48.66841],[-97.10128,48.6823],[-97.09031,48.6844],[-97.1199,48.70125],[-97.11011,48.70798],[-97.13742,48.72657],[-97.12834,48.73214],[-97.14213,48.73617],[-97.13754,48.74964],[-97.1538,48.75399],[-97.14546,48.76479],[-97.15898,48.77571],[-97.14747,48.78144],[-97.17404,48.79388],[-97.16326,48.80058],[-97.18164,48.79852],[-97.15812,48.81032],[-97.19027,48.81513],[-97.17799,48.82283],[-97.18416,48.8339],[-97.17388,48.83799],[-97.18292,48.84691],[-97.1731,48.85063],[-97.17917,48.86284],[-97.19057,48.86428],[-97.17781,48.87564],[-97.19939,48.88111],[-97.20163,48.89193],[-97.19002,48.89552],[-97.2114,48.9056],[-97.21078,48.91603],[-97.21981,48.92215],[-97.21441,48.93164],[-97.234,48.94743],[-97.2275,48.96234],[-97.23861,48.9665],[-97.23826,48.98265],[-97.22665,48.99299],[-97.2342,48.99629],[-97.22896,49.00045],[-104.04869,48.9999],[-104.04142,47.86268]]]}},{"type":"Feature","properties":{"statefp":"39","stusps":"OH","name":"Ohio"},"geometry":{"type":"Polygon","coordinates":[[[-80.51985,42.32713],[-81.24983,42.21641],[-81.68645,42.00004],[-81.7092,42.00004],[-82.39835,41.67652],[-82.68112,41.67633],[-83.06931,41.86422],[-83.11246,41.95941],[-83.41585,41.73379],[-84.80597,41.69612],[-84.80365,40.31214],[-84.82015,39.10542],[-84.78777,39.11531],[-84.76228,39.14219],[-84.74335,39.14758],[-84.71852,39.13686],[-84.68648,39.10111],[-84.65454,39.09403],[-84.63253,39.07663],[-84.60748,39.07337],[-84.57191,39.08243],[-84.55166,39.09931],[-84.51086,39.09374],[-84.4758,39.11994],[-84.45253,39.11924],[-84.43516,39.10036],[-84.42639,39.05313],[-84.3476,39.03758],[-84.30607,39.00775],[-84.28878,38.95564],[-84.23434,38.89326],[-84.23186,38.83272],[-84.21312,38.80584],[-84.07078,38.77041],[-83.96237,38.78752],[-83.92566,38.77121],[-83.86941,38.7613],[-83.84889,38.74748],[-83.83676,38.71772],[-83.78446,38.69672],[-83.76912,38.65507],[-83.72086,38.64667],[-83.66889,38.62656],[-83.64784,38.6324],[-83.62553,38.67888],[-83.52114,38.70308],[-83.49364,38.69452],[-83.46771,38.67535],[-83.35784,38.65488],[-83.32757,38.63768],[-83.31785,38.60976],[-83.29904,38.59737],[-83.24566,38.62856],[-83.20436,38.61677],[-83.15364,38.61884],[-83.13475,38.63201],[-83.11238,38.67162],[-83.05402,38.69507],[-83.0305,38.72584],[-82.97149,38.7272],[-82.93468,38.74666],[-82.89043,38.75626],[-82.87177,38.73943],[-82.87749,38.68946],[-82.86038,38.66288],[-82.85446,38.61377],[-82.84247,38.58891],[-82.79587,38.56181],[-82.72791,38.55887],[-82.69828,38.54377],[-82.65359,38.49384],[-82.61081,38.47195],[-82.59348,38.41825],[-82.58338,38.40997],[-82.53823,38.40408],[-82.40488,38.43935],[-82.38177,38.43478],[-82.33034,38.4445],[-82.30422,38.49631],[-82.29127,38.57898],[-82.26207,38.59818],[-82.201,38.59205],[-82.17527,38.60708],[-82.17247,38.62878],[-82.19087,38.68038],[-82.18247,38.70878],[-82.1931,38.73772],[-82.18687,38.72228],[-82.18797,38.73308],[-82.19888,38.75773],[-82.21964,38.77228],[-82.22157,38.78719],[-82.21144,38.80122],[-82.14547,38.83968],[-82.13922,38.86502],[-82.14317,38.89808],[-82.11167,38.93258],[-82.09157,38.97378],[-82.05156,38.99438],[-82.03775,39.02387],[-82.0045,39.02889],[-81.97937,38.99319],[-81.95145,38.99603],[-81.93319,38.98766],[-81.89847,38.9296],[-81.928,38.89349],[-81.90297,38.87609],[-81.88923,38.87428],[-81.85597,38.89273],[-81.84449,38.92875],[-81.82735,38.9459],[-81.81116,38.94472],[-81.78565,38.92619],[-81.76266,38.92412],[-81.75697,38.93715],[-81.78182,38.96493],[-81.76425,39.01528],[-81.80805,39.05378],[-81.81385,39.07968],[-81.77555,39.07838],[-81.74605,39.09698],[-81.74277,39.14267],[-81.75618,39.18046],[-81.73687,39.19263],[-81.72562,39.2159],[-81.69191,39.22704],[-81.69662,39.25614],[-81.68361,39.27095],[-81.64534,39.27734],[-81.57025,39.26767],[-81.55755,39.33877],[-81.45614,39.40927],[-81.43564,39.40847],[-81.41271,39.39462],[-81.39379,39.35171],[-81.37596,39.3417],[-81.34493,39.34679],[-81.27029,39.38605],[-81.21731,39.38759],[-81.18515,39.43148],[-81.13253,39.44627],[-81.07103,39.51561],[-80.97348,39.58845],[-80.92835,39.61655],[-80.88036,39.62071],[-80.86665,39.65262],[-80.8637,39.69172],[-80.83388,39.7035],[-80.82976,39.71184],[-80.86909,39.76636],[-80.82608,39.79858],[-80.82612,39.84424],[-80.79076,39.86728],[-80.80917,39.90394],[-80.80678,39.91631],[-80.78704,39.91835],[-80.7634,39.90862],[-80.75611,39.9134],[-80.76427,39.94996],[-80.74014,39.9708],[-80.74217,40.00858],[-80.73102,40.04429],[-80.73818,40.07861],[-80.70955,40.1003],[-80.70561,40.15348],[-80.66808,40.19969],[-80.6521,40.24497],[-80.6193,40.26517],[-80.61489,40.29197],[-80.5999,40.31767],[-80.6128,40.34767],[-80.60969,40.37495],[-80.63273,40.3905],[-80.61232,40.40276],[-80.61219,40.43484],[-80.5954,40.47532],[-80.618,40.50205],[-80.62751,40.53579],[-80.66437,40.57002],[-80.66791,40.58294],[-80.62717,40.61994],[-80.59876,40.62526],[-80.5767,40.61422],[-80.51899,40.6388],[-80.51985,42.32713]]]}},{"type":"Feature","properties":{"statefp":"40","stusps":"OK","name":"Oklahoma"},"geometry":{"type":"Polygon","coordinates":[[[-100.10789,37.00231],[-102.04209,36.99302],[-103.00233,37.00015],[-103.00237,36.5004],[-100.00041,36.4997],[-100.00028,34.56045],[-99.97161,34.56217],[-99.95382,34.57853],[-99.92321,34.57455],[-99.87696,34.5401],[-99.85305,34.51158],[-99.82184,34.49785],[-99.81431,34.4762],[-99.79368,34.45389],[-99.7656,34.43749],[-99.76723,34.4305],[-99.75425,34.42129],[-99.72026,34.4063],[-99.69497,34.37833],[-99.66271,34.37368],[-99.64651,34.38254],[-99.6242,34.37358],[-99.60003,34.37469],[-99.58544,34.38891],[-99.58006,34.41665],[-99.5697,34.41842],[-99.51428,34.41403],[-99.48722,34.39796],[-99.46638,34.3959],[-99.46105,34.38067],[-99.45379,34.38866],[-99.43827,34.37116],[-99.43104,34.37112],[-99.4249,34.38582],[-99.40529,34.37286],[-99.39736,34.37787],[-99.38718,34.41084],[-99.39716,34.41861],[-99.39519,34.44203],[-99.3812,34.45688],[-99.36893,34.45846],[-99.35571,34.45308],[-99.3569,34.44208],[-99.3196,34.40888],[-99.29463,34.41538],[-99.28005,34.40066],[-99.26127,34.40351],[-99.25892,34.39126],[-99.27442,34.38435],[-99.25861,34.37265],[-99.24286,34.37268],[-99.24639,34.3644],[-99.23649,34.36581],[-99.22798,34.34946],[-99.23263,34.33887],[-99.20691,34.33828],[-99.21145,34.29225],[-99.1954,34.28085],[-99.19925,34.26079],[-99.19142,34.25783],[-99.19691,34.24438],[-99.18978,34.21436],[-99.15365,34.20733],[-99.13044,34.21948],[-99.12664,34.20306],[-99.07939,34.21155],[-99.04446,34.19811],[-99.03615,34.2069],[-99.01296,34.20319],[-98.98817,34.22131],[-98.97261,34.20259],[-98.95128,34.21219],[-98.91833,34.18183],[-98.87292,34.16658],[-98.86812,34.14964],[-98.86012,34.14991],[-98.85559,34.16162],[-98.81295,34.15844],[-98.7962,34.14278],[-98.7884,34.14667],[-98.76557,34.13638],[-98.75704,34.12463],[-98.74197,34.12553],[-98.73429,34.13576],[-98.69007,34.13316],[-98.64807,34.16444],[-98.61673,34.15642],[-98.59979,34.16057],[-98.55088,34.13258],[-98.56098,34.12392],[-98.48633,34.0626],[-98.44903,34.07346],[-98.44009,34.08431],[-98.41443,34.08507],[-98.41137,34.10032],[-98.39978,34.09997],[-98.39844,34.12846],[-98.38009,34.13083],[-98.38438,34.14632],[-98.36562,34.15699],[-98.32545,34.15102],[-98.2939,34.13302],[-98.23247,34.13464],[-98.21646,34.12182],[-98.17083,34.11417],[-98.13082,34.15053],[-98.10946,34.15411],[-98.10056,34.14349],[-98.1029,34.1326],[-98.08975,34.12821],[-98.09933,34.1043],[-98.11942,34.08447],[-98.12021,34.07213],[-98.08246,34.03943],[-98.10618,34.03489],[-98.08402,34.01437],[-98.0882,34.00548],[-98.02767,33.99336],[-97.97417,34.00672],[-97.95833,33.99085],[-97.94573,33.98984],[-97.96035,33.95193],[-97.97417,33.94283],[-97.9534,33.93644],[-97.95716,33.91445],[-97.96875,33.90602],[-97.9788,33.91255],[-97.98454,33.9007],[-97.96775,33.88221],[-97.93417,33.87811],[-97.87531,33.84972],[-97.83432,33.85763],[-97.81764,33.88099],[-97.80542,33.87717],[-97.79891,33.89854],[-97.78084,33.89445],[-97.78352,33.9183],[-97.76377,33.91424],[-97.76277,33.9344],[-97.73226,33.93652],[-97.71219,33.95164],[-97.69311,33.9837],[-97.67128,33.99155],[-97.63378,33.98126],[-97.5896,33.95355],[-97.59695,33.91631],[-97.58108,33.89968],[-97.55154,33.89795],[-97.50027,33.91963],[-97.46142,33.90523],[-97.45081,33.88661],[-97.46324,33.842],[-97.45306,33.82854],[-97.4268,33.81864],[-97.36873,33.82144],[-97.34721,33.84511],[-97.33188,33.88448],[-97.32334,33.87917],[-97.33206,33.85506],[-97.31426,33.86509],[-97.30917,33.8887],[-97.27093,33.858],[-97.25564,33.8637],[-97.24505,33.90322],[-97.21092,33.91606],[-97.18085,33.8952],[-97.16663,33.84731],[-97.17163,33.83534],[-97.19583,33.8308],[-97.20499,33.81887],[-97.20543,33.80149],[-97.18772,33.76983],[-97.19285,33.76036],[-97.18014,33.75449],[-97.16315,33.72933],[-97.13392,33.71813],[-97.10719,33.72116],[-97.08737,33.74114],[-97.09265,33.8042],[-97.04815,33.81746],[-97.05195,33.83299],[-97.0872,33.84137],[-97.0885,33.85185],[-97.06704,33.86051],[-97.04183,33.83776],[-97.02144,33.84638],[-96.98383,33.89095],[-96.99625,33.94266],[-96.98134,33.95638],[-96.97287,33.9357],[-96.9163,33.9578],[-96.901,33.93878],[-96.89573,33.89641],[-96.87528,33.86051],[-96.85059,33.84721],[-96.83216,33.87483],[-96.79428,33.86889],[-96.78057,33.8601],[-96.77067,33.82962],[-96.76159,33.82441],[-96.69957,33.83905],[-96.66719,33.91694],[-96.62829,33.89448],[-96.58793,33.89478],[-96.59011,33.88067],[-96.61197,33.86902],[-96.62927,33.8455],[-96.57294,33.8191],[-96.53197,33.82399],[-96.51785,33.80686],[-96.51658,33.78828],[-96.50098,33.7728],[-96.44804,33.78103],[-96.42353,33.77643],[-96.40822,33.75054],[-96.36959,33.71681],[-96.3622,33.69182],[-96.34686,33.68622],[-96.3211,33.6951],[-96.31223,33.7063],[-96.29371,33.76941],[-96.26359,33.76747],[-96.22902,33.74802],[-96.18663,33.75502],[-96.16909,33.77042],[-96.15554,33.81404],[-96.16377,33.81305],[-96.16959,33.80094],[-96.17912,33.81022],[-96.15077,33.81699],[-96.14923,33.83709],[-96.12295,33.83996],[-96.09936,33.83047],[-96.10009,33.84797],[-96.04883,33.83647],[-96.03499,33.84265],[-96.02697,33.85747],[-96.01954,33.8535],[-96.02274,33.84109],[-96.01705,33.84145],[-95.99683,33.8539],[-96.00293,33.87359],[-95.98493,33.86581],[-95.98486,33.85249],[-95.95138,33.85733],[-95.94868,33.85804],[-95.94414,33.86],[-95.9418,33.86165],[-95.93221,33.88388],[-95.92509,33.88494],[-95.83041,33.83478],[-95.81949,33.8413],[-95.81557,33.85985],[-95.79761,33.86059],[-95.77024,33.8452],[-95.75796,33.84957],[-95.75134,33.86029],[-95.76247,33.88114],[-95.75215,33.89458],[-95.73318,33.89645],[-95.70064,33.88585],[-95.66548,33.909],[-95.63277,33.90481],[-95.59409,33.94306],[-95.55421,33.92696],[-95.54414,33.8806],[-95.50953,33.89759],[-95.505,33.87592],[-95.46144,33.88711],[-95.46334,33.8724],[-95.44275,33.86651],[-95.36257,33.8669],[-95.3357,33.87425],[-95.32994,33.88633],[-95.28893,33.87307],[-95.27817,33.87839],[-95.28463,33.90548],[-95.2687,33.91109],[-95.26666,33.8939],[-95.25772,33.89012],[-95.2485,33.90697],[-95.25,33.93886],[-95.23288,33.94974],[-95.23044,33.96004],[-95.21695,33.96267],[-95.15696,33.93664],[-95.1247,33.93467],[-95.12173,33.92576],[-95.13164,33.91393],[-95.12089,33.90454],[-95.08006,33.92099],[-95.07974,33.90859],[-95.10038,33.8956],[-95.08961,33.88086],[-95.08241,33.87988],[-95.0787,33.90504],[-95.06676,33.9171],[-95.06423,33.91016],[-95.07588,33.90185],[-95.0718,33.89556],[-95.07241,33.9027],[-95.0601,33.90187],[-95.04657,33.86256],[-95.01574,33.85773],[-95.00219,33.86371],[-94.98849,33.851],[-94.97021,33.86182],[-94.9644,33.83702],[-94.94389,33.83023],[-94.95352,33.81647],[-94.94787,33.80836],[-94.92329,33.80874],[-94.92662,33.82756],[-94.91801,33.82678],[-94.91088,33.81591],[-94.92153,33.79047],[-94.87637,33.75733],[-94.87456,33.76962],[-94.86814,33.76887],[-94.86674,33.76183],[-94.87713,33.75312],[-94.86754,33.7449],[-94.82795,33.74088],[-94.82199,33.73288],[-94.83088,33.75999],[-94.82071,33.76896],[-94.81216,33.75094],[-94.81702,33.74001],[-94.80283,33.7327],[-94.78007,33.74447],[-94.77291,33.75973],[-94.76304,33.75976],[-94.75895,33.74853],[-94.77681,33.74644],[-94.78864,33.73567],[-94.76869,33.72699],[-94.75182,33.73433],[-94.74767,33.72515],[-94.75774,33.71782],[-94.75137,33.71354],[-94.74209,33.72669],[-94.73341,33.72519],[-94.73613,33.71608],[-94.7538,33.70866],[-94.73586,33.69163],[-94.71953,33.68886],[-94.71594,33.69491],[-94.73396,33.71569],[-94.70156,33.70288],[-94.71443,33.69719],[-94.71619,33.6879],[-94.6848,33.68435],[-94.66688,33.69458],[-94.6514,33.68584],[-94.64372,33.70152],[-94.63865,33.6958],[-94.65037,33.68444],[-94.64534,33.67364],[-94.66262,33.67495],[-94.66865,33.66385],[-94.6392,33.66374],[-94.62204,33.68254],[-94.60582,33.66419],[-94.59602,33.66386],[-94.58793,33.68626],[-94.58078,33.66639],[-94.56034,33.66659],[-94.59048,33.64507],[-94.54964,33.66068],[-94.54263,33.65399],[-94.56839,33.6372],[-94.56897,33.62745],[-94.52505,33.64129],[-94.51853,33.63757],[-94.53543,33.62422],[-94.52824,33.61608],[-94.51984,33.61808],[-94.51747,33.63306],[-94.50838,33.62129],[-94.4915,33.62512],[-94.4859,33.63786],[-94.43101,35.39317],[-94.61786,36.49943],[-94.61796,36.99891],[-100.10789,37.00231]]]}},{"type":"Feature","properties":{"statefp":"41","stusps":"OR","name":"Oregon"},"geometry":{"type":"Polygon","coordinates":[[[-121.44123,45.69728],[-121.53293,45.7265],[-121.7073,45.69484],[-121.81118,45.70672],[-121.86702,45.69339],[-121.90175,45.67067],[-121.90813,45.65456],[-121.95578,45.64359],[-121.98301,45.62289],[-122.0443,45.60954],[-122.10175,45.58317],[-122.18286,45.57678],[-122.26262,45.54432],[-122.3315,45.54824],[-122.3528,45.56944],[-122.3803,45.57594],[-122.43867,45.56359],[-122.55033,45.59727],[-122.675,45.61803],[-122.76381,45.65714],[-122.77451,45.68044],[-122.76011,45.73441],[-122.76145,45.75916],[-122.76953,45.78058],[-122.7956,45.81],[-122.78503,45.8677],[-122.8115,45.91272],[-122.80619,45.93242],[-122.814,45.96098],[-122.87809,46.03128],[-122.88448,46.06028],[-122.90412,46.08373],[-122.96268,46.10482],[-123.00423,46.13382],[-123.1159,46.18527],[-123.16642,46.18898],[-123.28017,46.14484],[-123.37143,46.14637],[-123.43099,46.18157],[-123.42763,46.22935],[-123.44759,46.24983],[-123.47484,46.26783],[-123.50125,46.27101],[-123.55048,46.25876],[-123.64878,46.2588],[-123.68811,46.2501],[-123.74145,46.26915],[-123.77936,46.25388],[-123.87263,46.23499],[-123.93048,46.2388],[-123.97335,46.2685],[-124.00362,46.27471],[-124.02488,46.2991],[-124.0356,46.29684],[-124.03595,46.26418],[-124.15955,46.26113],[-124.14703,46.22886],[-124.12626,46.2051],[-124.06731,46.18385],[-124.05066,46.16391],[-124.0098,46.08197],[-124.00278,46.02754],[-124.00813,46.00994],[-124.03954,45.98594],[-124.07082,45.97394],[-124.09192,45.94346],[-124.08016,45.90826],[-124.04335,45.88709],[-124.0377,45.84161],[-124.05565,45.81649],[-124.05412,45.79753],[-124.06896,45.77272],[-124.06797,45.75032],[-124.01081,45.70828],[-124.01166,45.67672],[-124.01665,45.63212],[-124.02932,45.61246],[-124.03711,45.57172],[-124.02666,45.53788],[-124.05312,45.51423],[-124.06455,45.46757],[-124.06395,45.45151],[-124.03582,45.42205],[-124.0365,45.41334],[-124.04331,45.38406],[-124.06649,45.36697],[-124.07698,45.34185],[-124.07383,45.31751],[-124.04236,45.28218],[-124.04332,45.24517],[-124.05983,45.2156],[-124.04479,45.166],[-124.05581,45.12483],[-124.09356,45.05417],[-124.09748,45.02736],[-124.08621,45.00286],[-124.09793,44.92966],[-124.11657,44.86633],[-124.13621,44.84924],[-124.14156,44.83344],[-124.1483,44.74039],[-124.13912,44.71054],[-124.15396,44.67533],[-124.13744,44.641],[-124.15233,44.60934],[-124.13431,44.58318],[-124.16456,44.49984],[-124.15343,44.46504],[-124.15701,44.42159],[-124.18765,44.28856],[-124.18676,44.17648],[-124.20098,44.13952],[-124.19538,44.09746],[-124.21272,44.02457],[-124.20789,44.00213],[-124.21515,43.95378],[-124.2657,43.70156],[-124.2853,43.67273],[-124.28033,43.64839],[-124.32871,43.49983],[-124.38027,43.40285],[-124.42564,43.38589],[-124.47695,43.32937],[-124.47485,43.28857],[-124.4555,43.26823],[-124.47033,43.2455],[-124.46524,43.20031],[-124.48161,43.15944],[-124.50597,43.14338],[-124.51584,43.12483],[-124.50533,43.06795],[-124.53061,42.99983],[-124.57235,42.92251],[-124.60686,42.90353],[-124.62213,42.8772],[-124.64515,42.86189],[-124.70354,42.77037],[-124.69071,42.73825],[-124.66464,42.72048],[-124.58469,42.7193],[-124.54413,42.68382],[-124.54572,42.65717],[-124.53031,42.63228],[-124.50849,42.61956],[-124.47355,42.61473],[-124.48084,42.58158],[-124.46535,42.55303],[-124.50122,42.53539],[-124.51869,42.51108],[-124.55465,42.49414],[-124.56722,42.47779],[-124.56951,42.45459],[-124.5427,42.41525],[-124.49415,42.39609],[-124.50084,42.37483],[-124.48654,42.33828],[-124.49412,42.30177],[-124.47826,42.278],[-124.48588,42.24747],[-124.48203,42.2241],[-124.43351,42.16483],[-124.43246,42.13185],[-124.41627,42.07485],[-124.37505,42.02923],[-124.32883,41.99833],[-123.81091,41.99516],[-123.34695,41.99928],[-123.14574,42.00876],[-123.044,42.00308],[-122.37805,42.0095],[-120.97414,41.99299],[-117.0262,41.99989],[-117.02683,43.73367],[-117.02155,43.8194],[-117.03258,43.83018],[-117.02516,43.84133],[-117.01158,43.84105],[-117.02003,43.85896],[-116.98294,43.86771],[-116.97603,43.89555],[-116.98114,43.91369],[-116.96153,43.91839],[-116.95933,43.92932],[-116.96914,43.93886],[-116.96048,43.9551],[-116.97243,43.95799],[-116.95921,43.96636],[-116.97604,43.97506],[-116.9353,43.98862],[-116.94494,44.00278],[-116.93613,44.02714],[-116.97319,44.04942],[-116.97735,44.08536],[-116.9337,44.10004],[-116.8942,44.16232],[-116.90275,44.17947],[-116.92539,44.19154],[-116.97168,44.19726],[-116.97598,44.24287],[-117.03186,44.24864],[-117.05143,44.22875],[-117.0895,44.25823],[-117.10421,44.27994],[-117.11986,44.27827],[-117.14622,44.25803],[-117.17034,44.25889],[-117.19815,44.27383],[-117.22274,44.29833],[-117.20332,44.31302],[-117.18977,44.33658],[-117.23512,44.37385],[-117.24287,44.39556],[-117.22726,44.40524],[-117.21507,44.42716],[-117.22508,44.48235],[-117.20024,44.49203],[-117.18158,44.52296],[-117.16103,44.52517],[-117.14924,44.53615],[-117.14293,44.55724],[-117.14826,44.56437],[-117.12475,44.58383],[-117.12052,44.61466],[-117.09822,44.64069],[-117.09587,44.66474],[-117.0808,44.67377],[-117.07912,44.69217],[-117.0618,44.70665],[-117.06227,44.72714],[-117.03827,44.74818],[-116.9989,44.75638],[-116.9709,44.77388],[-116.9347,44.78388],[-116.9311,44.80478],[-116.90015,44.83667],[-116.89862,44.85374],[-116.86534,44.8706],[-116.85243,44.88758],[-116.83199,44.93301],[-116.85098,44.96156],[-116.82627,44.98249],[-116.83974,44.98306],[-116.84857,44.97172],[-116.85798,44.97732],[-116.84462,45.00144],[-116.84794,45.0226],[-116.79733,45.06027],[-116.77485,45.10554],[-116.75464,45.11397],[-116.74554,45.13304],[-116.72961,45.14209],[-116.7037,45.2401],[-116.69139,45.26374],[-116.67449,45.27635],[-116.67379,45.32151],[-116.62338,45.39396],[-116.59745,45.41277],[-116.58819,45.44292],[-116.55483,45.46293],[-116.55746,45.50417],[-116.53548,45.52508],[-116.52344,45.54656],[-116.52832,45.55151],[-116.48297,45.57701],[-116.48216,45.58668],[-116.46363,45.60278],[-116.4635,45.61579],[-116.48281,45.63359],[-116.48882,45.6508],[-116.5354,45.69173],[-116.5357,45.73423],[-116.54724,45.75168],[-116.59421,45.77908],[-116.66527,45.78206],[-116.70975,45.82573],[-116.73578,45.82636],[-116.75979,45.81617],[-116.78214,45.82512],[-116.79646,45.86122],[-116.85725,45.90416],[-116.87598,45.95477],[-116.8913,45.96033],[-116.89361,45.97758],[-116.91607,45.99536],[-118.97629,46.00042],[-118.98726,45.99985],[-119.02721,45.96911],[-119.12632,45.93278],[-119.19552,45.9279],[-119.25707,45.93987],[-119.3645,45.92155],[-119.4504,45.91738],[-119.48808,45.90636],[-119.52452,45.90857],[-119.5716,45.92548],[-119.60054,45.91955],[-119.62363,45.9056],[-119.66997,45.85691],[-119.80271,45.84763],[-119.96577,45.82438],[-120.07024,45.78516],[-120.1706,45.76198],[-120.21077,45.72592],[-120.48261,45.69441],[-120.50574,45.69995],[-120.55929,45.73832],[-120.59114,45.74651],[-120.63505,45.74571],[-120.68954,45.71573],[-120.85541,45.67173],[-120.89582,45.64292],[-120.91361,45.63999],[-120.94402,45.65639],[-120.98349,45.64836],[-121.06446,45.65249],[-121.08486,45.64793],[-121.12011,45.62317],[-121.11718,45.6182],[-121.14558,45.60795],[-121.18368,45.60645],[-121.19646,45.61661],[-121.20035,45.64984],[-121.21577,45.67123],[-121.33771,45.70484],[-121.40174,45.69289],[-121.44123,45.69728]]]}},{"type":"Feature","properties":{"statefp":"42","stusps":"PA","name":"Pennsylvania"},"geometry":{"type":"Polygon","coordinates":[[[-75.5931,39.83772],[-75.49902,39.83352],[-75.41506,39.80192],[-75.34177,39.84608],[-75.24615,39.85398],[-75.18877,39.88083],[-75.14375,39.885],[-75.13005,39.90239],[-75.13627,39.94328],[-75.1257,39.96182],[-75.0756,39.97804],[-75.04709,40.00994],[-75.01324,40.0203],[-74.9389,40.0661],[-74.86176,40.08346],[-74.83587,40.10347],[-74.82253,40.12684],[-74.78417,40.12048],[-74.74056,40.13549],[-74.72158,40.15404],[-74.7338,40.17451],[-74.75561,40.18671],[-74.77144,40.21518],[-74.84231,40.25051],[-74.86821,40.29521],[-74.93971,40.33801],[-74.96655,40.39815],[-74.99586,40.41038],[-75.02863,40.40397],[-75.05858,40.41819],[-75.07068,40.45679],[-75.06266,40.48044],[-75.0681,40.54149],[-75.11554,40.57286],[-75.14017,40.57537],[-75.17045,40.56417],[-75.1941,40.57608],[-75.1894,40.591],[-75.20181,40.61719],[-75.18858,40.62463],[-75.20045,40.64922],[-75.1768,40.67571],[-75.19692,40.6813],[-75.20392,40.6915],[-75.18208,40.73152],[-75.19653,40.75163],[-75.17904,40.7619],[-75.17159,40.77775],[-75.1344,40.77377],[-75.1085,40.79109],[-75.08393,40.82447],[-75.09578,40.84708],[-75.06601,40.84759],[-75.05103,40.86566],[-75.07534,40.89417],[-75.0793,40.91388],[-75.11777,40.95301],[-75.12023,40.9687],[-75.1347,40.97204],[-75.1311,40.99046],[-75.0271,41.03953],[-75.01241,41.06726],[-74.96912,41.0868],[-74.96943,41.09607],[-74.99182,41.08913],[-74.982,41.10849],[-74.92378,41.13801],[-74.88335,41.17956],[-74.85947,41.21877],[-74.86763,41.22862],[-74.86112,41.24365],[-74.84709,41.25284],[-74.83003,41.28744],[-74.79217,41.31084],[-74.79557,41.32034],[-74.76728,41.32774],[-74.7551,41.34587],[-74.72074,41.34744],[-74.69003,41.36523],[-74.71636,41.39302],[-74.73681,41.39932],[-74.73873,41.43078],[-74.7891,41.42141],[-74.80824,41.44292],[-74.83203,41.43039],[-74.85765,41.44416],[-74.89262,41.43862],[-74.89017,41.45556],[-74.90655,41.46088],[-74.91303,41.47602],[-74.94287,41.48365],[-74.95823,41.47658],[-74.98282,41.48051],[-74.98424,41.50651],[-75.00358,41.50828],[-75.00321,41.52348],[-75.02454,41.53459],[-75.01598,41.5442],[-75.0188,41.55244],[-75.07468,41.60653],[-75.05973,41.61042],[-75.05973,41.61756],[-75.04418,41.61806],[-75.04946,41.66028],[-75.05952,41.67225],[-75.05263,41.68811],[-75.06896,41.70933],[-75.04969,41.71337],[-75.05297,41.75179],[-75.07461,41.77127],[-75.10471,41.77438],[-75.09288,41.79646],[-75.07565,41.79955],[-75.07225,41.81413],[-75.08988,41.8117],[-75.11302,41.82262],[-75.1166,41.84545],[-75.16288,41.85055],[-75.17246,41.87228],[-75.18536,41.86006],[-75.20464,41.86993],[-75.22448,41.85759],[-75.24115,41.86725],[-75.25832,41.86227],[-75.2643,41.86952],[-75.25958,41.88232],[-75.27169,41.88845],[-75.26728,41.90609],[-75.27876,41.93871],[-75.29332,41.95435],[-75.31094,41.9491],[-75.34159,41.97222],[-75.34217,41.9935],[-75.35965,41.99955],[-76.82898,42.00202],[-79.76195,41.99884],[-79.76242,42.51607],[-80.08022,42.39416],[-80.51985,42.32713],[-80.51934,39.7214],[-75.77379,39.7222],[-75.74671,39.76514],[-75.70592,39.79987],[-75.6537,39.82469],[-75.5931,39.83772]]]}},{"type":"Feature","properties":{"statefp":"72","stusps":"PR","name":"Puerto Rico"},"geometry":{"type":"MultiPolygon","coordinates":[[[[-66.30309,17.88211],[-66.25737,17.86559],[-66.2203,17.86289],[-66.17971,17.88256],[-66.1223,17.87946],[-66.07672,17.91067],[-66.0498,17.89775],[-66.01889,17.89413],[-65.99961,17.9001],[-65.97288,17.92325],[-65.92175,17.92261],[-65.85253,17.94149],[-65.79764,17.97698],[-65.78221,18.00298],[-65.78238,18.019],[-65.74961,18.03879],[-65.7161,18.10627],[-65.68942,18.1264],[-65.66653,18.12774],[-65.61805,18.15418],[-65.63097,18.12302],[-65.6246,18.07747],[-65.5948,18.04508],[-65.5497,18.02845],[-65.49586,18.04202],[-65.4403,18.03717],[-65.391,18.05639],[-65.33391,18.06219],[-65.2496,18.08431],[-65.22325,18.10522],[-65.21626,18.14355],[-65.23201,18.17084],[-65.27199,18.19624],[-65.39474,18.21174],[-65.4315,18.20867],[-65.46443,18.22221],[-65.52424,18.20851],[-65.55464,18.18477],[-65.53384,18.21836],[-65.48938,18.2253],[-65.46537,18.24368],[-65.45704,18.26814],[-65.46154,18.2933],[-65.42377,18.29138],[-65.3604,18.25344],[-65.29722,18.2274],[-65.21149,18.24128],[-65.19493,18.25384],[-65.17167,18.29421],[-65.17163,18.33344],[-65.19514,18.37768],[-65.22094,18.39527],[-65.30292,18.3875],[-65.32263,18.40329],[-65.37666,18.42148],[-65.40824,18.41126],[-65.42433,18.39087],[-65.46398,18.39348],[-65.58668,18.44333],[-65.62461,18.45126],[-65.67861,18.41853],[-65.7572,18.4732],[-65.85772,18.48725],[-65.89013,18.50329],[-65.94814,18.50265],[-65.9934,18.5166],[-66.02155,18.51172],[-66.12935,18.52451],[-66.21211,18.52184],[-66.39965,18.54376],[-66.45295,18.53896],[-66.47856,18.52442],[-66.60752,18.54384],[-66.68799,18.53833],[-66.73461,18.52601],[-66.80422,18.54378],[-66.88387,18.54166],[-66.9081,18.5333],[-66.96866,18.54299],[-67.01709,18.56264],[-67.08827,18.568],[-67.17551,18.54371],[-67.22163,18.498],[-67.20794,18.44228],[-67.24963,18.41857],[-67.30272,18.40156],[-67.31869,18.38103],[-67.31991,18.34319],[-67.28596,18.28216],[-67.26973,18.26139],[-67.23046,18.24656],[-67.21424,18.21135],[-67.2359,18.1757],[-67.23537,18.12015],[-67.24962,18.1102],[-67.26017,18.0848],[-67.25536,18.05767],[-67.26749,17.98307],[-67.26068,17.92854],[-67.21496,17.88723],[-67.17323,17.88305],[-67.14279,17.90057],[-66.921,17.87518],[-66.89056,17.89371],[-66.82531,17.90045],[-66.78815,17.91606],[-66.7134,17.91285],[-66.67706,17.89676],[-66.64167,17.91197],[-66.57407,17.91314],[-66.58574,17.8885],[-66.58308,17.86216],[-66.5642,17.8401],[-66.53094,17.83151],[-66.42449,17.88199],[-66.38812,17.86922],[-66.30309,17.88211]]],[[[-67.99869,18.17076],[-67.99668,18.13507],[-67.98615,18.11919],[-67.99783,18.08933],[-67.99342,18.06241],[-67.94583,18.01754],[-67.90089,17.99948],[-67.87139,18.00031],[-67.83006,18.0196],[-67.79734,18.05865],[-67.78981,18.09036],[-67.79459,18.11587],[-67.80532,18.1369],[-67.83441,18.16365],[-67.86082,18.17083],[-67.89493,18.16667],[-67.91617,18.2001],[-67.94479,18.21004],[-67.98254,18.19748],[-67.99869,18.17076]]],[[[-67.54303,18.38612],[-67.52832,18.34913],[-67.48861,18.32671],[-67.44523,18.33644],[-67.41804,18.373],[-67.42503,18.40685],[-67.45164,18.43059],[-67.47302,18.43813],[-67.49963,18.43531],[-67.52393,18.42176],[-67.54303,18.38612]]]]}},{"type":"Feature","properties":{"statefp":"44","stusps":"RI","name":"Rhode Island"},"geometry":{"type":"MultiPolygon","coordinates":[[[[-71.67881,41.15891],[-71.66835,41.12825],[-71.61886,41.09909],[-71.5693,41.09718],[-71.51754,41.10708],[-71.49143,41.1251],[-71.47702,41.15566],[-71.48984,41.1947],[-71.48932,41.23517],[-71.53598,41.28618],[-71.55757,41.29402],[-71.59159,41.28932],[-71.63497,41.26368],[-71.64301,41.23132],[-71.67049,41.1945],[-71.67881,41.15891]]],[[[-71.26107,41.75208],[-71.32847,41.78069],[-71.34048,41.79703],[-71.34754,41.82325],[-71.33542,41.83564],[-71.34255,41.84466],[-71.33404,41.8626],[-71.33879,41.89859],[-71.38146,41.89355],[-71.3814,42.0188],[-71.79919,42.00805],[-71.78724,41.65611],[-71.79775,41.41673],[-71.81809,41.41985],[-71.84243,41.41026],[-71.84221,41.39538],[-71.83064,41.37877],[-71.83787,41.36015],[-71.82936,41.34243],[-71.85746,41.32079],[-71.89207,41.33008],[-71.90726,41.30448],[-71.79097,41.1841],[-71.79148,41.27217],[-71.69504,41.28265],[-71.57525,41.32095],[-71.4948,41.30736],[-71.11932,41.41332],[-71.08857,41.43131],[-71.12112,41.49279],[-71.13162,41.59372],[-71.14196,41.61253],[-71.13256,41.66036],[-71.19548,41.67509],[-71.26107,41.75208]]]]}},{"type":"Feature","properties":{"statefp":"45","stusps":"SC","name":"South Carolina"},"geometry":{"type":"Polygon","coordinates":[[[-82.29108,35.20009],[-82.32375,35.18509],[-82.35964,35.19249],[-82.37123,35.18065],[-82.38313,35.19083],[-82.37789,35.19577],[-82.38393,35.21085],[-82.39379,35.21522],[-82.42262,35.19589],[-82.42589,35.1794],[-82.43987,35.16574],[-82.45732,35.16392],[-82.45497,35.17694],[-82.47816,35.17598],[-82.49548,35.16204],[-82.5042,35.16588],[-82.52738,35.15579],[-82.54589,35.16422],[-82.5686,35.14547],[-82.6131,35.13965],[-82.62876,35.12578],[-82.64335,35.13378],[-82.65571,35.11994],[-82.67356,35.11726],[-82.67488,35.1273],[-82.68175,35.12797],[-82.69454,35.11616],[-82.68676,35.10802],[-82.69763,35.09596],[-82.70007,35.10089],[-82.72673,35.09467],[-82.73892,35.07809],[-82.75136,35.08153],[-82.75651,35.06736],[-82.78173,35.06531],[-82.77623,35.08116],[-82.78317,35.08592],[-83.10908,35.00134],[-83.09824,34.99082],[-83.12198,34.96476],[-83.11412,34.95018],[-83.12543,34.95509],[-83.12762,34.94983],[-83.11176,34.93496],[-83.12731,34.93863],[-83.14152,34.92451],[-83.15689,34.93077],[-83.15699,34.91512],[-83.16861,34.91936],[-83.19718,34.89059],[-83.20354,34.89345],[-83.20526,34.88016],[-83.21403,34.88857],[-83.22013,34.87804],[-83.243,34.87754],[-83.2347,34.87074],[-83.24809,34.86558],[-83.25391,34.84877],[-83.24893,34.84514],[-83.2672,34.84847],[-83.27088,34.81859],[-83.28865,34.82467],[-83.29514,34.81323],[-83.30562,34.81652],[-83.30084,34.80434],[-83.32414,34.78925],[-83.31875,34.75763],[-83.35332,34.72869],[-83.34665,34.70422],[-83.3539,34.69861],[-83.34013,34.69148],[-83.34053,34.68074],[-83.30464,34.66956],[-83.29318,34.6543],[-83.25388,34.6367],[-83.23258,34.6116],[-83.15968,34.6033],[-83.17098,34.5981],[-83.15458,34.5882],[-83.15868,34.579],[-83.14318,34.5734],[-83.13988,34.5618],[-83.1229,34.56012],[-83.10269,34.5324],[-83.0784,34.52537],[-83.08724,34.51618],[-83.07259,34.50411],[-83.05432,34.50279],[-83.03457,34.48357],[-82.9959,34.4722],[-82.97975,34.48294],[-82.95565,34.47889],[-82.94286,34.48591],[-82.90155,34.48676],[-82.85884,34.45522],[-82.83446,34.36522],[-82.79447,34.34038],[-82.78213,34.29828],[-82.74681,34.26659],[-82.74187,34.21021],[-82.71746,34.15055],[-82.67699,34.13143],[-82.65873,34.10377],[-82.64242,34.09326],[-82.64366,34.07211],[-82.59446,34.0293],[-82.58896,34.00051],[-82.57555,33.99221],[-82.57998,33.98052],[-82.55676,33.94532],[-82.52451,33.94336],[-82.45511,33.88165],[-82.42489,33.86413],[-82.40388,33.86548],[-82.32448,33.82003],[-82.30021,33.80063],[-82.29829,33.78352],[-82.24747,33.75259],[-82.23457,33.70022],[-82.1999,33.6617],[-82.19689,33.63144],[-82.18615,33.62088],[-82.13803,33.59224],[-82.10784,33.59628],[-82.09413,33.58274],[-82.04633,33.56383],[-82.00134,33.52014],[-81.98594,33.48654],[-81.92634,33.46294],[-81.91313,33.43833],[-81.93243,33.42571],[-81.90969,33.41198],[-81.94518,33.40753],[-81.92484,33.37414],[-81.94634,33.37064],[-81.93483,33.35604],[-81.93974,33.34494],[-81.9188,33.34021],[-81.90914,33.34664],[-81.91914,33.33444],[-81.90814,33.32714],[-81.91374,33.32004],[-81.90613,33.32162],[-81.90138,33.33577],[-81.89904,33.32334],[-81.88914,33.32104],[-81.89254,33.31534],[-81.88164,33.31584],[-81.88074,33.30224],[-81.86794,33.31404],[-81.86393,33.30204],[-81.85519,33.31039],[-81.84734,33.30684],[-81.84874,33.29674],[-81.86004,33.29914],[-81.86324,33.28884],[-81.83264,33.27584],[-81.83584,33.26284],[-81.82834,33.26304],[-81.83454,33.25834],[-81.84734,33.26635],[-81.83964,33.25525],[-81.85208,33.24729],[-81.80964,33.22265],[-81.80524,33.21144],[-81.78454,33.20815],[-81.77754,33.21135],[-81.78014,33.22115],[-81.76893,33.21745],[-81.75683,33.19795],[-81.76543,33.17835],[-81.77244,33.18045],[-81.75213,33.14855],[-81.70463,33.11645],[-81.64233,33.09315],[-81.61166,33.09426],[-81.61207,33.08002],[-81.60132,33.08705],[-81.5965,33.07989],[-81.60221,33.07347],[-81.57719,33.06594],[-81.57288,33.05418],[-81.56337,33.06016],[-81.55917,33.05177],[-81.56611,33.04879],[-81.56195,33.04584],[-81.54544,33.04899],[-81.53879,33.03919],[-81.52912,33.04081],[-81.51125,33.02779],[-81.51908,33.0232],[-81.51028,33.02123],[-81.51069,33.01031],[-81.50405,33.01625],[-81.49195,33.00909],[-81.50063,33.00245],[-81.4912,32.99782],[-81.49983,32.96382],[-81.51135,32.96672],[-81.49945,32.94499],[-81.50243,32.93535],[-81.4832,32.9218],[-81.48081,32.89861],[-81.46443,32.8986],[-81.47944,32.88108],[-81.45288,32.87296],[-81.46072,32.84604],[-81.45274,32.84415],[-81.44487,32.85097],[-81.43865,32.84008],[-81.42647,32.84077],[-81.42062,32.83122],[-81.42994,32.82825],[-81.42195,32.82147],[-81.42824,32.81858],[-81.41798,32.8182],[-81.42829,32.80083],[-81.41988,32.79486],[-81.42767,32.78761],[-81.42224,32.78399],[-81.43124,32.78414],[-81.41446,32.77815],[-81.43194,32.76891],[-81.41209,32.76387],[-81.41404,32.75542],[-81.40816,32.7558],[-81.4197,32.74917],[-81.40493,32.74556],[-81.41854,32.73259],[-81.40999,32.72186],[-81.42034,32.72105],[-81.41512,32.71367],[-81.42752,32.7019],[-81.4124,32.6921],[-81.40901,32.69655],[-81.39715,32.66138],[-81.40719,32.66052],[-81.39303,32.65154],[-81.41255,32.64152],[-81.40274,32.63703],[-81.40727,32.63174],[-81.41476,32.63744],[-81.41866,32.62939],[-81.38921,32.59542],[-81.36927,32.5907],[-81.36678,32.57691],[-81.35803,32.58221],[-81.35593,32.57161],[-81.3286,32.56109],[-81.29765,32.56293],[-81.29617,32.55335],[-81.29096,32.56266],[-81.28863,32.55111],[-81.28058,32.55603],[-81.2748,32.54442],[-81.27966,32.53634],[-81.25206,32.51814],[-81.23379,32.51831],[-81.23882,32.50805],[-81.23311,32.49807],[-81.18714,32.46415],[-81.19787,32.44855],[-81.20577,32.45047],[-81.19929,32.44291],[-81.20839,32.43725],[-81.2054,32.42334],[-81.17828,32.39299],[-81.18184,32.37935],[-81.16791,32.36848],[-81.17387,32.36277],[-81.15461,32.35007],[-81.15999,32.34048],[-81.14533,32.34516],[-81.14386,32.35154],[-81.12853,32.33838],[-81.13801,32.32824],[-81.13074,32.32576],[-81.13302,32.30855],[-81.12263,32.30699],[-81.11963,32.28678],[-81.12714,32.28225],[-81.1235,32.27514],[-81.14211,32.27158],[-81.13693,32.26611],[-81.14632,32.26332],[-81.1459,32.25072],[-81.15661,32.24328],[-81.14363,32.22927],[-81.15206,32.22204],[-81.13893,32.21977],[-81.12189,32.19554],[-81.11403,32.1957],[-81.1218,32.19179],[-81.12044,32.1787],[-81.11113,32.1727],[-81.12115,32.1749],[-81.12976,32.16584],[-81.11224,32.1508],[-81.11994,32.1353],[-81.11537,32.11471],[-81.09162,32.11116],[-81.08827,32.09993],[-81.03812,32.08373],[-81.00431,32.10237],[-80.98351,32.07955],[-80.95403,32.07029],[-80.92508,32.04194],[-80.89213,32.03542],[-80.85024,32.04142],[-80.82276,32.03424],[-80.78296,31.99595],[-80.78069,32.01137],[-80.75803,32.02598],[-80.74296,32.04953],[-80.7482,32.08449],[-80.70522,32.10519],[-80.66472,32.14261],[-80.63147,32.14586],[-80.60845,32.16229],[-80.58499,32.16259],[-80.56645,32.17237],[-80.52382,32.23459],[-80.49681,32.2502],[-80.4201,32.26464],[-80.39233,32.28032],[-80.37283,32.31341],[-80.37483,32.34245],[-80.35067,32.35591],[-80.33672,32.38075],[-80.30616,32.3971],[-80.29408,32.41852],[-80.25728,32.43517],[-80.24307,32.47245],[-80.19884,32.49624],[-80.16695,32.49109],[-80.12146,32.49919],[-80.095,32.52387],[-80.08888,32.54903],[-80.03077,32.55996],[-79.9926,32.55462],[-79.96792,32.56371],[-79.91834,32.60726],[-79.85506,32.63639],[-79.82806,32.66478],[-79.79825,32.67563],[-79.76659,32.71154],[-79.76007,32.73826],[-79.69189,32.75924],[-79.66225,32.78312],[-79.63782,32.81638],[-79.60792,32.82574],[-79.58539,32.85086],[-79.53469,32.87001],[-79.49595,32.93157],[-79.46616,32.93682],[-79.44018,32.95892],[-79.3713,32.94572],[-79.32226,32.95608],[-79.30547,32.97398],[-79.2995,33.00017],[-79.27337,33.04656],[-79.20296,33.07171],[-79.18087,33.10753],[-79.14052,33.13962],[-79.10439,33.14851],[-79.08223,33.17133],[-79.08163,33.20733],[-79.12022,33.24693],[-79.09331,33.30495],[-79.08758,33.36929],[-79.0345,33.45683],[-78.99303,33.48899],[-78.91054,33.58935],[-78.80855,33.68084],[-78.69585,33.75286],[-78.61055,33.7849],[-78.4993,33.81285],[-79.38985,34.57245],[-79.67649,34.80506],[-80.79748,34.8198],[-80.78192,34.93585],[-80.93474,35.10732],[-81.0415,35.04471],[-81.05767,35.06187],[-81.05708,35.08568],[-81.03285,35.10738],[-81.03801,35.12447],[-81.05207,35.13349],[-81.04633,35.14673],[-81.03426,35.14926],[-82.29108,35.20009]]]}},{"type":"Feature","properties":{"statefp":"46","stusps":"SD","name":"South Dakota"},"geometry":{"type":"Polygon","coordinates":[[[-104.04555,45.94531],[-104.03969,44.99807],[-104.05788,44.99761],[-104.05303,43.00059],[-98.49855,42.99856],[-98.46736,42.94756],[-98.44415,42.92924],[-98.42074,42.93192],[-98.34623,42.90275],[-98.32586,42.8865],[-98.25181,42.87282],[-98.18981,42.84164],[-98.14711,42.83963],[-98.0599,42.77266],[-98.03507,42.76411],[-97.93675,42.77568],[-97.88865,42.81718],[-97.87553,42.85866],[-97.84197,42.86817],[-97.77438,42.84974],[-97.68648,42.84221],[-97.61181,42.85837],[-97.55789,42.84753],[-97.50485,42.85848],[-97.44376,42.84602],[-97.40741,42.86839],[-97.37669,42.86519],[-97.35957,42.85482],[-97.30668,42.8676],[-97.28986,42.8555],[-97.23787,42.85314],[-97.21805,42.84511],[-97.21013,42.8093],[-97.15076,42.79557],[-97.13026,42.77154],[-97.06723,42.77232],[-96.97912,42.76009],[-96.96123,42.74062],[-96.96158,42.71984],[-96.93759,42.7196],[-96.9068,42.7338],[-96.80621,42.70415],[-96.80218,42.67224],[-96.79323,42.66602],[-96.72803,42.66688],[-96.69127,42.6562],[-96.68779,42.64599],[-96.70949,42.62193],[-96.70982,42.6051],[-96.68406,42.57646],[-96.64359,42.55761],[-96.62818,42.51696],[-96.61149,42.50609],[-96.59112,42.50541],[-96.54879,42.52055],[-96.52878,42.51327],[-96.50132,42.48275],[-96.47878,42.4797],[-96.44548,42.49063],[-96.47626,42.48997],[-96.47605,42.50778],[-96.49357,42.51563],[-96.47901,42.52639],[-96.47696,42.55597],[-96.49854,42.55812],[-96.4858,42.57502],[-96.49565,42.57954],[-96.49127,42.58681],[-96.50108,42.58931],[-96.50945,42.6127],[-96.52994,42.61047],[-96.51608,42.63027],[-96.53747,42.64595],[-96.54237,42.66093],[-96.559,42.65768],[-96.55577,42.66421],[-96.56696,42.67642],[-96.5784,42.67184],[-96.57518,42.68276],[-96.58619,42.68318],[-96.58984,42.69104],[-96.59964,42.68689],[-96.59361,42.68979],[-96.59964,42.69885],[-96.61209,42.69558],[-96.6056,42.70202],[-96.63015,42.70544],[-96.62441,42.72521],[-96.63419,42.72431],[-96.63052,42.73023],[-96.63948,42.73693],[-96.63059,42.73529],[-96.63561,42.74189],[-96.61926,42.75461],[-96.62724,42.75441],[-96.63638,42.76974],[-96.59521,42.7929],[-96.59968,42.79843],[-96.59046,42.8083],[-96.59595,42.81495],[-96.57765,42.82779],[-96.58147,42.83773],[-96.56838,42.83778],[-96.5636,42.82817],[-96.56094,42.83913],[-96.55032,42.83753],[-96.55608,42.84923],[-96.54145,42.85687],[-96.55045,42.86355],[-96.53767,42.87846],[-96.54349,42.88376],[-96.52529,42.89191],[-96.54293,42.90376],[-96.53647,42.90564],[-96.54128,42.92393],[-96.52531,42.93563],[-96.51684,42.93235],[-96.51987,42.93997],[-96.49896,42.9578],[-96.52084,42.98031],[-96.49198,43.0102],[-96.51203,43.02621],[-96.51105,43.03973],[-96.5213,43.03966],[-96.51252,43.04108],[-96.51052,43.04991],[-96.46074,43.06434],[-96.45408,43.08384],[-96.46232,43.09289],[-96.43647,43.12017],[-96.45043,43.14239],[-96.4685,43.15189],[-96.46486,43.18196],[-96.47401,43.18964],[-96.47665,43.22194],[-96.51975,43.21778],[-96.53592,43.22763],[-96.55933,43.22293],[-96.56918,43.2327],[-96.56567,43.2442],[-96.54919,43.24763],[-96.55369,43.2596],[-96.58534,43.26887],[-96.5776,43.27896],[-96.57914,43.29376],[-96.58927,43.29527],[-96.57371,43.29903],[-96.5522,43.29283],[-96.53015,43.3],[-96.52406,43.31138],[-96.53509,43.3365],[-96.52428,43.34742],[-96.53096,43.36843],[-96.52206,43.37219],[-96.52173,43.38686],[-96.52524,43.39607],[-96.54443,43.39619],[-96.57355,43.41897],[-96.57029,43.42855],[-96.59344,43.43323],[-96.60306,43.45079],[-96.58242,43.46671],[-96.58689,43.47787],[-96.58108,43.48146],[-96.59919,43.50046],[-96.45326,43.50039],[-96.4531,45.30075],[-96.48906,45.35707],[-96.52179,45.37564],[-96.61975,45.40888],[-96.68045,45.4105],[-96.69254,45.41734],[-96.73274,45.45874],[-96.76343,45.52001],[-96.85683,45.60538],[-96.83865,45.64751],[-96.66259,45.73868],[-96.62778,45.78624],[-96.58368,45.81931],[-96.56367,45.93525],[-104.04555,45.94531]]]}},{"type":"Feature","properties":{"statefp":"47","stusps":"TN","name":"Tennessee"},"geometry":{"type":"Polygon","coordinates":[[[-84.83003,36.60454],[-85.27687,36.62683],[-85.50151,36.61485],[-85.83243,36.6221],[-86.49343,36.65224],[-86.54382,36.64043],[-86.54994,36.64476],[-86.56391,36.63356],[-86.58991,36.65244],[-87.85332,36.63316],[-87.84954,36.66369],[-88.07054,36.67826],[-88.03265,36.5421],[-88.03907,36.51078],[-88.05329,36.49706],[-89.30102,36.50723],[-89.41822,36.49903],[-89.44896,36.46488],[-89.4719,36.45756],[-89.49308,36.4705],[-89.48543,36.49749],[-89.53923,36.49793],[-89.52064,36.47867],[-89.51972,36.467],[-89.54525,36.42708],[-89.51038,36.37836],[-89.51318,36.3599],[-89.53182,36.33925],[-89.60567,36.34223],[-89.62026,36.32301],[-89.61182,36.30909],[-89.57849,36.28832],[-89.53949,36.27737],[-89.53475,36.25257],[-89.60237,36.23811],[-89.64218,36.24949],[-89.69523,36.25277],[-89.70552,36.23898],[-89.61298,36.17598],[-89.59221,36.15012],[-89.6005,36.12051],[-89.6666,36.0958],[-89.67882,36.08464],[-89.68858,36.02924],[-89.70693,36.00098],[-89.73306,36.00081],[-89.72292,35.98906],[-89.7185,35.96312],[-89.64431,35.92094],[-89.64461,35.88742],[-89.6731,35.87537],[-89.71635,35.90706],[-89.74455,35.9107],[-89.76868,35.88882],[-89.7729,35.86563],[-89.69553,35.83567],[-89.69864,35.81871],[-89.72868,35.8026],[-89.76539,35.81121],[-89.78166,35.80523],[-89.79957,35.78833],[-89.79942,35.75811],[-89.82545,35.74519],[-89.84419,35.74309],[-89.85236,35.75543],[-89.86306,35.75713],[-89.89284,35.75059],[-89.90746,35.75929],[-89.95781,35.72737],[-89.95584,35.6904],[-89.92545,35.65821],[-89.89424,35.65161],[-89.86311,35.67052],[-89.85128,35.65761],[-89.85775,35.63368],[-89.8915,35.61593],[-89.91128,35.61759],[-89.93249,35.60801],[-89.95757,35.58853],[-89.9421,35.557],[-89.91068,35.54745],[-89.9134,35.5361],[-89.90414,35.53558],[-89.90464,35.51935],[-89.92437,35.5113],[-89.95875,35.52384],[-89.95809,35.54123],[-89.98967,35.56022],[-90.03128,35.5543],[-90.0491,35.52181],[-90.04833,35.50425],[-90.01253,35.46367],[-90.00267,35.42999],[-90.04809,35.41174],[-90.05678,35.40386],[-90.04156,35.39662],[-90.05432,35.38928],[-90.06953,35.40813],[-90.06202,35.41518],[-90.0741,35.43414],[-90.06827,35.46707],[-90.07901,35.47687],[-90.10755,35.47696],[-90.12002,35.4666],[-90.12944,35.44212],[-90.16888,35.42188],[-90.17934,35.38531],[-90.16528,35.37398],[-90.13568,35.3767],[-90.14614,35.39979],[-90.12934,35.41383],[-90.11311,35.4106],[-90.07975,35.38391],[-90.10997,35.30499],[-90.15733,35.30149],[-90.16892,35.27971],[-90.14886,35.25427],[-90.10841,35.25528],[-90.09109,35.245],[-90.07584,35.21309],[-90.0888,35.2122],[-90.0968,35.19478],[-90.1159,35.19874],[-90.11719,35.1883],[-90.10068,35.17058],[-90.06824,35.15567],[-90.06548,35.13875],[-90.09312,35.1176],[-90.1547,35.13092],[-90.17464,35.11568],[-90.18137,35.09401],[-90.17499,35.07636],[-90.17899,35.05952],[-90.20678,35.02601],[-90.29235,35.04136],[-90.31012,35.00071],[-90.14836,34.99471],[-88.20006,34.99563],[-88.20296,35.00803],[-85.46671,34.98297],[-84.32182,34.98841],[-84.29021,35.22543],[-84.22412,35.26899],[-84.21139,35.26562],[-84.19952,35.24385],[-84.18351,35.24],[-84.14776,35.24686],[-84.12711,35.24077],[-84.11993,35.25205],[-84.0975,35.2476],[-84.05254,35.27019],[-84.02142,35.3014],[-84.03588,35.31321],[-84.02926,35.3331],[-84.03888,35.34821],[-84.00739,35.37165],[-84.00822,35.39057],[-84.02343,35.41158],[-84.00128,35.42339],[-83.992,35.44052],[-83.97266,35.4473],[-83.96108,35.46414],[-83.94965,35.46094],[-83.93672,35.47155],[-83.91187,35.47607],[-83.88022,35.51884],[-83.82047,35.52565],[-83.77189,35.56139],[-83.75499,35.56462],[-83.64013,35.56616],[-83.60834,35.58002],[-83.58437,35.5627],[-83.49854,35.56289],[-83.44568,35.61175],[-83.42204,35.61105],[-83.39615,35.62287],[-83.38873,35.63362],[-83.3678,35.63784],[-83.35082,35.66054],[-83.33466,35.66566],[-83.31208,35.65461],[-83.29824,35.65725],[-83.29031,35.6735],[-83.25432,35.69544],[-83.25151,35.71975],[-83.24083,35.72686],[-83.18591,35.7301],[-83.15959,35.76465],[-83.12061,35.76643],[-83.07434,35.79015],[-82.99211,35.77392],[-82.96175,35.79096],[-82.94585,35.82438],[-82.91634,35.84166],[-82.92083,35.86818],[-82.89623,35.87915],[-82.90682,35.88391],[-82.90104,35.89279],[-82.91984,35.92889],[-82.90182,35.92696],[-82.89818,35.94523],[-82.87429,35.95283],[-82.84604,35.94617],[-82.82195,35.92183],[-82.80509,35.92714],[-82.80617,35.93776],[-82.77509,35.97183],[-82.78569,35.97784],[-82.77576,36.00105],[-82.75022,36.00598],[-82.63723,36.06582],[-82.59079,36.03364],[-82.61493,36.00205],[-82.60441,35.98746],[-82.6107,35.9672],[-82.58046,35.96525],[-82.55799,35.95387],[-82.46058,36.00772],[-82.4098,36.08302],[-82.35276,36.11645],[-82.33614,36.11467],[-82.28982,36.1356],[-82.26678,36.127],[-82.25433,36.13606],[-82.2451,36.13125],[-82.21321,36.15906],[-82.17722,36.14237],[-82.14858,36.14986],[-82.1292,36.1041],[-82.08108,36.10317],[-82.06187,36.11306],[-82.05414,36.12666],[-82.03384,36.12047],[-81.90817,36.30197],[-81.87952,36.31379],[-81.85499,36.33721],[-81.79309,36.36241],[-81.78973,36.34833],[-81.76495,36.33872],[-81.73603,36.34297],[-81.70748,36.33523],[-81.70611,36.34372],[-81.72152,36.3513],[-81.73466,36.37944],[-81.72881,36.39155],[-81.73937,36.39559],[-81.7417,36.41242],[-81.72073,36.42265],[-81.7168,36.45667],[-81.69503,36.46746],[-81.69709,36.50592],[-81.70802,36.53583],[-81.69022,36.55169],[-81.69129,36.56772],[-81.67705,36.57075],[-81.68001,36.58582],[-81.6469,36.61192],[-81.92264,36.61621],[-81.93414,36.59421],[-83.24893,36.59383],[-83.67501,36.60081],[-83.69079,36.5826],[-84.83003,36.60454]]]}},{"type":"Feature","properties":{"statefp":"48","stusps":"TX","name":"Texas"},"geometry":{"type":"Polygon","coordinates":[[[-98.44009,34.08431],[-98.44903,34.07346],[-98.487,34.06288],[-98.56098,34.12392],[-98.55088,34.13258],[-98.59979,34.16057],[-98.61673,34.15642],[-98.64807,34.16444],[-98.69007,34.13316],[-98.73429,34.13576],[-98.74197,34.12553],[-98.75704,34.12463],[-98.76557,34.13638],[-98.7884,34.14667],[-98.7962,34.14278],[-98.81295,34.15844],[-98.85559,34.16162],[-98.86012,34.14991],[-98.86812,34.14964],[-98.87292,34.16658],[-98.91833,34.18183],[-98.95128,34.21219],[-98.97261,34.20259],[-98.98817,34.22131],[-99.01296,34.20319],[-99.03615,34.2069],[-99.04446,34.19811],[-99.07939,34.21155],[-99.12664,34.20306],[-99.13044,34.21948],[-99.15365,34.20733],[-99.18831,34.2139],[-99.19691,34.24438],[-99.19157,34.25848],[-99.19925,34.26079],[-99.1954,34.28085],[-99.21145,34.29225],[-99.20691,34.33828],[-99.23263,34.33887],[-99.22798,34.34946],[-99.23649,34.36581],[-99.24639,34.3644],[-99.24286,34.37268],[-99.25861,34.37265],[-99.27442,34.38435],[-99.25892,34.39126],[-99.26127,34.40351],[-99.28005,34.40066],[-99.29463,34.41538],[-99.3196,34.40888],[-99.3569,34.44208],[-99.35897,34.45581],[-99.37827,34.45816],[-99.39519,34.44203],[-99.39716,34.41861],[-99.38718,34.41084],[-99.39736,34.37787],[-99.40529,34.37286],[-99.4249,34.38582],[-99.43104,34.37112],[-99.43827,34.37116],[-99.45379,34.38866],[-99.46105,34.38067],[-99.46638,34.3959],[-99.48722,34.39796],[-99.51428,34.41403],[-99.5697,34.41842],[-99.58006,34.41665],[-99.58544,34.38891],[-99.60003,34.37469],[-99.6242,34.37358],[-99.64651,34.38254],[-99.66271,34.37368],[-99.69453,34.37822],[-99.72026,34.4063],[-99.75425,34.42129],[-99.76723,34.4305],[-99.7656,34.43749],[-99.79368,34.45389],[-99.81431,34.4762],[-99.82184,34.49785],[-99.85305,34.51158],[-99.87696,34.5401],[-99.92321,34.57455],[-99.95382,34.57853],[-99.97161,34.56217],[-100.00028,34.56045],[-100.00041,36.4997],[-103.04171,36.50044],[-103.04365,34.00364],[-103.06463,32.9999],[-103.06451,32.00042],[-106.61849,32.0005],[-106.63954,31.98034],[-106.61957,31.97158],[-106.62512,31.95453],[-106.61432,31.95162],[-106.62974,31.92657],[-106.61286,31.92037],[-106.64558,31.89533],[-106.62919,31.8837],[-106.63592,31.86623],[-106.61479,31.84641],[-106.6017,31.84437],[-106.60281,31.82502],[-106.57724,31.81041],[-106.54714,31.8073],[-106.51006,31.76126],[-106.49055,31.74892],[-106.45143,31.76443],[-106.38032,31.73138],[-106.37237,31.71257],[-106.34956,31.69671],[-106.30343,31.62219],[-106.28079,31.5621],[-106.24657,31.54166],[-106.20763,31.4671],[-106.17562,31.45521],[-106.13229,31.42508],[-106.10862,31.42237],[-106.08167,31.39922],[-106.00492,31.39246],[-105.97005,31.36598],[-105.95379,31.36475],[-105.93789,31.31822],[-105.90739,31.31221],[-105.89415,31.29075],[-105.86929,31.28896],[-105.79429,31.20229],[-105.7828,31.19746],[-105.77299,31.1667],[-105.74193,31.1646],[-105.71053,31.13697],[-105.64884,31.11588],[-105.64183,31.09833],[-105.6271,31.0984],[-105.60447,31.08374],[-105.58499,31.05696],[-105.58125,31.02665],[-105.55723,30.98967],[-105.53268,30.9847],[-105.51572,30.96486],[-105.50197,30.96774],[-105.49165,30.94241],[-105.47079,30.93371],[-105.46677,30.92428],[-105.4516,30.92483],[-105.45315,30.91621],[-105.44638,30.91935],[-105.44116,30.90845],[-105.4138,30.89957],[-105.41209,30.88856],[-105.40018,30.88938],[-105.4043,30.87968],[-105.3913,30.87385],[-105.39984,30.85208],[-105.36159,30.85055],[-105.35196,30.83554],[-105.33929,30.84048],[-105.3293,30.82497],[-105.31818,30.82782],[-105.31687,30.81091],[-105.30936,30.81704],[-105.30615,30.80984],[-105.30014,30.82477],[-105.29179,30.82619],[-105.25716,30.79435],[-105.21502,30.80589],[-105.2096,30.79763],[-105.22005,30.7889],[-105.21674,30.78338],[-105.19519,30.7923],[-105.1766,30.76797],[-105.16708,30.77659],[-105.15619,30.76977],[-105.16139,30.75213],[-105.1183,30.74973],[-105.10555,30.72381],[-105.08761,30.71549],[-105.08094,30.69985],[-105.06255,30.6985],[-105.06176,30.68585],[-105.04568,30.67992],[-105.04716,30.68807],[-105.04082,30.68894],[-105.02733,30.67888],[-105.00658,30.68606],[-105.00154,30.6727],[-104.98611,30.66277],[-104.9839,30.63502],[-104.97166,30.61001],[-104.93098,30.59907],[-104.92268,30.60369],[-104.91993,30.58728],[-104.90955,30.58514],[-104.89795,30.55455],[-104.8877,30.54673],[-104.88927,30.53538],[-104.88056,30.52893],[-104.8857,30.51827],[-104.87195,30.51109],[-104.87392,30.49526],[-104.86663,30.4945],[-104.86805,30.44141],[-104.85833,30.43764],[-104.86131,30.42612],[-104.84783,30.41978],[-104.8593,30.39025],[-104.83744,30.37385],[-104.81642,30.37519],[-104.81967,30.36872],[-104.81099,30.36247],[-104.82258,30.35062],[-104.81,30.34151],[-104.81158,30.33281],[-104.7914,30.32552],[-104.77681,30.3103],[-104.77932,30.30327],[-104.76669,30.306],[-104.75814,30.28641],[-104.76318,30.27484],[-104.74859,30.27441],[-104.74786,30.27316],[-104.74958,30.26697],[-104.75159,30.26442],[-104.75071,30.26223],[-104.73664,30.2559],[-104.73372,30.2614],[-104.70625,30.23481],[-104.71127,30.22308],[-104.68633,30.17328],[-104.68531,30.14473],[-104.69671,30.13446],[-104.69508,30.11781],[-104.68547,30.11003],[-104.6944,30.10198],[-104.68895,30.09526],[-104.68507,30.09985],[-104.68497,30.0853],[-104.70726,30.04987],[-104.69567,30.03766],[-104.70382,30.02342],[-104.68955,30.0151],[-104.6941,30.00252],[-104.68753,29.99567],[-104.69318,29.99353],[-104.68574,29.98714],[-104.69313,29.97553],[-104.68015,29.977],[-104.68525,29.95673],[-104.67318,29.95497],[-104.68327,29.92911],[-104.66559,29.90171],[-104.65509,29.9054],[-104.65826,29.8908],[-104.65166,29.89238],[-104.63342,29.87076],[-104.62927,29.8522],[-104.62158,29.84956],[-104.62475,29.84278],[-104.61537,29.84657],[-104.60944,29.83975],[-104.61964,29.83022],[-104.60849,29.82795],[-104.61008,29.81936],[-104.59493,29.80533],[-104.59135,29.80981],[-104.58601,29.80204],[-104.59091,29.79811],[-104.56593,29.77147],[-104.56994,29.7526],[-104.54985,29.74089],[-104.56043,29.73519],[-104.54933,29.73057],[-104.55229,29.71734],[-104.54488,29.7161],[-104.54383,29.6963],[-104.53021,29.69046],[-104.5441,29.68069],[-104.53557,29.66655],[-104.5254,29.66784],[-104.50846,29.6327],[-104.498,29.63969],[-104.47599,29.62798],[-104.4734,29.61789],[-104.4654,29.61821],[-104.46655,29.60922],[-104.39892,29.5719],[-104.38156,29.54337],[-104.37042,29.54314],[-104.3382,29.52018],[-104.32149,29.52186],[-104.31548,29.53275],[-104.31148,29.5232],[-104.26217,29.5135],[-104.23713,29.49756],[-104.2307,29.47867],[-104.21004,29.48224],[-104.2177,29.45656],[-104.18107,29.42646],[-104.18389,29.4172],[-104.16477,29.40152],[-104.16744,29.39474],[-104.14334,29.38827],[-104.14116,29.37782],[-104.13492,29.38422],[-104.12294,29.38031],[-104.12132,29.37142],[-104.10658,29.37331],[-104.08226,29.34606],[-104.0561,29.33773],[-104.0375,29.31971],[-103.97581,29.29625],[-103.92572,29.29437],[-103.91889,29.28484],[-103.89929,29.28741],[-103.88939,29.27882],[-103.88012,29.28515],[-103.85431,29.28147],[-103.82621,29.2692],[-103.81352,29.27403],[-103.79936,29.25844],[-103.78363,29.26532],[-103.77507,29.24795],[-103.78168,29.24128],[-103.77715,29.22051],[-103.75855,29.23294],[-103.75736,29.22067],[-103.74225,29.22169],[-103.74255,29.20901],[-103.71856,29.18083],[-103.70516,29.18497],[-103.69816,29.17747],[-103.65962,29.17057],[-103.65059,29.15648],[-103.61223,29.16537],[-103.59224,29.15007],[-103.55369,29.158],[-103.55021,29.14364],[-103.53981,29.14622],[-103.52483,29.13712],[-103.52385,29.12125],[-103.50038,29.1162],[-103.46994,29.08532],[-103.47135,29.06673],[-103.44993,29.07271],[-103.42889,29.04945],[-103.4321,29.04336],[-103.40508,29.03958],[-103.40105,29.03106],[-103.38864,29.03397],[-103.3865,29.02165],[-103.3596,29.01864],[-103.34433,29.04595],[-103.33061,29.04322],[-103.32725,29.03272],[-103.34201,29.02844],[-103.33875,29.02028],[-103.32636,29.01631],[-103.30766,29.02454],[-103.31616,29.01069],[-103.28694,29.00127],[-103.28155,28.9877],[-103.28699,28.97817],[-103.27934,28.977],[-103.26733,28.99607],[-103.25042,28.98043],[-103.22789,28.99186],[-103.21985,28.98332],[-103.17032,28.98042],[-103.16393,28.9722],[-103.11681,28.98442],[-103.11719,29.00048],[-103.09799,29.02626],[-103.10651,29.03818],[-103.10063,29.06032],[-103.09239,29.0647],[-103.0859,29.05374],[-103.07582,29.09154],[-103.03388,29.10097],[-103.03701,29.1129],[-103.01209,29.12619],[-103.01565,29.13399],[-102.99627,29.16022],[-102.99562,29.17929],[-102.97553,29.1863],[-102.95089,29.17362],[-102.94338,29.19141],[-102.91782,29.19089],[-102.91232,29.21942],[-102.8951,29.20852],[-102.86747,29.22388],[-102.87175,29.24178],[-102.90638,29.26008],[-102.89929,29.26909],[-102.90298,29.27923],[-102.88818,29.29336],[-102.89304,29.30891],[-102.87987,29.33915],[-102.88437,29.34795],[-102.8775,29.35489],[-102.86213,29.35134],[-102.83938,29.35892],[-102.84502,29.37444],[-102.83402,29.37906],[-102.82561,29.39695],[-102.81238,29.40052],[-102.83344,29.4105],[-102.82693,29.4177],[-102.83105,29.44425],[-102.81953,29.45072],[-102.82564,29.45794],[-102.81425,29.4824],[-102.80067,29.48624],[-102.80832,29.52293],[-102.79201,29.533],[-102.79145,29.54282],[-102.77123,29.5484],[-102.77777,29.56098],[-102.76226,29.57975],[-102.7683,29.59521],[-102.74054,29.5975],[-102.74195,29.63319],[-102.69364,29.67668],[-102.69967,29.68629],[-102.68904,29.70504],[-102.69137,29.72137],[-102.674,29.74457],[-102.66025,29.73563],[-102.63041,29.73418],[-102.61243,29.74827],[-102.5738,29.7549],[-102.56766,29.77146],[-102.54798,29.74464],[-102.5135,29.76544],[-102.51762,29.78358],[-102.48725,29.78658],[-102.48067,29.77607],[-102.46545,29.78339],[-102.45769,29.77458],[-102.43367,29.77685],[-102.38723,29.76139],[-102.39004,29.78192],[-102.3772,29.78989],[-102.36456,29.84533],[-102.34092,29.86937],[-102.32346,29.86392],[-102.31594,29.87999],[-102.28089,29.86282],[-102.26484,29.8675],[-102.26149,29.85324],[-102.25318,29.85307],[-102.24646,29.86413],[-102.24489,29.84895],[-102.22353,29.84053],[-102.20994,29.84436],[-102.19609,29.83658],[-102.18703,29.84866],[-102.17851,29.83945],[-102.17996,29.82637],[-102.16644,29.82539],[-102.14357,29.80332],[-102.11975,29.80248],[-102.11571,29.7923],[-102.08438,29.79506],[-102.07319,29.78652],[-102.04965,29.78528],[-102.03863,29.79162],[-102.03582,29.80406],[-102.01523,29.79749],[-101.99702,29.80611],[-101.98731,29.79684],[-101.97626,29.81604],[-101.95752,29.79577],[-101.93561,29.79956],[-101.92932,29.78258],[-101.9116,29.79804],[-101.87577,29.7938],[-101.85272,29.80779],[-101.82366,29.7874],[-101.81869,29.7915],[-101.82561,29.80705],[-101.81778,29.81163],[-101.80361,29.80345],[-101.81398,29.79233],[-101.80511,29.78035],[-101.78853,29.77927],[-101.7849,29.78865],[-101.77383,29.78868],[-101.73335,29.77118],[-101.71973,29.77574],[-101.70887,29.76164],[-101.68963,29.77104],[-101.6778,29.76029],[-101.66172,29.77086],[-101.64457,29.75423],[-101.6269,29.77076],[-101.57581,29.76932],[-101.56775,29.79873],[-101.54477,29.81187],[-101.53501,29.79768],[-101.536,29.75895],[-101.50322,29.76458],[-101.46091,29.78966],[-101.45281,29.78379],[-101.44888,29.7507],[-101.40232,29.77119],[-101.39898,29.76217],[-101.41558,29.74653],[-101.39701,29.73396],[-101.39695,29.71395],[-101.37277,29.69943],[-101.36131,29.65006],[-101.34602,29.66224],[-101.31413,29.65905],[-101.30252,29.65042],[-101.31337,29.60226],[-101.30553,29.57793],[-101.29096,29.57154],[-101.27788,29.59081],[-101.28049,29.61518],[-101.2691,29.63013],[-101.25038,29.62417],[-101.2523,29.60417],[-101.24103,29.56503],[-101.26118,29.53678],[-101.2549,29.52034],[-101.23527,29.52485],[-101.17382,29.51457],[-101.1468,29.47419],[-101.13004,29.47842],[-101.11525,29.46846],[-101.08715,29.46941],[-101.06015,29.45866],[-101.05696,29.44077],[-101.04336,29.42988],[-101.0366,29.40611],[-101.01926,29.39091],[-101.00998,29.36827],[-100.94897,29.34725],[-100.94062,29.33311],[-100.88684,29.30785],[-100.87605,29.27959],[-100.83404,29.2614],[-100.81396,29.26314],[-100.81628,29.25386],[-100.79762,29.24678],[-100.79568,29.22773],[-100.78552,29.22814],[-100.77625,29.20093],[-100.76706,29.19529],[-100.7726,29.16837],[-100.73968,29.15049],[-100.72746,29.12912],[-100.6752,29.10074],[-100.64604,28.98798],[-100.65151,28.94343],[-100.62971,28.92115],[-100.64057,28.91421],[-100.63161,28.90284],[-100.62244,28.90977],[-100.60109,28.90129],[-100.60301,28.88723],[-100.5895,28.88636],[-100.59888,28.87559],[-100.57288,28.84821],[-100.57473,28.82879],[-100.54732,28.82582],[-100.5452,28.81208],[-100.53544,28.8052],[-100.53341,28.75921],[-100.51923,28.75616],[-100.50761,28.7406],[-100.512,28.70535],[-100.50035,28.66196],[-100.46287,28.64136],[-100.44709,28.6422],[-100.44732,28.60932],[-100.39846,28.58517],[-100.41127,28.55071],[-100.38826,28.51486],[-100.33381,28.49925],[-100.34418,28.48625],[-100.36829,28.4772],[-100.3378,28.44296],[-100.33706,28.42715],[-100.34959,28.4026],[-100.3444,28.38966],[-100.28648,28.31229],[-100.2914,28.2754],[-100.25164,28.23618],[-100.22029,28.23221],[-100.20806,28.19038],[-100.08433,28.14482],[-100.05649,28.10419],[-100.05312,28.08473],[-100.01791,28.06479],[-100.00863,28.02396],[-99.99145,27.99456],[-99.93181,27.98097],[-99.93714,27.94054],[-99.89346,27.89921],[-99.90439,27.87528],[-99.8772,27.84218],[-99.87676,27.79784],[-99.85088,27.79397],[-99.83879,27.76418],[-99.81312,27.774],[-99.79634,27.73559],[-99.77074,27.73213],[-99.71151,27.65836],[-99.69936,27.65542],[-99.69016,27.66886],[-99.68581,27.66101],[-99.66894,27.65997],[-99.65829,27.65016],[-99.66611,27.63609],[-99.63893,27.62676],[-99.62511,27.63138],[-99.62431,27.644],[-99.61607,27.63768],[-99.59623,27.63986],[-99.57764,27.6186],[-99.58484,27.6039],[-99.55495,27.61446],[-99.53972,27.60328],[-99.52971,27.57976],[-99.51213,27.56829],[-99.52839,27.49855],[-99.49683,27.50011],[-99.47925,27.47864],[-99.4951,27.45152],[-99.48752,27.41157],[-99.49214,27.38052],[-99.50778,27.35425],[-99.50458,27.33874],[-99.53803,27.31696],[-99.52847,27.30542],[-99.49202,27.30067],[-99.48759,27.2896],[-99.49669,27.27244],[-99.48906,27.26148],[-99.46148,27.26817],[-99.44155,27.24992],[-99.44524,27.22334],[-99.43259,27.2097],[-99.42635,27.17626],[-99.43997,27.15107],[-99.43058,27.12661],[-99.44213,27.10686],[-99.42921,27.09098],[-99.45232,27.06267],[-99.44566,27.02176],[-99.43215,27.0107],[-99.41548,27.01724],[-99.40369,26.99736],[-99.37843,26.98003],[-99.39295,26.9638],[-99.38825,26.94422],[-99.37337,26.93126],[-99.32468,26.91597],[-99.32862,26.87859],[-99.31675,26.86583],[-99.28047,26.85805],[-99.26861,26.84321],[-99.26221,26.81567],[-99.24244,26.78826],[-99.24002,26.74585],[-99.20891,26.72476],[-99.20052,26.65644],[-99.17806,26.62055],[-99.16741,26.56],[-99.17123,26.54197],[-99.12778,26.5252],[-99.10485,26.50038],[-99.09198,26.47238],[-99.11355,26.43253],[-99.08513,26.39878],[-99.06211,26.39738],[-99.03706,26.4136],[-99.02193,26.4079],[-99.01064,26.39213],[-98.98909,26.39167],[-98.97416,26.40115],[-98.9545,26.39437],[-98.95602,26.37726],[-98.94215,26.36969],[-98.92588,26.39436],[-98.91738,26.37447],[-98.90168,26.37123],[-98.89673,26.35333],[-98.86191,26.36599],[-98.84412,26.35873],[-98.82457,26.37083],[-98.80735,26.36942],[-98.78896,26.33043],[-98.77132,26.32508],[-98.75113,26.33158],[-98.73616,26.3092],[-98.74042,26.30278],[-98.75422,26.30793],[-98.75097,26.29632],[-98.72777,26.29877],[-98.71617,26.2862],[-98.7018,26.28616],[-98.70116,26.27802],[-98.71941,26.2723],[-98.68109,26.2628],[-98.67116,26.23737],[-98.63418,26.24261],[-98.62347,26.25967],[-98.61649,26.24676],[-98.58755,26.25782],[-98.57952,26.25224],[-98.58498,26.2443],[-98.57985,26.23478],[-98.56739,26.24162],[-98.56296,26.22491],[-98.54592,26.2371],[-98.55905,26.24498],[-98.55458,26.24738],[-98.54448,26.24375],[-98.53524,26.22568],[-98.52181,26.23564],[-98.52428,26.22124],[-98.51485,26.22722],[-98.50203,26.22334],[-98.50677,26.2094],[-98.48699,26.21292],[-98.48161,26.20128],[-98.48158,26.21938],[-98.46122,26.22612],[-98.45446,26.21706],[-98.44522,26.22457],[-98.43882,26.21422],[-98.44407,26.20089],[-98.40443,26.18256],[-98.38669,26.15787],[-98.36724,26.15768],[-98.36065,26.17254],[-98.35234,26.15112],[-98.34632,26.16554],[-98.33562,26.16592],[-98.33824,26.14994],[-98.32692,26.14277],[-98.3352,26.13762],[-98.30597,26.10368],[-98.29802,26.1033],[-98.30298,26.11005],[-98.29619,26.12032],[-98.26626,26.12072],[-98.27048,26.10661],[-98.28825,26.10471],[-98.24874,26.07204],[-98.22067,26.07647],[-98.19398,26.05332],[-98.18784,26.06401],[-98.17694,26.06066],[-98.17714,26.07512],[-98.16883,26.06299],[-98.15884,26.06331],[-98.16188,26.05454],[-98.15166,26.05821],[-98.14651,26.0493],[-98.13183,26.07417],[-98.12927,26.06269],[-98.1055,26.06754],[-98.09443,26.05862],[-98.08188,26.06372],[-98.0819,26.07114],[-98.07003,26.05147],[-98.08,26.04196],[-98.07459,26.03634],[-98.06117,26.04624],[-98.03924,26.04127],[-98.0278,26.06685],[-98.02074,26.05874],[-98.01193,26.06586],[-98.01198,26.05629],[-97.98134,26.06723],[-97.96734,26.05178],[-97.95118,26.06196],[-97.93425,26.05283],[-97.93392,26.06483],[-97.92719,26.05532],[-97.88704,26.06655],[-97.86906,26.05695],[-97.86178,26.06995],[-97.8605,26.05292],[-97.83939,26.0532],[-97.83346,26.04586],[-97.81805,26.0564],[-97.81339,26.0442],[-97.80132,26.06016],[-97.78903,26.04974],[-97.79765,26.04269],[-97.79296,26.03454],[-97.77682,26.02945],[-97.76933,26.03607],[-97.77683,26.04397],[-97.76807,26.04732],[-97.76342,26.02682],[-97.7424,26.02981],[-97.7371,26.02149],[-97.72528,26.02488],[-97.7349,26.03202],[-97.71976,26.03104],[-97.72111,26.02332],[-97.70966,26.02619],[-97.7073,26.03776],[-97.69137,26.01899],[-97.69333,26.03234],[-97.67576,26.02582],[-97.6625,26.038],[-97.66813,26.01943],[-97.65144,26.01598],[-97.64768,26.02625],[-97.64058,26.02452],[-97.63761,26.01416],[-97.64938,26.01086],[-97.63507,25.99989],[-97.62695,26.00597],[-97.6277,25.99683],[-97.61828,26.00209],[-97.62031,25.99236],[-97.63114,25.99633],[-97.63444,25.99027],[-97.60796,25.97664],[-97.61057,25.9663],[-97.60259,25.95773],[-97.58237,25.96247],[-97.57824,25.94205],[-97.57441,25.95381],[-97.56796,25.95235],[-97.56632,25.94507],[-97.58293,25.93301],[-97.56712,25.93379],[-97.56154,25.92566],[-97.55248,25.93704],[-97.54354,25.92332],[-97.53723,25.93053],[-97.54296,25.92003],[-97.53018,25.91985],[-97.53348,25.90838],[-97.52175,25.88646],[-97.4982,25.89904],[-97.49669,25.87968],[-97.46934,25.88879],[-97.47012,25.87541],[-97.4556,25.88395],[-97.45669,25.86834],[-97.44465,25.86744],[-97.45399,25.85409],[-97.44493,25.85612],[-97.44336,25.84818],[-97.41287,25.84095],[-97.40932,25.8622],[-97.40825,25.84563],[-97.39874,25.85049],[-97.40617,25.83791],[-97.37319,25.83996],[-97.3641,25.85111],[-97.37617,25.85598],[-97.35669,25.86735],[-97.3595,25.87968],[-97.37404,25.87976],[-97.35661,25.88799],[-97.36629,25.89082],[-97.36598,25.90245],[-97.37508,25.90754],[-97.34827,25.93114],[-97.326,25.91769],[-97.32057,25.9298],[-97.3069,25.92701],[-97.30254,25.93723],[-97.2767,25.93534],[-97.27853,25.94747],[-97.28964,25.95403],[-97.28445,25.95916],[-97.24803,25.9481],[-97.20902,25.96372],[-97.18959,25.95379],[-97.17558,25.96557],[-97.15882,25.96222],[-97.15661,25.94902],[-97.14728,25.95399],[-97.14665,25.97097],[-97.09112,25.97384],[-97.09786,26.03862],[-97.08999,26.07534],[-97.1083,26.10451],[-97.12525,26.24828],[-97.21406,26.57677],[-97.25171,26.66187],[-97.30042,26.83461],[-97.32322,27.01026],[-97.31982,27.11002],[-97.30936,27.19611],[-97.28834,27.27758],[-97.25026,27.39231],[-97.19982,27.50032],[-97.12526,27.6406],[-97.05022,27.75031],[-97.02186,27.78336],[-96.98428,27.80378],[-96.9595,27.8753],[-96.8442,28.0003],[-96.74625,28.07962],[-96.64075,28.15539],[-96.531,28.22116],[-96.37525,28.29076],[-96.32076,28.36287],[-96.28231,28.375],[-96.25819,28.40787],[-96.23546,28.42147],[-96.07833,28.5],[-95.77784,28.62527],[-95.42007,28.80562],[-95.37799,28.81028],[-95.32985,28.8287],[-95.30812,28.85883],[-95.22723,28.91038],[-95.10653,29.01494],[-95.0938,29.03333],[-95.0864,29.06824],[-95.0002,29.10445],[-94.77269,29.23172],[-94.71331,29.28252],[-94.6803,29.2776],[-94.65036,29.29189],[-94.62903,29.32164],[-94.6239,29.34314],[-94.63605,29.37064],[-94.65031,29.38282],[-94.62519,29.39766],[-94.41925,29.48345],[-94.03356,29.625],[-93.87501,29.62143],[-93.84859,29.60026],[-93.81435,29.59658],[-93.83741,29.68989],[-93.87002,29.73548],[-93.89164,29.74462],[-93.89386,29.76729],[-93.9265,29.78956],[-93.92799,29.80964],[-93.83837,29.88285],[-93.7886,29.98884],[-93.74108,30.02157],[-93.71788,30.06555],[-93.71107,30.05439],[-93.69952,30.05858],[-93.73408,30.08613],[-93.72401,30.08263],[-93.72377,30.09413],[-93.70244,30.11272],[-93.70795,30.12002],[-93.70087,30.12311],[-93.70121,30.13746],[-93.6882,30.14136],[-93.69774,30.15295],[-93.70951,30.14667],[-93.69995,30.17553],[-93.71068,30.17986],[-93.71255,30.19246],[-93.70549,30.19292],[-93.71752,30.19308],[-93.71419,30.20866],[-93.72126,30.20961],[-93.7111,30.23525],[-93.70449,30.23379],[-93.70945,30.23851],[-93.7031,30.23846],[-93.71042,30.27317],[-93.70458,30.28995],[-93.74242,30.30114],[-93.7562,30.326],[-93.75168,30.32935],[-93.76583,30.33274],[-93.75866,30.33902],[-93.76565,30.34341],[-93.75953,30.34232],[-93.76078,30.35985],[-93.75098,30.3599],[-93.75922,30.36802],[-93.75767,30.39044],[-93.72275,30.41956],[-93.72611,30.43072],[-93.71805,30.42258],[-93.71275,30.43317],[-93.70233,30.42984],[-93.69758,30.44223],[-93.70746,30.44505],[-93.70634,30.45814],[-93.69904,30.45881],[-93.71742,30.48382],[-93.70976,30.48265],[-93.71707,30.49445],[-93.70867,30.49912],[-93.71515,30.50127],[-93.70681,30.50707],[-93.70768,30.52134],[-93.71647,30.51923],[-93.74025,30.53957],[-93.72876,30.5453],[-93.72784,30.57407],[-93.71507,30.57902],[-93.71378,30.58758],[-93.69287,30.59438],[-93.68657,30.58572],[-93.67895,30.59364],[-93.68913,30.61141],[-93.68198,30.61858],[-93.68297,30.64125],[-93.65497,30.67019],[-93.62989,30.67994],[-93.61723,30.71858],[-93.60539,30.71716],[-93.61772,30.7289],[-93.60913,30.73004],[-93.61903,30.74034],[-93.60841,30.74666],[-93.61435,30.76019],[-93.5921,30.76367],[-93.59271,30.7751],[-93.58316,30.7786],[-93.58938,30.78668],[-93.58192,30.78898],[-93.58378,30.80178],[-93.56298,30.80601],[-93.56416,30.81754],[-93.55443,30.82352],[-93.55363,30.83514],[-93.56872,30.84418],[-93.55731,30.85208],[-93.55862,30.86942],[-93.57408,30.88453],[-93.56632,30.89484],[-93.5492,30.89744],[-93.55856,30.91324],[-93.54572,30.9271],[-93.54342,30.92015],[-93.53201,30.92375],[-93.52601,30.93754],[-93.53176,30.95822],[-93.57354,30.97121],[-93.5643,30.9897],[-93.57821,30.99999],[-93.56656,31.01306],[-93.55593,31.00374],[-93.53918,31.00821],[-93.53246,31.01972],[-93.50804,31.03153],[-93.52338,31.03772],[-93.5189,31.04374],[-93.53163,31.05363],[-93.51891,31.06186],[-93.52765,31.07451],[-93.55221,31.07893],[-93.54926,31.09041],[-93.55581,31.08696],[-93.56375,31.09452],[-93.55372,31.09387],[-93.55463,31.09519],[-93.55832,31.09648],[-93.55818,31.09798],[-93.53937,31.11521],[-93.5487,31.15584],[-93.53648,31.15847],[-93.54306,31.17066],[-93.53281,31.17426],[-93.53254,31.18331],[-93.54998,31.18663],[-93.58912,31.16589],[-93.60031,31.17616],[-93.60724,31.20481],[-93.59627,31.22951],[-93.61811,31.23269],[-93.62176,31.24913],[-93.61394,31.25937],[-93.62034,31.27103],[-93.64252,31.26951],[-93.64865,31.28423],[-93.65869,31.28162],[-93.66893,31.29798],[-93.68728,31.30607],[-93.67355,31.32454],[-93.66844,31.35301],[-93.64587,31.35901],[-93.63922,31.37202],[-93.671,31.36622],[-93.67412,31.39768],[-93.70488,31.41088],[-93.69253,31.4382],[-93.70951,31.44203],[-93.70393,31.45549],[-93.72193,31.45345],[-93.74948,31.46869],[-93.74554,31.4804],[-93.75239,31.48274],[-93.7226,31.49277],[-93.71105,31.51216],[-93.74269,31.51569],[-93.74744,31.53068],[-93.76006,31.52393],[-93.78769,31.52734],[-93.81858,31.55483],[-93.81843,31.57094],[-93.83492,31.58621],[-93.83806,31.6068],[-93.82785,31.61655],[-93.81872,31.61456],[-93.82717,31.62028],[-93.81715,31.62187],[-93.81804,31.64789],[-93.81152,31.64744],[-93.82646,31.66692],[-93.82205,31.67397],[-93.81243,31.67025],[-93.81628,31.67536],[-93.79446,31.70332],[-93.81669,31.70792],[-93.81493,31.72869],[-93.83688,31.75017],[-93.82344,31.7751],[-93.83769,31.78082],[-93.83934,31.80033],[-93.87325,31.81489],[-93.87282,31.8363],[-93.8894,31.8559],[-93.88168,31.86858],[-93.90168,31.87457],[-93.90062,31.89679],[-93.92097,31.88588],[-93.92553,31.89462],[-93.93119,31.89149],[-93.92159,31.90442],[-93.92865,31.91265],[-93.95355,31.91056],[-93.95977,31.92323],[-93.97171,31.92039],[-94.01851,31.99243],[-94.04224,31.99361],[-94.04331,33.55158],[-94.07342,33.55492],[-94.05562,33.56158],[-94.07262,33.58443],[-94.07261,33.57225],[-94.12067,33.56699],[-94.12675,33.55064],[-94.13514,33.57103],[-94.15145,33.56847],[-94.14203,33.58113],[-94.15698,33.5758],[-94.16182,33.58869],[-94.18377,33.59467],[-94.19669,33.58122],[-94.2173,33.58024],[-94.19448,33.57367],[-94.18981,33.56183],[-94.19545,33.55516],[-94.20582,33.5671],[-94.22826,33.55231],[-94.25069,33.55711],[-94.23693,33.58004],[-94.24252,33.58974],[-94.25998,33.58045],[-94.27732,33.55733],[-94.29083,33.55903],[-94.28074,33.5751],[-94.28742,33.58256],[-94.29983,33.57469],[-94.30954,33.55163],[-94.3315,33.55309],[-94.34371,33.56795],[-94.35249,33.56223],[-94.34734,33.55161],[-94.35354,33.54374],[-94.38679,33.54512],[-94.40146,33.56053],[-94.37892,33.57016],[-94.3826,33.58326],[-94.40959,33.56828],[-94.43065,33.59157],[-94.45111,33.59124],[-94.45746,33.60044],[-94.47125,33.60189],[-94.45289,33.61744],[-94.46275,33.63079],[-94.4485,33.63444],[-94.44873,33.64272],[-94.49167,33.63645],[-94.48836,33.62741],[-94.50453,33.62073],[-94.51747,33.63306],[-94.51984,33.61808],[-94.52774,33.6159],[-94.53543,33.62422],[-94.52184,33.64073],[-94.56997,33.62847],[-94.56839,33.6372],[-94.54303,33.64932],[-94.54811,33.66033],[-94.59048,33.64507],[-94.56034,33.66659],[-94.58078,33.66639],[-94.58793,33.68626],[-94.59602,33.66386],[-94.60582,33.66419],[-94.62204,33.68254],[-94.63868,33.66399],[-94.65492,33.65993],[-94.67105,33.66839],[-94.64534,33.67364],[-94.65037,33.68444],[-94.63865,33.6958],[-94.64372,33.70152],[-94.6514,33.68584],[-94.66688,33.69458],[-94.6848,33.68435],[-94.71619,33.6879],[-94.71443,33.69719],[-94.70156,33.70288],[-94.73396,33.71569],[-94.71594,33.69491],[-94.71953,33.68886],[-94.73586,33.69163],[-94.7538,33.70866],[-94.73613,33.71608],[-94.73341,33.72519],[-94.74209,33.72669],[-94.75137,33.71354],[-94.75774,33.71782],[-94.74767,33.72515],[-94.75182,33.73433],[-94.76869,33.72699],[-94.78864,33.73567],[-94.77681,33.74644],[-94.75895,33.74853],[-94.76304,33.75976],[-94.77291,33.75973],[-94.78007,33.74447],[-94.80343,33.73274],[-94.81702,33.74001],[-94.81216,33.75094],[-94.82339,33.76918],[-94.83084,33.75808],[-94.82043,33.73381],[-94.82795,33.74088],[-94.86069,33.74195],[-94.87708,33.75222],[-94.86814,33.76887],[-94.87456,33.76962],[-94.87637,33.75733],[-94.92153,33.79047],[-94.91088,33.81591],[-94.91801,33.82678],[-94.92662,33.82756],[-94.92329,33.80874],[-94.94787,33.80836],[-94.95352,33.81647],[-94.94389,33.83023],[-94.9644,33.83702],[-94.97021,33.86182],[-94.98849,33.851],[-95.00219,33.86371],[-95.01574,33.85773],[-95.04657,33.86256],[-95.0601,33.90187],[-95.07241,33.9027],[-95.0718,33.89556],[-95.07588,33.90185],[-95.06423,33.91016],[-95.06676,33.9171],[-95.0787,33.90504],[-95.08241,33.87988],[-95.08961,33.88086],[-95.10038,33.8956],[-95.07974,33.90859],[-95.08006,33.92099],[-95.12089,33.90454],[-95.13164,33.91393],[-95.12173,33.92576],[-95.1247,33.93467],[-95.15696,33.93664],[-95.21668,33.96265],[-95.23044,33.96004],[-95.23288,33.94974],[-95.25,33.93886],[-95.2485,33.90697],[-95.25772,33.89012],[-95.26666,33.8939],[-95.2687,33.91109],[-95.28463,33.90548],[-95.27817,33.87839],[-95.28893,33.87307],[-95.32994,33.88633],[-95.3357,33.87425],[-95.36257,33.8669],[-95.44275,33.86651],[-95.46334,33.8724],[-95.46144,33.88711],[-95.505,33.87592],[-95.50953,33.89759],[-95.54414,33.8806],[-95.55421,33.92696],[-95.59409,33.94306],[-95.63277,33.90481],[-95.66548,33.909],[-95.70064,33.88585],[-95.73318,33.89645],[-95.75215,33.89458],[-95.76247,33.88114],[-95.75134,33.86029],[-95.75796,33.84957],[-95.77024,33.8452],[-95.79761,33.86059],[-95.81557,33.85985],[-95.81949,33.8413],[-95.83041,33.83478],[-95.92509,33.88494],[-95.95138,33.85733],[-95.98486,33.85249],[-95.98493,33.86581],[-96.00293,33.87359],[-95.99683,33.8539],[-96.01705,33.84145],[-96.02274,33.84109],[-96.01954,33.8535],[-96.02697,33.85747],[-96.03499,33.84265],[-96.04883,33.83647],[-96.10009,33.84797],[-96.09936,33.83047],[-96.12295,33.83996],[-96.14923,33.83709],[-96.15077,33.81699],[-96.17912,33.81022],[-96.16959,33.80094],[-96.15554,33.81404],[-96.16909,33.77042],[-96.18663,33.75502],[-96.22902,33.74802],[-96.26359,33.76747],[-96.29371,33.76941],[-96.31223,33.7063],[-96.3211,33.6951],[-96.34686,33.68622],[-96.3622,33.69182],[-96.36959,33.71681],[-96.40822,33.75054],[-96.42353,33.77643],[-96.44804,33.78103],[-96.50098,33.7728],[-96.51658,33.78828],[-96.51785,33.80686],[-96.53197,33.82399],[-96.57294,33.8191],[-96.62806,33.8446],[-96.6254,33.85654],[-96.58545,33.89128],[-96.62829,33.89448],[-96.6599,33.91667],[-96.67531,33.90911],[-96.68473,33.8629],[-96.70078,33.8379],[-96.76159,33.82441],[-96.77067,33.82962],[-96.78057,33.8601],[-96.79428,33.86889],[-96.83216,33.87483],[-96.85059,33.84721],[-96.87068,33.85655],[-96.89573,33.89641],[-96.90243,33.94202],[-96.91765,33.95858],[-96.97287,33.9357],[-96.97942,33.95618],[-96.98789,33.95467],[-96.99625,33.94266],[-96.98468,33.88865],[-97.02144,33.84638],[-97.03943,33.83789],[-97.06379,33.85997],[-97.08796,33.85259],[-97.0872,33.84137],[-97.05195,33.83299],[-97.04815,33.81746],[-97.09265,33.8042],[-97.08645,33.74334],[-97.10334,33.72336],[-97.12549,33.71712],[-97.16069,33.7276],[-97.18014,33.75449],[-97.19257,33.75968],[-97.18772,33.76983],[-97.20543,33.80149],[-97.20499,33.81887],[-97.19583,33.8308],[-97.17163,33.83534],[-97.16663,33.84731],[-97.18085,33.8952],[-97.21032,33.91593],[-97.24505,33.90322],[-97.25564,33.8637],[-97.27093,33.858],[-97.30917,33.8887],[-97.31426,33.86509],[-97.33206,33.85506],[-97.32334,33.87917],[-97.33188,33.88448],[-97.34721,33.84511],[-97.36873,33.82144],[-97.4268,33.81864],[-97.45306,33.82854],[-97.46324,33.842],[-97.45081,33.88661],[-97.46142,33.90523],[-97.50027,33.91963],[-97.55154,33.89795],[-97.58108,33.89968],[-97.59695,33.91631],[-97.5896,33.95355],[-97.63378,33.98126],[-97.67128,33.99155],[-97.69311,33.9837],[-97.71219,33.95164],[-97.73226,33.93652],[-97.76277,33.9344],[-97.76377,33.91424],[-97.78352,33.9183],[-97.78466,33.89063],[-97.79809,33.89906],[-97.80597,33.87657],[-97.81676,33.88152],[-97.83351,33.8581],[-97.8715,33.84909],[-97.93417,33.87811],[-97.96668,33.88175],[-97.98437,33.89802],[-97.9788,33.91255],[-97.96875,33.90602],[-97.95716,33.91445],[-97.9534,33.93644],[-97.97417,33.94283],[-97.96035,33.95193],[-97.94647,33.99073],[-97.95833,33.99085],[-97.97417,34.00672],[-98.02767,33.99336],[-98.0882,34.00548],[-98.08402,34.01437],[-98.10618,34.03489],[-98.08246,34.03943],[-98.12021,34.07213],[-98.11942,34.08447],[-98.09055,34.12248],[-98.09202,34.13194],[-98.1029,34.1326],[-98.10056,34.14349],[-98.10877,34.15384],[-98.13082,34.15053],[-98.17083,34.11417],[-98.21646,34.12182],[-98.23247,34.13464],[-98.2939,34.13302],[-98.32545,34.15102],[-98.36562,34.15699],[-98.38438,34.14632],[-98.38009,34.13083],[-98.39844,34.12846],[-98.39978,34.09997],[-98.41137,34.10032],[-98.41105,34.08859],[-98.44009,34.08431]]]}},{"type":"Feature","properties":{"statefp":"78","stusps":"VI","name":"United States Virgin Islands"},"geometry":{"type":"MultiPolygon","coordinates":[[[[-64.74874,18.26306],[-64.69449,18.24876],[-64.66426,18.26127],[-64.66385,18.28538],[-64.63774,18.31976],[-64.64044,18.364],[-64.75692,18.37669],[-64.778,18.38621],[-64.785,18.4038],[-64.80033,18.4076],[-64.83062,18.3952],[-64.86498,18.39593],[-64.89103,18.46216],[-64.89986,18.46447],[-64.92764,18.46195],[-64.95046,18.44629],[-64.98239,18.45071],[-65.00777,18.4407],[-65.04152,18.4591],[-65.06067,18.45975],[-65.09179,18.4471],[-65.11222,18.41883],[-65.11743,18.38023],[-65.13514,18.35085],[-65.13769,18.32056],[-65.15364,18.29314],[-65.14262,18.25079],[-65.11727,18.23477],[-65.0768,18.2382],[-65.05019,18.26913],[-65.01982,18.25236],[-64.94647,18.25722],[-64.93371,18.23797],[-64.90615,18.22419],[-64.88975,18.19424],[-64.85804,18.17959],[-64.81852,18.19206],[-64.80277,18.21337],[-64.80129,18.24511],[-64.74874,18.26306]]],[[[-64.95671,17.67898],[-64.94358,17.6441],[-64.91591,17.62523],[-64.89253,17.62423],[-64.86556,17.63533],[-64.80169,17.62469],[-64.75644,17.63065],[-64.63369,17.66464],[-64.54875,17.70304],[-64.52472,17.7227],[-64.51318,17.76041],[-64.52982,17.793],[-64.57998,17.83091],[-64.61206,17.8435],[-64.65235,17.84238],[-64.69752,17.80876],[-64.72438,17.82917],[-64.74707,17.83518],[-64.79807,17.83306],[-64.84214,17.81475],[-64.88273,17.82034],[-64.91056,17.80902],[-64.9342,17.78468],[-64.94681,17.74803],[-64.93894,17.71753],[-64.95671,17.67898]]]]}},{"type":"Feature","properties":{"statefp":"49","stusps":"UT","name":"Utah"},"geometry":{"type":"Polygon","coordinates":[[[-112.70568,42.00015],[-113.87335,41.98818],[-114.04148,41.99387],[-114.05005,37.00019],[-109.04517,36.99898],[-109.04257,38.15702],[-109.0602,38.27824],[-109.05117,39.1426],[-109.05003,41.00069],[-111.04681,40.99788],[-111.04671,42.0017],[-112.70568,42.00015]]]}},{"type":"Feature","properties":{"statefp":"50","stusps":"VT","name":"Vermont"},"geometry":{"type":"Polygon","coordinates":[[[-72.04187,44.15665],[-72.06616,44.19013],[-72.04766,44.23896],[-72.06152,44.26107],[-72.05833,44.27008],[-72.06848,44.2708],[-72.05864,44.2865],[-72.03288,44.30217],[-72.0328,44.32049],[-72.00909,44.32222],[-71.98142,44.33737],[-71.93404,44.336],[-71.91242,44.34812],[-71.87159,44.33668],[-71.81585,44.35401],[-71.81443,44.38192],[-71.80057,44.38403],[-71.80349,44.39189],[-71.79448,44.399],[-71.76197,44.40703],[-71.74373,44.40103],[-71.73541,44.41],[-71.70258,44.41354],[-71.67697,44.42685],[-71.67796,44.43525],[-71.66088,44.43994],[-71.65422,44.45882],[-71.63899,44.46441],[-71.64684,44.4732],[-71.63278,44.4838],[-71.62466,44.48174],[-71.63451,44.47563],[-71.6262,44.47447],[-71.61784,44.48584],[-71.5986,44.48683],[-71.59389,44.50103],[-71.58592,44.49936],[-71.58813,44.50659],[-71.57702,44.50206],[-71.59411,44.52155],[-71.58075,44.5246],[-71.57187,44.53792],[-71.59697,44.55947],[-71.58958,44.56574],[-71.55972,44.56397],[-71.54773,44.57138],[-71.55236,44.58439],[-71.54579,44.57793],[-71.53491,44.5879],[-71.56213,44.60118],[-71.55363,44.60613],[-71.55513,44.62524],[-71.54634,44.62295],[-71.55702,44.62949],[-71.54682,44.62976],[-71.56372,44.63725],[-71.55779,44.64196],[-71.56281,44.65236],[-71.57708,44.65069],[-71.57522,44.65583],[-71.58737,44.65971],[-71.58146,44.6732],[-71.59661,44.67809],[-71.59386,44.69642],[-71.61864,44.72219],[-71.61711,44.72871],[-71.62609,44.72854],[-71.63202,44.75206],[-71.57282,44.79087],[-71.56838,44.80704],[-71.57686,44.8152],[-71.55111,44.83696],[-71.55579,44.84857],[-71.54945,44.86208],[-71.49491,44.9043],[-71.49317,44.91137],[-71.52284,44.93991],[-71.51479,44.94369],[-71.5163,44.9644],[-71.54133,44.98394],[-71.53701,44.99348],[-71.50854,45.00789],[-71.48077,45.00227],[-71.46505,45.01364],[-72.31195,45.00379],[-72.84699,45.01666],[-73.34318,45.01071],[-73.35463,44.98735],[-73.33824,44.96475],[-73.33898,44.91768],[-73.35622,44.90449],[-73.38159,44.84935],[-73.37945,44.83801],[-73.33504,44.80411],[-73.33315,44.78876],[-73.36556,44.74179],[-73.36131,44.69452],[-73.39023,44.61835],[-73.37685,44.5996],[-73.38185,44.58932],[-73.37495,44.57582],[-73.33875,44.54805],[-73.30671,44.50033],[-73.29363,44.4389],[-73.31504,44.38853],[-73.33495,44.36444],[-73.31274,44.26541],[-73.32372,44.24416],[-73.34338,44.23819],[-73.36227,44.20852],[-73.39062,44.19107],[-73.40305,44.14498],[-73.41614,44.13235],[-73.41151,44.11195],[-73.43791,44.04512],[-73.40765,44.02111],[-73.40855,43.93189],[-73.37416,43.87624],[-73.38231,43.85606],[-73.37259,43.84535],[-73.39252,43.82134],[-73.35076,43.77139],[-73.36994,43.74386],[-73.37061,43.72533],[-73.40474,43.69021],[-73.41551,43.65245],[-73.42646,43.6426],[-73.41767,43.62169],[-73.43123,43.58828],[-73.39577,43.56809],[-73.38329,43.5772],[-73.3869,43.59077],[-73.37247,43.60485],[-73.37189,43.62449],[-73.30644,43.62833],[-73.30277,43.60978],[-73.29102,43.59924],[-73.29732,43.57937],[-73.25863,43.56495],[-73.24158,43.53496],[-73.2477,43.52317],[-73.27831,42.83756],[-73.28539,42.83409],[-73.28369,42.81386],[-73.29094,42.80192],[-73.27642,42.74602],[-72.45841,42.72693],[-72.49055,42.77275],[-72.51547,42.76563],[-72.50874,42.77952],[-72.54151,42.80709],[-72.55712,42.85324],[-72.55262,42.88504],[-72.53338,42.89531],[-72.5245,42.91515],[-72.53381,42.95258],[-72.51837,42.96314],[-72.47372,42.97212],[-72.4617,42.98287],[-72.46252,42.99744],[-72.44326,43.00758],[-72.46262,43.02579],[-72.46038,43.04138],[-72.46784,43.05275],[-72.43398,43.08445],[-72.44321,43.10276],[-72.43282,43.12023],[-72.4408,43.13663],[-72.4574,43.14754],[-72.45278,43.17277],[-72.44393,43.17978],[-72.45051,43.19261],[-72.43822,43.20292],[-72.43877,43.25196],[-72.41604,43.27023],[-72.39531,43.3127],[-72.41056,43.33112],[-72.38987,43.35657],[-72.41265,43.36228],[-72.41604,43.37645],[-72.40351,43.39158],[-72.39257,43.46688],[-72.37999,43.49003],[-72.39819,43.51042],[-72.39609,43.52342],[-72.3807,43.54035],[-72.37983,43.57417],[-72.32833,43.60111],[-72.33483,43.61795],[-72.30315,43.66862],[-72.2997,43.70611],[-72.27111,43.73392],[-72.23418,43.74596],[-72.20523,43.77093],[-72.20554,43.78458],[-72.18405,43.8064],[-72.18462,43.86414],[-72.16791,43.86911],[-72.1721,43.88499],[-72.12045,43.91956],[-72.11835,43.94653],[-72.09094,43.96578],[-72.11438,43.96805],[-72.11699,43.99421],[-72.10412,44.00237],[-72.10277,44.01458],[-72.09053,44.00992],[-72.09543,44.02176],[-72.08267,44.0218],[-72.07481,44.03241],[-72.07832,44.04338],[-72.0619,44.0496],[-72.0681,44.05738],[-72.0483,44.06971],[-72.05287,44.07631],[-72.03184,44.07854],[-72.04528,44.08731],[-72.03326,44.09047],[-72.03131,44.10043],[-72.04788,44.09659],[-72.05537,44.11076],[-72.03326,44.13142],[-72.04196,44.137],[-72.04187,44.15665]]]}},{"type":"Feature","properties":{"statefp":"51","stusps":"VA","name":"Virginia"},"geometry":{"type":"Polygon","coordinates":[[[-75.7975,36.55092],[-75.81982,36.62515],[-75.87465,36.7443],[-75.92831,36.93818],[-75.88968,37.05452],[-75.82415,37.11012],[-75.80591,37.11606],[-75.76605,37.15493],[-75.72927,37.2169],[-75.73228,37.24569],[-75.71551,37.27569],[-75.67896,37.31258],[-75.65659,37.32391],[-75.64439,37.34227],[-75.64346,37.37286],[-75.60403,37.42202],[-75.58911,37.47786],[-75.5299,37.55672],[-75.52845,37.58488],[-75.54178,37.60614],[-75.51846,37.64943],[-75.50775,37.68865],[-75.46093,37.77136],[-75.41707,37.82105],[-75.36012,37.81019],[-75.33798,37.81523],[-75.30313,37.83817],[-75.16644,38.02783],[-75.62445,37.99419],[-75.63383,37.98452],[-75.62953,37.97596],[-75.63822,37.97939],[-75.64823,37.96677],[-75.6477,37.94696],[-75.70463,37.9547],[-75.76164,37.94137],[-75.80124,37.91217],[-75.95267,37.90683],[-75.94369,37.94613],[-76.05202,37.95358],[-76.23646,37.88661],[-76.26181,37.90879],[-76.33337,37.94296],[-76.41293,37.96633],[-76.46501,38.01322],[-76.51661,38.02678],[-76.51616,38.04492],[-76.53646,38.0749],[-76.59616,38.10668],[-76.60543,38.14893],[-76.76397,38.16779],[-76.83937,38.16361],[-76.87674,38.17302],[-76.91113,38.19736],[-76.94902,38.20842],[-76.96225,38.22989],[-76.95692,38.23747],[-76.96209,38.25696],[-77.02813,38.30532],[-77.03068,38.31162],[-77.01453,38.33263],[-77.01146,38.37443],[-77.04151,38.40069],[-77.05342,38.39881],[-77.08424,38.36874],[-77.13822,38.36792],[-77.16322,38.34582],[-77.24007,38.3316],[-77.27658,38.33788],[-77.30494,38.37527],[-77.32291,38.43263],[-77.31056,38.49399],[-77.28531,38.51969],[-77.27403,38.55015],[-77.25645,38.56059],[-77.24636,38.59344],[-77.2037,38.61817],[-77.12968,38.6347],[-77.13642,38.65023],[-77.13244,38.67414],[-77.12263,38.68526],[-77.07923,38.71305],[-77.05352,38.7098],[-77.04388,38.71767],[-77.0377,38.8295],[-77.04802,38.84126],[-77.03464,38.84004],[-77.03214,38.85029],[-77.04167,38.87253],[-77.05055,38.87198],[-77.06869,38.90032],[-77.103,38.91271],[-77.1472,38.96444],[-77.20069,38.96726],[-77.24503,38.98268],[-77.25576,39.00188],[-77.24538,39.01753],[-77.24842,39.02655],[-77.33714,39.06226],[-77.45697,39.0734],[-77.4854,39.10931],[-77.52009,39.12087],[-77.52768,39.14466],[-77.51762,39.16942],[-77.50753,39.1814],[-77.47867,39.18967],[-77.47416,39.20776],[-77.45771,39.22498],[-77.48665,39.24728],[-77.54309,39.26692],[-77.56069,39.28596],[-77.5666,39.30605],[-77.61591,39.30255],[-77.67681,39.32456],[-77.7307,39.3156],[-77.7701,39.25637],[-77.77137,39.23649],[-77.79266,39.21139],[-77.8283,39.13243],[-78.34709,39.46601],[-78.34655,39.44262],[-78.35323,39.43679],[-78.34672,39.42762],[-78.35992,39.40903],[-78.34321,39.38881],[-78.36687,39.35929],[-78.33928,39.3486],[-78.41942,39.25748],[-78.39967,39.24387],[-78.43869,39.19809],[-78.4249,39.1933],[-78.42632,39.18276],[-78.4037,39.16745],[-78.42729,39.15273],[-78.45987,39.11335],[-78.49516,39.10099],[-78.5719,39.032],[-78.55047,39.01806],[-78.60165,38.9646],[-78.6278,38.98179],[-78.69744,38.91436],[-78.71929,38.90523],[-78.71708,38.93603],[-78.73915,38.92713],[-78.75908,38.90053],[-78.78602,38.88719],[-78.86926,38.76298],[-78.99376,38.85002],[-78.99975,38.84616],[-79.02725,38.79211],[-79.05495,38.78571],[-79.05725,38.76071],[-79.08545,38.72461],[-79.09296,38.70172],[-79.08446,38.68512],[-79.09275,38.65982],[-79.12976,38.65502],[-79.17095,38.56812],[-79.20586,38.52452],[-79.21059,38.49291],[-79.23988,38.47008],[-79.24267,38.45418],[-79.25448,38.45593],[-79.26732,38.43827],[-79.28275,38.43169],[-79.28294,38.4181],[-79.31228,38.41188],[-79.47664,38.45723],[-79.53687,38.55092],[-79.64917,38.59141],[-79.66978,38.55032],[-79.67297,38.52872],[-79.66217,38.51522],[-79.67049,38.50766],[-79.68037,38.51062],[-79.69757,38.48722],[-79.68967,38.43146],[-79.72951,38.38119],[-79.7256,38.36383],[-79.74218,38.35325],[-79.76443,38.35651],[-79.77309,38.33553],[-79.81015,38.30671],[-79.79166,38.28465],[-79.78894,38.2687],[-79.84521,38.24107],[-79.89733,38.19338],[-79.92007,38.18253],[-79.91866,38.15479],[-79.93275,38.13616],[-79.94526,38.13224],[-79.93895,38.11163],[-79.9264,38.10654],[-79.95437,38.0804],[-79.9716,38.03523],[-79.99938,37.99491],[-80.10293,37.91891],[-80.11775,37.89772],[-80.1622,37.87512],[-80.18276,37.85137],[-80.17939,37.83975],[-80.19297,37.83475],[-80.22769,37.79789],[-80.21661,37.77596],[-80.23046,37.77831],[-80.25741,37.75608],[-80.26277,37.73834],[-80.25308,37.7259],[-80.29592,37.69284],[-80.2675,37.64616],[-80.22098,37.62777],[-80.25892,37.5955],[-80.3285,37.56432],[-80.3122,37.54622],[-80.33037,37.53627],[-80.30935,37.52738],[-80.28239,37.53352],[-80.30933,37.50288],[-80.36684,37.48488],[-80.36317,37.48],[-80.37195,37.47407],[-80.47546,37.42295],[-80.49486,37.43507],[-80.49298,37.45775],[-80.51139,37.48167],[-80.55204,37.47356],[-80.7163,37.38869],[-80.77008,37.37236],[-80.78419,37.39459],[-80.80574,37.39795],[-80.83724,37.42541],[-80.85946,37.42949],[-80.863,37.41151],[-80.88325,37.38393],[-80.84945,37.34691],[-80.89916,37.31568],[-80.96656,37.29216],[-80.98132,37.29346],[-80.97959,37.30228],[-81.10415,37.28061],[-81.16703,37.26288],[-81.2251,37.23487],[-81.36528,37.33784],[-81.37275,37.32025],[-81.39429,37.31641],[-81.41603,37.27363],[-81.44765,37.27224],[-81.48014,37.25112],[-81.4991,37.25795],[-81.50764,37.23371],[-81.54557,37.22016],[-81.5547,37.20799],[-81.67822,37.20154],[-81.72306,37.24049],[-81.74012,37.23775],[-81.7409,37.25432],[-81.75714,37.27615],[-81.77324,37.27391],[-81.80068,37.28568],[-81.82575,37.27909],[-81.84995,37.28523],[-81.85446,37.30657],[-81.86568,37.30948],[-81.86049,37.31594],[-81.87935,37.33249],[-81.89388,37.33002],[-81.92846,37.36046],[-81.93674,37.38073],[-81.92296,37.41139],[-81.93891,37.422],[-81.93562,37.4384],[-81.97038,37.44769],[-81.97618,37.45719],[-81.98701,37.45488],[-81.99608,37.47153],[-81.9909,37.48443],[-81.95384,37.4915],[-81.95315,37.50131],[-81.92624,37.51357],[-81.93374,37.51949],[-81.94426,37.51328],[-81.94396,37.53128],[-81.95597,37.52839],[-81.96801,37.53804],[-82.32473,37.28304],[-82.34384,37.28074],[-82.349,37.26797],[-82.49876,37.22703],[-82.59226,37.18304],[-82.63338,37.15442],[-82.72141,37.12083],[-82.72502,37.09182],[-82.71666,37.07741],[-82.72674,37.07304],[-82.72243,37.04495],[-82.74276,37.0428],[-82.74786,37.02443],[-82.75948,37.02725],[-82.78286,37.00782],[-82.82872,37.0058],[-82.83728,36.98728],[-82.86747,36.97805],[-82.87011,36.96498],[-82.85573,36.95382],[-82.8623,36.94134],[-82.85766,36.92867],[-82.87738,36.90847],[-82.86798,36.90005],[-82.87868,36.88953],[-82.90782,36.87476],[-82.99859,36.85657],[-83.00658,36.84764],[-83.02661,36.85556],[-83.07284,36.85446],[-83.07517,36.84073],[-83.10194,36.82824],[-83.10433,36.804],[-83.13323,36.78458],[-83.13254,36.7644],[-83.12557,36.76162],[-83.13512,36.74263],[-83.19484,36.73945],[-83.30971,36.71064],[-83.42471,36.66734],[-83.53015,36.66605],[-83.57761,36.64139],[-83.64512,36.62431],[-83.67539,36.60078],[-83.24893,36.59383],[-81.93414,36.59421],[-81.92264,36.61621],[-81.6469,36.61192],[-81.67749,36.58814],[-80.12217,36.54265],[-76.91651,36.54388],[-76.9159,36.55215],[-75.7975,36.55092]]]}},{"type":"Feature","properties":{"statefp":"53","stusps":"WA","name":"Washington"},"geometry":{"type":"Polygon","coordinates":[[[-116.91607,45.99536],[-116.94279,46.06112],[-116.95787,46.07546],[-116.97843,46.07973],[-116.98259,46.09007],[-116.95542,46.10186],[-116.94985,46.12449],[-116.93473,46.13729],[-116.93499,46.15353],[-116.92234,46.16877],[-116.96538,46.20312],[-116.95548,46.23098],[-116.9678,46.25847],[-116.9912,46.27696],[-116.98622,46.29595],[-117.02058,46.31479],[-117.0243,46.33628],[-117.06279,46.35361],[-117.03463,46.41784],[-117.03977,46.42589],[-117.04231,47.96229],[-117.03235,48.9992],[-123.32224,49.00207],[-123.00848,48.83122],[-123.00849,48.7671],[-123.26788,48.69399],[-123.21893,48.54871],[-123.15987,48.45351],[-123.11514,48.42283],[-123.24844,48.28402],[-123.54122,48.22455],[-123.67906,48.24],[-124.01206,48.29667],[-124.74974,48.49978],[-124.76837,48.4954],[-124.77226,48.47381],[-124.74584,48.44566],[-124.78856,48.43216],[-124.81481,48.40592],[-124.81699,48.38547],[-124.80053,48.34998],[-124.77044,48.32354],[-124.76139,48.29569],[-124.78874,48.26637],[-124.79024,48.24636],[-124.7805,48.22858],[-124.82145,48.21758],[-124.84825,48.1882],[-124.84313,48.15843],[-124.78519,48.08711],[-124.7861,48.06133],[-124.80115,48.03781],[-124.79904,47.97254],[-124.75818,47.94398],[-124.75379,47.91052],[-124.72086,47.8883],[-124.70418,47.85474],[-124.64184,47.81942],[-124.5403,47.71645],[-124.56655,47.68024],[-124.55463,47.64443],[-124.51492,47.62371],[-124.4614,47.62496],[-124.41706,47.48154],[-124.42056,47.45597],[-124.40654,47.42802],[-124.42173,47.40684],[-124.41355,47.36873],[-124.39135,47.32977],[-124.35964,47.30934],[-124.3513,47.27639],[-124.30637,47.24808],[-124.25129,47.09665],[-124.24154,46.99981],[-124.24971,46.95629],[-124.24664,46.91781],[-124.23439,46.89119],[-124.20947,46.87481],[-124.19458,46.84409],[-124.1812,46.79374],[-124.17513,46.79373],[-124.16851,46.73042],[-124.14526,46.67047],[-124.14967,46.65008],[-124.1353,46.5423],[-124.13053,46.40832],[-124.13521,46.34937],[-124.16071,46.28201],[-124.15955,46.26113],[-124.03595,46.26418],[-124.0356,46.29684],[-124.02488,46.2991],[-124.00362,46.27471],[-123.97335,46.2685],[-123.93048,46.2388],[-123.87263,46.23499],[-123.77936,46.25388],[-123.74145,46.26915],[-123.68811,46.2501],[-123.64878,46.2588],[-123.55048,46.25876],[-123.50125,46.27101],[-123.47484,46.26783],[-123.44759,46.24983],[-123.42763,46.22935],[-123.43099,46.18157],[-123.37143,46.14637],[-123.28017,46.14484],[-123.16642,46.18898],[-123.1159,46.18527],[-123.00423,46.13382],[-122.96268,46.10482],[-122.90412,46.08373],[-122.88448,46.06028],[-122.87809,46.03128],[-122.814,45.96098],[-122.80619,45.93242],[-122.8115,45.91272],[-122.78503,45.8677],[-122.7956,45.81],[-122.76953,45.78058],[-122.76145,45.75916],[-122.76011,45.73441],[-122.77451,45.68044],[-122.76381,45.65714],[-122.675,45.61803],[-122.55033,45.59727],[-122.43867,45.56359],[-122.3803,45.57594],[-122.3528,45.56944],[-122.3315,45.54824],[-122.2667,45.54384],[-122.18286,45.57678],[-122.10175,45.58317],[-122.0443,45.60954],[-121.98301,45.62289],[-121.95578,45.64359],[-121.90813,45.65456],[-121.90175,45.67067],[-121.86702,45.69339],[-121.81118,45.70672],[-121.7073,45.69484],[-121.53293,45.7265],[-121.42396,45.69407],[-121.33771,45.70484],[-121.21577,45.67123],[-121.20035,45.64984],[-121.19646,45.61661],[-121.18368,45.60645],[-121.14558,45.60795],[-121.11718,45.6182],[-121.12011,45.62317],[-121.08486,45.64793],[-121.06446,45.65249],[-120.98349,45.64836],[-120.94402,45.65639],[-120.91361,45.63999],[-120.89582,45.64292],[-120.85541,45.67173],[-120.68954,45.71573],[-120.63505,45.74571],[-120.59114,45.74651],[-120.55929,45.73832],[-120.50574,45.69995],[-120.48261,45.69441],[-120.21077,45.72592],[-120.1706,45.76198],[-120.07024,45.78516],[-119.96577,45.82438],[-119.80271,45.84763],[-119.66997,45.85691],[-119.62363,45.9056],[-119.5716,45.92548],[-119.52452,45.90857],[-119.48808,45.90636],[-119.4504,45.91738],[-119.3645,45.92155],[-119.25707,45.93987],[-119.19552,45.9279],[-119.12632,45.93278],[-119.02721,45.96911],[-118.98726,45.99985],[-116.91607,45.99536]]]}},{"type":"Feature","properties":{"statefp":"54","stusps":"WV","name":"West Virginia"},"geometry":{"type":"Polygon","coordinates":[[[-77.75438,39.33346],[-77.76076,39.34275],[-77.74328,39.36208],[-77.75298,39.38168],[-77.73661,39.38715],[-77.73841,39.39898],[-77.75785,39.42642],[-77.80323,39.43732],[-77.78526,39.4454],[-77.79801,39.46077],[-77.7776,39.46225],[-77.79538,39.47125],[-77.7972,39.48014],[-77.76634,39.49624],[-77.78215,39.49904],[-77.80289,39.48946],[-77.84538,39.49811],[-77.8466,39.50456],[-77.82579,39.51671],[-77.82474,39.52848],[-77.83696,39.53211],[-77.84194,39.51843],[-77.86118,39.51429],[-77.86527,39.53841],[-77.88874,39.55541],[-77.87855,39.56341],[-77.83609,39.56666],[-77.83344,39.60279],[-77.88492,39.61583],[-77.88115,39.60098],[-77.89197,39.59776],[-77.92272,39.60471],[-77.94089,39.61907],[-77.93637,39.59451],[-77.9461,39.58479],[-77.95504,39.60808],[-77.97761,39.59961],[-78.01011,39.60304],[-78.03732,39.63698],[-78.08056,39.6705],[-78.17654,39.69598],[-78.2022,39.67686],[-78.23257,39.67358],[-78.22383,39.66054],[-78.25407,39.64018],[-78.26609,39.61906],[-78.35532,39.64066],[-78.35551,39.62611],[-78.38236,39.62779],[-78.37561,39.60831],[-78.43014,39.62342],[-78.42549,39.60767],[-78.39484,39.58515],[-78.40738,39.57861],[-78.4435,39.59133],[-78.45677,39.58761],[-78.45428,39.57408],[-78.41702,39.54856],[-78.43772,39.55337],[-78.43786,39.53852],[-78.46112,39.55083],[-78.44864,39.53996],[-78.46237,39.53636],[-78.46179,39.52225],[-78.47194,39.51594],[-78.52309,39.52485],[-78.56611,39.51937],[-78.58761,39.52772],[-78.59094,39.53675],[-78.6547,39.5346],[-78.68956,39.54582],[-78.72459,39.56392],[-78.73339,39.58646],[-78.74633,39.57978],[-78.76706,39.58751],[-78.7768,39.60413],[-78.76076,39.61008],[-78.74683,39.60566],[-78.73319,39.6153],[-78.74677,39.62672],[-78.76344,39.61883],[-78.77762,39.622],[-78.76466,39.64589],[-78.77528,39.64566],[-78.8014,39.62839],[-78.79646,39.6059],[-78.80903,39.60818],[-78.82572,39.58918],[-78.81585,39.56288],[-78.83924,39.56701],[-78.87069,39.53877],[-78.87515,39.52267],[-78.8931,39.524],[-78.89239,39.51328],[-78.90551,39.51154],[-78.91672,39.48632],[-78.9343,39.48628],[-78.94254,39.48063],[-78.94249,39.46895],[-78.95891,39.46284],[-78.95657,39.44033],[-78.96568,39.43847],[-79.01803,39.46766],[-79.03088,39.46525],[-79.04703,39.48335],[-79.0569,39.47067],[-79.06634,39.47997],[-79.08302,39.47147],[-79.10238,39.47639],[-79.09454,39.46485],[-79.10788,39.46122],[-79.10282,39.45048],[-79.11686,39.43886],[-79.11082,39.43185],[-79.12905,39.42954],[-79.12744,39.41818],[-79.14184,39.4171],[-79.14375,39.4052],[-79.15947,39.41704],[-79.1667,39.40094],[-79.16227,39.38813],[-79.17918,39.3965],[-79.17696,39.38903],[-79.19769,39.38837],[-79.21428,39.36348],[-79.25631,39.35723],[-79.25385,39.33714],[-79.26868,39.33616],[-79.28213,39.32327],[-79.2904,39.29945],[-79.31394,39.30471],[-79.34601,39.29396],[-79.34492,39.28497],[-79.38734,39.26782],[-79.42522,39.23448],[-79.42571,39.22531],[-79.47295,39.20214],[-79.48687,39.2059],[-79.47666,39.72108],[-80.51934,39.7214],[-80.51899,40.6388],[-80.5767,40.61422],[-80.59876,40.62526],[-80.62645,40.62018],[-80.66354,40.59077],[-80.66778,40.5781],[-80.62751,40.53579],[-80.618,40.50205],[-80.5954,40.47532],[-80.61219,40.43484],[-80.61232,40.40276],[-80.63273,40.3905],[-80.60969,40.37495],[-80.6128,40.34767],[-80.5999,40.31767],[-80.61489,40.29197],[-80.6193,40.26517],[-80.6521,40.24497],[-80.66808,40.19969],[-80.70561,40.15348],[-80.70955,40.1003],[-80.73818,40.07861],[-80.73102,40.04429],[-80.74217,40.00858],[-80.74014,39.9708],[-80.76427,39.94996],[-80.75611,39.9134],[-80.7634,39.90862],[-80.78704,39.91835],[-80.80678,39.91631],[-80.80917,39.90394],[-80.79076,39.86728],[-80.82612,39.84424],[-80.82608,39.79858],[-80.86909,39.76636],[-80.82976,39.71184],[-80.83388,39.7035],[-80.8637,39.69172],[-80.86665,39.65262],[-80.88036,39.62071],[-80.92835,39.61655],[-80.97348,39.58845],[-81.07103,39.51561],[-81.13253,39.44627],[-81.18515,39.43148],[-81.21731,39.38759],[-81.27029,39.38605],[-81.34493,39.34679],[-81.37596,39.3417],[-81.39379,39.35171],[-81.41271,39.39462],[-81.43564,39.40847],[-81.45614,39.40927],[-81.55755,39.33877],[-81.57025,39.26767],[-81.64534,39.27734],[-81.68361,39.27095],[-81.69662,39.25614],[-81.69191,39.22704],[-81.72562,39.2159],[-81.73687,39.19263],[-81.75618,39.18046],[-81.74277,39.14267],[-81.74605,39.09698],[-81.77555,39.07838],[-81.81385,39.07968],[-81.80805,39.05378],[-81.76425,39.01528],[-81.78182,38.96493],[-81.75697,38.93715],[-81.76266,38.92412],[-81.78565,38.92619],[-81.81116,38.94472],[-81.82735,38.9459],[-81.84449,38.92875],[-81.85597,38.89273],[-81.88923,38.87428],[-81.90297,38.87609],[-81.928,38.89349],[-81.89847,38.9296],[-81.93319,38.98766],[-81.95145,38.99603],[-81.97937,38.99319],[-82.0045,39.02889],[-82.03775,39.02387],[-82.05156,38.99438],[-82.09157,38.97378],[-82.11167,38.93258],[-82.14317,38.89808],[-82.13922,38.86502],[-82.14547,38.83968],[-82.21144,38.80122],[-82.22157,38.78719],[-82.21964,38.77228],[-82.19888,38.75773],[-82.18797,38.73308],[-82.18687,38.72228],[-82.1931,38.73772],[-82.19128,38.7272],[-82.18247,38.70878],[-82.19087,38.68038],[-82.17217,38.62718],[-82.17727,38.60378],[-82.20517,38.59172],[-82.26207,38.59818],[-82.29127,38.57898],[-82.30422,38.49631],[-82.33034,38.4445],[-82.38177,38.43478],[-82.40488,38.43935],[-82.54101,38.4038],[-82.57343,38.40569],[-82.59348,38.42182],[-82.59812,38.34593],[-82.57176,38.31719],[-82.58303,38.29681],[-82.57462,38.26394],[-82.58332,38.24679],[-82.60462,38.24766],[-82.61222,38.2363],[-82.59829,38.21736],[-82.6116,38.17134],[-82.64454,38.16525],[-82.63657,38.13802],[-82.62184,38.13329],[-82.61923,38.12054],[-82.58701,38.10866],[-82.58336,38.09003],[-82.54985,38.06945],[-82.53872,38.0374],[-82.51555,38.00661],[-82.51919,38.00113],[-82.48865,37.99891],[-82.48359,37.98384],[-82.46457,37.98388],[-82.46885,37.97323],[-82.48443,37.97092],[-82.48446,37.96358],[-82.47177,37.95874],[-82.48556,37.94581],[-82.49722,37.94624],[-82.48928,37.93822],[-82.50243,37.93345],[-82.48066,37.92617],[-82.48835,37.91772],[-82.47557,37.91184],[-82.47441,37.89995],[-82.46299,37.91482],[-82.41993,37.88487],[-82.41756,37.87028],[-82.40751,37.8673],[-82.42462,37.86145],[-82.41471,37.85597],[-82.42049,37.84643],[-82.39935,37.82952],[-82.40132,37.80951],[-82.38672,37.81822],[-82.37664,37.80221],[-82.34009,37.78563],[-82.33746,37.77491],[-82.32389,37.77499],[-82.33338,37.76441],[-82.31199,37.76432],[-82.33417,37.74277],[-82.31885,37.73369],[-82.30768,37.70801],[-82.29637,37.70219],[-82.30294,37.69361],[-82.29592,37.68618],[-82.30431,37.67609],[-82.29503,37.67805],[-82.28812,37.66811],[-82.28249,37.67592],[-82.25807,37.65688],[-82.23607,37.65963],[-82.21685,37.6416],[-82.2145,37.6254],[-82.18723,37.62698],[-82.19112,37.64459],[-82.17508,37.64783],[-82.17241,37.63263],[-82.1812,37.62151],[-82.16425,37.62029],[-82.16877,37.60908],[-82.15668,37.60897],[-82.15685,37.59272],[-82.13989,37.59497],[-82.12734,37.58655],[-82.12624,37.57374],[-82.14491,37.56766],[-82.13442,37.56293],[-82.13325,37.55283],[-82.10481,37.56019],[-82.10403,37.55287],[-82.07518,37.55585],[-82.06484,37.5372],[-82.04615,37.52794],[-82.04298,37.54806],[-82.01081,37.53287],[-81.99829,37.5433],[-81.99415,37.53775],[-81.97009,37.54672],[-81.96772,37.5331],[-81.94385,37.53116],[-81.94426,37.51328],[-81.93406,37.51947],[-81.92646,37.5147],[-81.95315,37.50131],[-81.95326,37.49176],[-81.9909,37.48443],[-81.99565,37.46983],[-81.98701,37.45488],[-81.97618,37.45719],[-81.97038,37.44769],[-81.93562,37.4384],[-81.93891,37.422],[-81.92296,37.41139],[-81.93674,37.38073],[-81.92846,37.36046],[-81.89388,37.33002],[-81.87935,37.33249],[-81.86049,37.31594],[-81.86568,37.30948],[-81.85446,37.30657],[-81.84995,37.28523],[-81.82575,37.27909],[-81.80068,37.28568],[-81.77324,37.27391],[-81.75714,37.27615],[-81.7409,37.25432],[-81.74012,37.23775],[-81.72306,37.24049],[-81.67822,37.20154],[-81.5547,37.20799],[-81.54557,37.22016],[-81.50764,37.23371],[-81.4991,37.25795],[-81.48014,37.25112],[-81.44765,37.27224],[-81.41603,37.27363],[-81.39429,37.31641],[-81.37275,37.32025],[-81.36449,37.338],[-81.2251,37.23487],[-81.16703,37.26288],[-81.10415,37.28061],[-80.97959,37.30228],[-80.97701,37.29181],[-80.94417,37.29657],[-80.84945,37.34691],[-80.88325,37.38393],[-80.863,37.41151],[-80.85946,37.42949],[-80.83724,37.42541],[-80.80574,37.39795],[-80.78419,37.39459],[-80.77008,37.37236],[-80.7163,37.38869],[-80.55204,37.47356],[-80.51139,37.48167],[-80.49298,37.45775],[-80.49486,37.43507],[-80.47546,37.42295],[-80.37195,37.47407],[-80.36317,37.48],[-80.36684,37.48488],[-80.29979,37.50827],[-80.28239,37.53352],[-80.30935,37.52738],[-80.33037,37.53627],[-80.3122,37.54622],[-80.3285,37.56432],[-80.25892,37.5955],[-80.22098,37.62777],[-80.2675,37.64616],[-80.29592,37.69284],[-80.25308,37.7259],[-80.26277,37.73834],[-80.25741,37.75608],[-80.23046,37.77831],[-80.21661,37.77596],[-80.22769,37.79789],[-80.19297,37.83475],[-80.17939,37.83975],[-80.18276,37.85137],[-80.1622,37.87512],[-80.11775,37.89772],[-80.10293,37.91891],[-79.99938,37.99491],[-79.9716,38.03523],[-79.95437,38.0804],[-79.9264,38.10654],[-79.93895,38.11163],[-79.94526,38.13224],[-79.93275,38.13616],[-79.91866,38.15479],[-79.92007,38.18253],[-79.89733,38.19338],[-79.84521,38.24107],[-79.78894,38.2687],[-79.79166,38.28465],[-79.81015,38.30671],[-79.77309,38.33553],[-79.76443,38.35651],[-79.74218,38.35325],[-79.7256,38.36383],[-79.72951,38.38119],[-79.68967,38.43146],[-79.69757,38.48722],[-79.68037,38.51062],[-79.67049,38.50766],[-79.66217,38.51522],[-79.67297,38.52872],[-79.66978,38.55032],[-79.64917,38.59141],[-79.53687,38.55092],[-79.47664,38.45723],[-79.31228,38.41188],[-79.28294,38.4181],[-79.28275,38.43169],[-79.26732,38.43827],[-79.25448,38.45593],[-79.24267,38.45418],[-79.23988,38.47008],[-79.21059,38.49291],[-79.20586,38.52452],[-79.17095,38.56812],[-79.12976,38.65502],[-79.09275,38.65982],[-79.08446,38.68512],[-79.09296,38.70172],[-79.08545,38.72461],[-79.05725,38.76071],[-79.05495,38.78571],[-79.02725,38.79211],[-78.99975,38.84616],[-78.99376,38.85002],[-78.86926,38.76298],[-78.78602,38.88719],[-78.75908,38.90053],[-78.73915,38.92713],[-78.71708,38.93603],[-78.71929,38.90523],[-78.69744,38.91436],[-78.6278,38.98179],[-78.60165,38.9646],[-78.55047,39.01806],[-78.5719,39.032],[-78.49516,39.10099],[-78.45987,39.11335],[-78.42729,39.15273],[-78.4037,39.16745],[-78.42632,39.18276],[-78.4249,39.1933],[-78.43869,39.19809],[-78.39967,39.24387],[-78.41942,39.25748],[-78.33928,39.3486],[-78.36687,39.35929],[-78.34321,39.38881],[-78.35992,39.40903],[-78.34672,39.42762],[-78.35323,39.43679],[-78.34655,39.44262],[-78.34709,39.46601],[-77.8283,39.13243],[-77.79266,39.21139],[-77.77137,39.23649],[-77.7701,39.25637],[-77.75838,39.26509],[-77.73841,39.30819],[-77.71952,39.32131],[-77.75438,39.33346]]]}},{"type":"Feature","properties":{"statefp":"55","stusps":"WI","name":"Wisconsin"},"geometry":{"type":"Polygon","coordinates":[[[-90.12057,46.33704],[-90.1187,46.35934],[-90.15837,46.40945],[-90.16742,46.4417],[-90.17835,46.44047],[-90.17833,46.45741],[-90.19079,46.45982],[-90.18883,46.46892],[-90.20421,46.47831],[-90.21664,46.50164],[-90.23092,46.50153],[-90.23124,46.50989],[-90.27255,46.50451],[-90.27694,46.52445],[-90.31655,46.5169],[-90.30944,46.53728],[-90.33223,46.55343],[-90.34353,46.55246],[-90.3394,46.54929],[-90.35068,46.54033],[-90.39326,46.53243],[-90.41839,46.5661],[-89.9571,47.2911],[-90.65466,47.30982],[-91.50018,46.91332],[-92.02029,46.70404],[-92.08949,46.74924],[-92.13789,46.73954],[-92.14869,46.71514],[-92.18909,46.71754],[-92.20519,46.69834],[-92.183,46.69565],[-92.17588,46.68647],[-92.20409,46.66694],[-92.20709,46.65194],[-92.24249,46.64924],[-92.25659,46.65874],[-92.27059,46.65074],[-92.29219,46.66604],[-92.29403,46.07438],[-92.33291,46.0627],[-92.35176,46.01568],[-92.37272,46.0142],[-92.4119,46.02748],[-92.42856,46.02424],[-92.44226,46.01618],[-92.46976,45.97357],[-92.52519,45.98386],[-92.54981,45.96799],[-92.55193,45.95165],[-92.63882,45.93417],[-92.63912,45.92456],[-92.65613,45.92444],[-92.67735,45.90582],[-92.7077,45.8949],[-92.73822,45.86203],[-92.73999,45.84628],[-92.76515,45.83018],[-92.75781,45.80657],[-92.77648,45.79],[-92.78462,45.7642],[-92.80984,45.74417],[-92.86919,45.71757],[-92.88943,45.6412],[-92.88375,45.57548],[-92.82331,45.56093],[-92.77341,45.56824],[-92.74559,45.55302],[-92.72476,45.53862],[-92.72668,45.51446],[-92.68023,45.46434],[-92.65355,45.45535],[-92.64651,45.44034],[-92.65028,45.39877],[-92.70272,45.35847],[-92.69897,45.33637],[-92.70479,45.32653],[-92.762,45.28821],[-92.75192,45.26588],[-92.76026,45.25172],[-92.75171,45.21867],[-92.76391,45.20487],[-92.76681,45.18547],[-92.7524,45.17392],[-92.7522,45.14249],[-92.73958,45.1156],[-92.79266,45.07876],[-92.80312,45.06157],[-92.76206,45.02432],[-92.77123,45.00138],[-92.76945,44.97215],[-92.7546,44.95577],[-92.75065,44.9373],[-92.7587,44.90898],[-92.77457,44.89808],[-92.76341,44.87414],[-92.7695,44.862],[-92.76593,44.83563],[-92.78562,44.79189],[-92.80445,44.77076],[-92.80824,44.75108],[-92.73204,44.71435],[-92.66099,44.6609],[-92.63202,44.64919],[-92.62022,44.63419],[-92.62164,44.61493],[-92.60161,44.61204],[-92.58622,44.60009],[-92.56895,44.60337],[-92.54983,44.5811],[-92.54889,44.56825],[-92.51922,44.57527],[-92.43863,44.55264],[-92.41567,44.56051],[-92.33611,44.554],[-92.31407,44.53801],[-92.291,44.48546],[-92.23086,44.4445],[-92.05649,44.40273],[-92.03815,44.38873],[-91.96681,44.36399],[-91.91863,44.32267],[-91.91357,44.31039],[-91.92461,44.29181],[-91.89639,44.27469],[-91.88704,44.25177],[-91.8927,44.2311],[-91.87516,44.20058],[-91.82917,44.17835],[-91.80806,44.15926],[-91.75175,44.13479],[-91.72155,44.13034],[-91.7106,44.12048],[-91.70749,44.10391],[-91.68153,44.0974],[-91.64787,44.06411],[-91.61049,44.04931],[-91.59207,44.03137],[-91.43927,44.00099],[-91.40601,43.96393],[-91.36664,43.93746],[-91.35743,43.91723],[-91.28414,43.84707],[-91.26243,43.79217],[-91.24413,43.77467],[-91.26846,43.70982],[-91.27325,43.66662],[-91.2624,43.64176],[-91.26875,43.61535],[-91.23186,43.58182],[-91.24318,43.54031],[-91.21735,43.51247],[-91.21604,43.48114],[-91.23337,43.45517],[-91.20314,43.4198],[-91.19767,43.39533],[-91.21477,43.36587],[-91.20396,43.34985],[-91.10724,43.31365],[-91.07371,43.27475],[-91.07265,43.26213],[-91.05792,43.25537],[-91.0664,43.23929],[-91.12217,43.19725],[-91.1462,43.15241],[-91.17793,43.12888],[-91.17946,43.06743],[-91.14593,42.96077],[-91.14479,42.906],[-91.10057,42.88308],[-91.09406,42.83081],[-91.07867,42.82768],[-91.06955,42.76963],[-91.06026,42.76185],[-91.06578,42.75339],[-91.05373,42.73824],[-91.03542,42.73734],[-91.02679,42.72423],[-90.94921,42.68557],[-90.92115,42.68541],[-90.7092,42.63608],[-90.68698,42.59177],[-90.64469,42.54132],[-90.63583,42.51793],[-90.64284,42.50848],[-89.66982,42.50504],[-88.77659,42.49191],[-87.01994,42.4935],[-87.14717,43.37986],[-87.12508,43.67045],[-87.1141,43.73411],[-87.01323,44.13191],[-86.68629,44.881],[-86.49993,45.0808],[-86.24955,45.23613],[-86.75424,45.44361],[-87.10113,45.44423],[-87.17117,45.35254],[-87.31542,45.24066],[-87.40569,45.20197],[-87.44251,45.07643],[-87.65995,45.10751],[-87.6839,45.14413],[-87.7361,45.17224],[-87.74181,45.19747],[-87.7262,45.20939],[-87.72499,45.23214],[-87.71134,45.23996],[-87.71045,45.25932],[-87.6875,45.29805],[-87.64813,45.3394],[-87.65735,45.36875],[-87.69396,45.38989],[-87.7541,45.34944],[-87.83261,45.35225],[-87.85013,45.34043],[-87.86917,45.36605],[-87.87584,45.36502],[-87.87037,45.35627],[-87.88805,45.3547],[-87.87149,45.37155],[-87.87542,45.37937],[-87.84932,45.40387],[-87.8617,45.43447],[-87.81298,45.46416],[-87.79277,45.49997],[-87.80224,45.51306],[-87.80339,45.53827],[-87.83369,45.56156],[-87.82935,45.56878],[-87.79237,45.56305],[-87.78677,45.58283],[-87.7772,45.5885],[-87.78084,45.6146],[-87.79588,45.61885],[-87.82439,45.64771],[-87.82419,45.66204],[-87.78162,45.67328],[-87.78223,45.68305],[-87.80908,45.69972],[-87.81014,45.71023],[-87.85548,45.72694],[-87.86221,45.74502],[-87.8769,45.75438],[-87.96345,45.75822],[-87.98966,45.77202],[-87.98087,45.77698],[-87.99145,45.79539],[-88.07217,45.78008],[-88.09475,45.78576],[-88.10761,45.80304],[-88.13013,45.80971],[-88.13452,45.82246],[-88.06976,45.87294],[-88.10126,45.88228],[-88.10662,45.90221],[-88.09493,45.91532],[-88.10246,45.92155],[-88.12665,45.92179],[-88.14765,45.93743],[-88.17009,45.93949],[-88.19206,45.95265],[-88.2099,45.94422],[-88.23711,45.94828],[-88.24689,45.96353],[-88.29385,45.95094],[-88.32031,45.96366],[-88.32728,45.95496],[-88.33028,45.96583],[-88.3805,45.99177],[-88.41638,45.97509],[-88.45867,45.99951],[-88.48936,45.99137],[-88.51469,46.02002],[-88.56566,46.01568],[-88.58827,46.0051],[-88.60118,46.01777],[-88.61596,45.9879],[-88.67083,45.98855],[-88.66348,45.9927],[-88.67887,46.0136],[-88.71831,46.01318],[-88.72126,46.02222],[-88.73898,46.02746],[-88.75897,46.01963],[-88.77062,46.02556],[-88.7698,46.01894],[-88.78016,46.01539],[-88.77874,46.03169],[-88.79618,46.03371],[-88.79646,46.02361],[-88.81603,46.02059],[-89.09164,46.13845],[-90.12057,46.33704]]]}},{"type":"Feature","properties":{"statefp":"56","stusps":"WY","name":"Wyoming"},"geometry":{"type":"Polygon","coordinates":[[[-104.05325,41.00141],[-104.05788,44.99761],[-105.85698,45.00037],[-105.91315,45.00024],[-105.92817,44.99349],[-106.12621,44.99327],[-107.47601,45.00142],[-109.0807,44.99944],[-109.10323,45.00581],[-110.10578,45.00353],[-110.18322,44.99695],[-110.70448,44.99217],[-110.79012,45.00088],[-111.05456,45.00095],[-111.04393,43.21292],[-111.04681,40.99788],[-104.05325,41.00141]]]}}]}